business_id,subsector
5,Miscellaneous
24,Miscellaneous
48,Sports & Recreation
49,Miscellaneous
50,Miscellaneous
75,Health & Beauty
104,Specialty Food
150,Bars & Nightlife
152,Bars & Nightlife
156,Sports & Recreation
180,General Merchandise
236,Miscellaneous
237,Repair & Maintenance
238,Miscellaneous
253,Fast Food
274,Health & Beauty
289,Miscellaneous
296,Restaurants
324,Fast Food
344,Construction & Contractors
345,Arts & Entertainment
410,Miscellaneous
419,Miscellaneous
434,Miscellaneous
467,Miscellaneous
473,Miscellaneous
483,Health & Beauty
487,Automotive Retail
497,Childcare
502,Restaurants
504,Car Wash & Detailing
522,Bars & Nightlife
536,Restaurants
543,Restaurants
561,Car Wash & Detailing
572,Specialized Healthcare
574,Coffee & Tea
576,Pharmacy
601,Bakery & Desserts
608,Miscellaneous
611,Coffee & Tea
619,Miscellaneous
625,Restaurants
627,Miscellaneous
641,Miscellaneous
649,Coffee & Tea
681,Miscellaneous
699,Bars & Nightlife
713,Miscellaneous
718,Miscellaneous
736,Miscellaneous
737,Miscellaneous
755,Health & Beauty
799,Fast Food
825,Miscellaneous
836,Bakery & Desserts
876,Medical Offices
885,Miscellaneous
891,Miscellaneous
923,Miscellaneous
971,Bars & Nightlife
985,Restaurants
991,Legal Services
1016,Restaurants
1023,Miscellaneous
1024,Health & Beauty
1041,Restaurants
1042,Automotive Retail
1043,Miscellaneous
1049,Miscellaneous
1051,Bakery & Desserts
1063,Miscellaneous
1073,Miscellaneous
1076,Hotels & Motels
1088,Restaurants
1125,Miscellaneous
1152,Miscellaneous
1153,Bars & Nightlife
1155,Miscellaneous
1172,Miscellaneous
1176,Miscellaneous
1180,Miscellaneous
1185,Restaurants
1191,Health & Beauty
1208,Business Services
1223,Miscellaneous
1230,Restaurants
1236,Miscellaneous
1239,Fast Food
1265,Restaurants
1274,Miscellaneous
1324,Miscellaneous
1325,Miscellaneous
1327,Health & Beauty
1332,Arts & Entertainment
1342,Health & Beauty
1343,Bars & Nightlife
1357,Restaurants
1358,Telecommunications
1364,Hotels & Motels
1367,Specialty Retail
1373,Telecommunications
1403,Miscellaneous
1406,Miscellaneous
1408,Miscellaneous
1415,Miscellaneous
1428,Restaurants
1475,Health & Beauty
1491,Automotive Retail
1525,Miscellaneous
1536,Restaurants
1555,Miscellaneous
1567,Miscellaneous
1579,Restaurants
1581,Restaurants
1591,Restaurants
1600,Restaurants
1605,Restaurants
1637,Health & Beauty
1641,Repair & Maintenance
1642,Miscellaneous
1646,Miscellaneous
1652,Pet Services
1676,Telecommunications
1696,Miscellaneous
1733,Events & Venues
1745,Restaurants
1788,Hotels & Motels
1842,Restaurants
1903,Events & Venues
1906,Restaurants
1995,Construction & Contractors
2003,Health & Beauty
2008,Miscellaneous
2010,Hotels & Motels
2016,Coffee & Tea
2017,Miscellaneous
2027,Clothing & Apparel
2039,Medical Offices
2042,Miscellaneous
2054,Coffee & Tea
2059,Bars & Nightlife
2077,Miscellaneous
2080,Pet Services
2098,Miscellaneous
2104,Restaurants
2114,Restaurants
2118,Hotels & Motels
2132,Miscellaneous
2136,Health & Beauty
2174,Pet Services
2176,Miscellaneous
2194,Repair & Maintenance
2213,Miscellaneous
2238,Specialty Food
2259,Medical Offices
2263,Clothing & Apparel
2267,Miscellaneous
2283,Restaurants
2291,Repair & Maintenance
2319,Miscellaneous
2328,Coffee & Tea
2349,Miscellaneous
2369,Consulting
2374,Pet Services
2390,Miscellaneous
2396,Miscellaneous
2399,Telecommunications
2493,Miscellaneous
2495,Miscellaneous
2520,Miscellaneous
2531,Restaurants
2537,Specialty Food
2614,Miscellaneous
2621,Miscellaneous
2622,Bakery & Desserts
2624,Restaurants
2631,Restaurants
2648,Miscellaneous
2654,Health & Beauty
2686,Bakery & Desserts
2692,Health & Beauty
2697,Schools
2707,Bars & Nightlife
2708,Bars & Nightlife
2709,Miscellaneous
2710,Health & Beauty
2724,Telecommunications
2725,Construction & Contractors
2728,Miscellaneous
2733,Miscellaneous
2739,Miscellaneous
2740,Miscellaneous
2749,Financial Services
2751,Repair & Maintenance
2755,Towing & Roadside
2757,Restaurants
2758,Miscellaneous
2761,Restaurants
2782,Bars & Nightlife
2783,Restaurants
2791,Bars & Nightlife
2837,Miscellaneous
2840,Restaurants
2854,Bars & Nightlife
2855,Miscellaneous
2860,Telecommunications
2879,Miscellaneous
2909,Automotive Retail
2958,Hotels & Motels
3001,Arts & Entertainment
3023,Hotels & Motels
3042,Restaurants
3047,Medical Offices
3068,Restaurants
3070,Coffee & Tea
3080,Restaurants
3081,Arts & Entertainment
3082,Miscellaneous
3083,Health & Beauty
3088,Miscellaneous
3147,Bars & Nightlife
3161,Miscellaneous
3166,Miscellaneous
3174,Miscellaneous
3181,Miscellaneous
3189,Miscellaneous
3196,Repair & Maintenance
3198,Medical Offices
3199,Medical Offices
3200,Miscellaneous
3212,Miscellaneous
3224,Miscellaneous
3244,Miscellaneous
3250,Miscellaneous
3257,Coffee & Tea
3261,Clothing & Apparel
3262,Specialty Food
3263,Health & Beauty
3265,Miscellaneous
3266,Specialty Food
3280,Bakery & Desserts
3283,Miscellaneous
3285,Miscellaneous
3290,Miscellaneous
3315,Restaurants
3356,Hotels & Motels
3372,Miscellaneous
3377,Miscellaneous
3378,Miscellaneous
3409,Fast Food
3428,Miscellaneous
3444,Miscellaneous
3449,Mental Health
3451,Repair & Maintenance
3454,Medical Offices
3473,Miscellaneous
3475,Miscellaneous
3489,Coffee & Tea
3505,Miscellaneous
3517,Miscellaneous
3520,Mental Health
3521,Repair & Maintenance
3527,Miscellaneous
3528,Medical Offices
3547,Miscellaneous
3549,Miscellaneous
3552,Plumbing & HVAC
3557,Miscellaneous
3588,Miscellaneous
3602,Miscellaneous
3605,Repair & Maintenance
3632,Miscellaneous
3643,Construction & Contractors
3644,Miscellaneous
3647,Coffee & Tea
3664,Medical Offices
3668,Sports & Recreation
3672,Legal Services
3687,Miscellaneous
3692,Clothing & Apparel
3714,Miscellaneous
3720,Restaurants
3742,Medical Offices
3749,Fast Food
3791,Restaurants
3795,Miscellaneous
3799,Medical Offices
3806,Telecommunications
3808,Miscellaneous
3815,Miscellaneous
3845,Miscellaneous
3851,Restaurants
3864,Construction & Contractors
3874,Mental Health
3877,Restaurants
3878,Medical Offices
3916,Miscellaneous
3922,Bars & Nightlife
3931,Miscellaneous
3941,Miscellaneous
3945,Bars & Nightlife
3966,Miscellaneous
3968,Health & Beauty
3971,Schools
3977,Miscellaneous
3982,Restaurants
3985,Medical Offices
3995,Miscellaneous
4017,Miscellaneous
4019,Medical Offices
4042,Medical Offices
4052,Mental Health
4054,Miscellaneous
4056,Miscellaneous
4057,Miscellaneous
4087,Bakery & Desserts
4098,Miscellaneous
4105,Miscellaneous
4128,Specialized Healthcare
4151,Miscellaneous
4183,Miscellaneous
4200,Miscellaneous
4235,Miscellaneous
4244,Miscellaneous
4249,Restaurants
4258,Sports & Recreation
4290,Towing & Roadside
4316,Medical Offices
4331,Cleaning Services
4337,Miscellaneous
4364,Restaurants
4370,Repair & Maintenance
4380,Miscellaneous
4388,Miscellaneous
4391,Landscaping
4435,Specialty Retail
4474,Miscellaneous
4486,Miscellaneous
4512,Medical Offices
4539,Miscellaneous
4572,Construction & Contractors
4574,Medical Offices
4577,Restaurants
4581,Miscellaneous
4595,Financial Services
4604,Medical Offices
4632,Medical Offices
4644,Health & Beauty
4657,Legal Services
4661,Miscellaneous
4680,Miscellaneous
4693,Coffee & Tea
4719,Restaurants
4739,Fitness & Recreation
4749,Miscellaneous
4757,Restaurants
4788,Miscellaneous
4790,Miscellaneous
4793,Miscellaneous
4794,Miscellaneous
4800,Clothing & Apparel
4806,Miscellaneous
4808,Home & Garden
4810,Miscellaneous
4836,Restaurants
4841,Restaurants
4852,Bars & Nightlife
4860,Medical Offices
4862,Construction & Contractors
4874,Miscellaneous
4891,Miscellaneous
4913,Repair & Maintenance
4914,Telecommunications
4926,Miscellaneous
4934,Miscellaneous
4937,Legal Services
4941,Miscellaneous
4942,Miscellaneous
4963,Miscellaneous
4965,Specialty Food
4966,Telecommunications
4973,Miscellaneous
4977,Miscellaneous
4980,Restaurants
5025,Miscellaneous
5036,Miscellaneous
5049,Miscellaneous
5066,Health & Beauty
5072,Miscellaneous
5081,Miscellaneous
5107,Construction & Contractors
5111,Miscellaneous
5113,Health & Beauty
5123,Miscellaneous
5130,Clothing & Apparel
5138,Miscellaneous
5151,Miscellaneous
5179,Miscellaneous
5180,Miscellaneous
5189,Miscellaneous
5196,Miscellaneous
5211,Medical Offices
5212,Miscellaneous
5230,Miscellaneous
5247,Medical Offices
5250,Real Estate
5275,Miscellaneous
5290,Specialty Retail
5291,Home & Garden
5307,Financial Services
5309,Health & Beauty
5322,Miscellaneous
5359,Restaurants
5371,Miscellaneous
5375,Miscellaneous
5383,Restaurants
5394,Miscellaneous
5471,Miscellaneous
5478,Miscellaneous
5502,Medical Offices
5514,Telecommunications
5526,Medical Offices
5567,Schools
5573,Miscellaneous
5598,Miscellaneous
5603,Fast Food
5614,Miscellaneous
5615,Business Services
5640,Cleaning Services
5663,Schools
5672,Miscellaneous
5683,Repair & Maintenance
5712,Repair & Maintenance
5736,Miscellaneous
5760,Repair & Maintenance
5768,Fitness & Recreation
5775,Medical Offices
5779,Miscellaneous
5791,Financial Services
5793,Miscellaneous
5823,Automotive Retail
5829,Miscellaneous
5834,Coffee & Tea
5854,Restaurants
5859,Miscellaneous
5867,Miscellaneous
5875,Miscellaneous
5880,Real Estate
5883,Home & Garden
5942,Bars & Nightlife
5944,Miscellaneous
5968,Clothing & Apparel
5971,Restaurants
5972,Financial Services
6006,Financial Services
6007,Miscellaneous
6009,Plumbing & HVAC
6018,Sports & Recreation
6034,Health & Beauty
6074,Miscellaneous
6079,Miscellaneous
6084,Miscellaneous
6102,Miscellaneous
6118,Real Estate
6127,Telecommunications
6135,Telecommunications
6138,Miscellaneous
6146,Miscellaneous
6150,Miscellaneous
6161,Coffee & Tea
6168,Restaurants
6181,Restaurants
6217,Miscellaneous
6221,Childcare
6234,Medical Offices
6245,Restaurants
6249,Construction & Contractors
6250,Plumbing & HVAC
6256,Health & Beauty
6265,Telecommunications
6279,Restaurants
6287,Miscellaneous
6298,Miscellaneous
6299,Restaurants
6308,Fast Food
6310,Miscellaneous
6311,Bars & Nightlife
6319,Miscellaneous
6329,Health & Beauty
6338,Miscellaneous
6341,Miscellaneous
6373,Legal Services
6385,Medical Offices
6391,Coffee & Tea
6429,Miscellaneous
6515,Miscellaneous
6531,Miscellaneous
6552,Miscellaneous
6563,Miscellaneous
6582,Miscellaneous
6583,Mental Health
6611,Miscellaneous
6638,Restaurants
6642,Restaurants
6647,Miscellaneous
6658,Cleaning Services
6659,Miscellaneous
6664,Miscellaneous
6669,Miscellaneous
6706,Miscellaneous
6729,Health & Beauty
6748,Financial Services
6753,Health & Beauty
6761,Miscellaneous
6781,Fast Food
6796,Miscellaneous
6799,Bars & Nightlife
6804,Miscellaneous
6857,Medical Offices
6877,Miscellaneous
6935,Fitness & Recreation
6938,Pharmacy
6943,Restaurants
6948,Repair & Maintenance
6952,Miscellaneous
6959,Health & Beauty
6993,Fitness & Recreation
7005,Medical Offices
7016,Miscellaneous
7017,Miscellaneous
7035,Miscellaneous
7055,Miscellaneous
7065,Miscellaneous
7074,Financial Services
7080,Miscellaneous
7081,Medical Offices
7084,Telecommunications
7114,Miscellaneous
7123,Health & Beauty
7137,Restaurants
7163,Schools
7164,Miscellaneous
7166,Car Wash & Detailing
7170,Restaurants
7172,Miscellaneous
7197,Medical Offices
7210,Financial Services
7227,Miscellaneous
7265,Events & Venues
7266,Miscellaneous
7287,Miscellaneous
7297,Real Estate
7306,Miscellaneous
7314,Restaurants
7364,Pharmacy
7388,Repair & Maintenance
7396,Fitness & Recreation
7398,Miscellaneous
7423,Miscellaneous
7437,Clothing & Apparel
7444,Miscellaneous
7447,Miscellaneous
7484,Miscellaneous
7498,Miscellaneous
7504,Miscellaneous
7513,Medical Offices
7517,Medical Offices
7525,Miscellaneous
7531,Miscellaneous
7532,Miscellaneous
7571,Miscellaneous
7576,Restaurants
7586,Medical Offices
7604,Clothing & Apparel
7624,Home & Garden
7630,Restaurants
7675,Miscellaneous
7682,Pet Services
7689,Restaurants
7691,Health & Beauty
7692,Telecommunications
7704,Miscellaneous
7735,Miscellaneous
7740,Restaurants
7744,Clothing & Apparel
7745,Medical Offices
7752,Bakery & Desserts
7772,Telecommunications
7786,Miscellaneous
7797,Health & Beauty
7808,Miscellaneous
7815,Automotive Retail
7831,Repair & Maintenance
7857,Financial Services
7877,Specialty Food
7895,Miscellaneous
7928,Miscellaneous
7933,Fitness & Recreation
7940,Miscellaneous
7959,Miscellaneous
7974,Miscellaneous
7975,Miscellaneous
8006,Miscellaneous
8039,Miscellaneous
8090,Specialized Healthcare
8121,Miscellaneous
8126,Repair & Maintenance
8135,Restaurants
8138,Health & Beauty
8144,Mental Health
8149,Financial Services
8157,Restaurants
8231,Miscellaneous
8233,Miscellaneous
8277,Miscellaneous
8282,Miscellaneous
8302,Specialty Retail
8303,Fitness & Recreation
8309,IT Services
8323,Restaurants
8337,Bars & Nightlife
8341,Health & Beauty
8343,Miscellaneous
8399,Miscellaneous
8423,Legal Services
8432,Repair & Maintenance
8437,Miscellaneous
8484,Miscellaneous
8508,Medical Offices
8523,Fast Food
8533,Real Estate
8536,Miscellaneous
8609,Specialized Healthcare
8617,Hotels & Motels
8622,Miscellaneous
8638,Medical Offices
8659,Fitness & Recreation
8705,Clothing & Apparel
8711,Medical Offices
8714,Financial Services
8719,Repair & Maintenance
8727,Medical Offices
8746,Miscellaneous
8765,Miscellaneous
8766,Miscellaneous
8786,Miscellaneous
8828,Miscellaneous
8839,Miscellaneous
8841,Miscellaneous
8859,Miscellaneous
8860,Restaurants
8863,Miscellaneous
8866,Miscellaneous
8868,Construction & Contractors
8877,Restaurants
8887,Miscellaneous
8910,Miscellaneous
8988,Miscellaneous
8993,Miscellaneous
9008,Miscellaneous
9070,Financial Services
9075,Miscellaneous
9089,Automotive Retail
9093,Restaurants
9094,Miscellaneous
9099,Restaurants
9102,Plumbing & HVAC
9114,Fast Food
9122,Miscellaneous
9148,Miscellaneous
9150,Miscellaneous
9151,Restaurants
9160,Restaurants
9173,Miscellaneous
9192,Fitness & Recreation
9203,Miscellaneous
9210,Restaurants
9228,Financial Services
9231,Coffee & Tea
9236,Bars & Nightlife
9245,Miscellaneous
9259,Specialty Food
9274,Miscellaneous
9292,Miscellaneous
9328,Miscellaneous
9354,Miscellaneous
9363,Health & Beauty
9372,Miscellaneous
9379,Medical Offices
9383,Miscellaneous
9399,Miscellaneous
9408,Health & Beauty
9409,Miscellaneous
9411,Miscellaneous
9416,Medical Offices
9431,Fitness & Recreation
9434,Miscellaneous
9443,Miscellaneous
9446,Miscellaneous
9469,Miscellaneous
9472,Mental Health
9481,Miscellaneous
9484,Miscellaneous
9487,Miscellaneous
9491,Telecommunications
9513,Miscellaneous
9545,Automotive Retail
9552,Miscellaneous
9575,Specialty Food
9593,Miscellaneous
9605,Specialized Healthcare
9686,Miscellaneous
9716,Construction & Contractors
9723,Coffee & Tea
9724,Health & Beauty
9729,Fast Food
9740,Repair & Maintenance
9755,Restaurants
9763,Health & Beauty
9793,Real Estate
9794,Miscellaneous
9809,Miscellaneous
9823,Miscellaneous
9834,Miscellaneous
9842,Miscellaneous
9884,Specialty Retail
9885,Home & Garden
9907,Miscellaneous
9909,Miscellaneous
9942,Miscellaneous
9943,Financial Services
9945,Miscellaneous
9986,Events & Venues
9989,Business Services
10000,Health & Beauty
10004,Clothing & Apparel
10016,Bars & Nightlife
10019,Health & Beauty
10024,Miscellaneous
10053,Miscellaneous
10055,Miscellaneous
10064,Restaurants
10110,Restaurants
10170,Bars & Nightlife
10174,Restaurants
10186,Miscellaneous
10201,Medical Offices
10224,Miscellaneous
10252,Hotels & Motels
10271,Miscellaneous
10278,Bars & Nightlife
10309,Miscellaneous
10317,Miscellaneous
10328,Miscellaneous
10342,Miscellaneous
10343,Events & Venues
10375,Miscellaneous
10379,Miscellaneous
10396,Miscellaneous
10404,Financial Services
10410,Miscellaneous
10438,Miscellaneous
10440,Restaurants
10454,Electrical
10465,Miscellaneous
10466,Miscellaneous
10470,Bakery & Desserts
10486,Medical Offices
10490,Fast Food
10495,Financial Services
10496,Repair & Maintenance
10498,Restaurants
10525,Miscellaneous
10536,Miscellaneous
10551,Miscellaneous
10570,Miscellaneous
10571,Miscellaneous
10610,Restaurants
10613,Miscellaneous
10650,Miscellaneous
10701,Fitness & Recreation
10704,Restaurants
10705,Miscellaneous
10718,Medical Offices
10732,Health & Beauty
10749,Bars & Nightlife
10785,Miscellaneous
10813,Miscellaneous
10814,Bars & Nightlife
10815,Repair & Maintenance
10827,Miscellaneous
10831,Car Wash & Detailing
10845,Specialty Retail
10846,Miscellaneous
10851,Miscellaneous
10855,Miscellaneous
10856,Bars & Nightlife
10861,Health & Beauty
10865,Specialty Food
10894,Miscellaneous
10899,Bars & Nightlife
10902,Restaurants
10907,Restaurants
10910,Miscellaneous
10913,Miscellaneous
10924,Miscellaneous
10925,Miscellaneous
10934,Fitness & Recreation
10981,Miscellaneous
10986,Miscellaneous
10989,Coffee & Tea
10990,Sports & Recreation
11045,Clothing & Apparel
11055,Miscellaneous
11068,Clothing & Apparel
11070,Health & Beauty
11077,Miscellaneous
11082,Childcare
11090,Home & Garden
11091,Bakery & Desserts
11112,Bars & Nightlife
11165,Clothing & Apparel
11174,Automotive Retail
11183,Financial Services
11199,Miscellaneous
11243,Miscellaneous
11247,Miscellaneous
11249,Pet Services
11267,Miscellaneous
11274,Miscellaneous
11280,Miscellaneous
11291,Miscellaneous
11311,Miscellaneous
11329,Health & Beauty
11331,Miscellaneous
11344,Coffee & Tea
11348,Miscellaneous
11349,Restaurants
11354,Restaurants
11356,Miscellaneous
11397,Schools
11405,Clothing & Apparel
11406,Miscellaneous
11430,Medical Offices
11445,Clothing & Apparel
11462,Miscellaneous
11463,Miscellaneous
11464,Fitness & Recreation
11468,Legal Services
11474,Repair & Maintenance
11478,Miscellaneous
11480,Miscellaneous
11498,Miscellaneous
11506,Health & Beauty
11537,Specialty Retail
11564,Fast Food
11565,Home & Garden
11568,Miscellaneous
11569,Miscellaneous
11575,Health & Beauty
11605,Business Services
11633,Health & Beauty
11637,Miscellaneous
11640,Pet Services
11642,Coffee & Tea
11660,Restaurants
11681,Repair & Maintenance
11700,Real Estate
11706,Miscellaneous
11711,Miscellaneous
11724,Restaurants
11731,Coffee & Tea
11733,Miscellaneous
11742,Construction & Contractors
11749,Hotels & Motels
11760,Miscellaneous
11773,Miscellaneous
11787,Miscellaneous
11795,Restaurants
11815,Miscellaneous
11844,Miscellaneous
11846,Repair & Maintenance
11850,Miscellaneous
11856,Repair & Maintenance
11857,Miscellaneous
11858,Sports & Recreation
11870,Specialty Food
11880,Miscellaneous
11881,Miscellaneous
11907,Miscellaneous
11919,Miscellaneous
11955,Miscellaneous
11968,Miscellaneous
11988,Coffee & Tea
12007,Restaurants
12009,Miscellaneous
12011,Miscellaneous
12015,Miscellaneous
12035,Restaurants
12037,Specialty Food
12048,Miscellaneous
12067,Repair & Maintenance
12071,Miscellaneous
12074,Business Services
12077,Plumbing & HVAC
12088,Home & Garden
12090,Miscellaneous
12112,Miscellaneous
12134,Financial Services
12151,Miscellaneous
12167,Fast Food
12171,Miscellaneous
12209,Specialized Healthcare
12212,Restaurants
12246,Specialty Retail
12254,Miscellaneous
12267,Medical Offices
12275,Miscellaneous
12288,Sports & Recreation
12299,Automotive Retail
12344,Miscellaneous
12356,Bars & Nightlife
12359,Miscellaneous
12362,Bars & Nightlife
12365,Miscellaneous
12376,Restaurants
12390,Miscellaneous
12392,Miscellaneous
12426,Financial Services
12432,Bars & Nightlife
12433,Clothing & Apparel
12434,Miscellaneous
12438,Restaurants
12439,Financial Services
12455,Miscellaneous
12458,Miscellaneous
12466,Miscellaneous
12477,Miscellaneous
12484,Automotive Retail
12512,Restaurants
12540,Coffee & Tea
12550,Miscellaneous
12582,Landscaping
12583,Automotive Retail
12615,Medical Offices
12644,Restaurants
12646,Medical Offices
12661,Specialty Food
12663,Miscellaneous
12680,Telecommunications
12681,Miscellaneous
12703,Miscellaneous
12705,Real Estate
12710,Health & Beauty
12716,Tutoring
12722,Restaurants
12733,Legal Services
12737,Miscellaneous
12765,Construction & Contractors
12785,Miscellaneous
12786,Miscellaneous
12787,Car Wash & Detailing
12791,Miscellaneous
12802,Miscellaneous
12807,Coffee & Tea
12819,Restaurants
12836,Clothing & Apparel
12839,Fitness & Recreation
12848,Restaurants
12889,Health & Beauty
12902,Construction & Contractors
12909,Business Services
12949,Financial Services
12968,Health & Beauty
12991,Restaurants
13014,Automotive Retail
13047,Miscellaneous
13078,Bars & Nightlife
13080,Miscellaneous
13102,Health & Beauty
13117,Cleaning Services
13122,Restaurants
13165,Health & Beauty
13185,Miscellaneous
13204,Health & Beauty
13210,Bars & Nightlife
13220,Automotive Retail
13225,Miscellaneous
13231,Miscellaneous
13234,Business Services
13238,Miscellaneous
13274,Repair & Maintenance
13310,Health & Beauty
13317,Health & Beauty
13320,Clothing & Apparel
13324,Bars & Nightlife
13390,Restaurants
13399,Miscellaneous
13410,Miscellaneous
13500,Miscellaneous
13563,Miscellaneous
13571,Miscellaneous
13574,Miscellaneous
13596,Miscellaneous
13605,Car Wash & Detailing
13628,Specialty Food
13649,Pet Services
13655,Fitness & Recreation
13656,Fast Food
13715,Miscellaneous
13720,Restaurants
13732,Clothing & Apparel
13765,Restaurants
13768,Automotive Retail
13797,Sports & Recreation
13800,Miscellaneous
13820,Travel Services
13822,Miscellaneous
13826,Medical Offices
13847,Miscellaneous
13850,Clothing & Apparel
13853,Health & Beauty
13854,Repair & Maintenance
13882,Business Services
13917,Restaurants
13923,Telecommunications
13935,Health & Beauty
13957,Miscellaneous
13962,Coffee & Tea
13968,Miscellaneous
14006,Clothing & Apparel
14013,Automotive Retail
14015,Automotive Retail
14051,Health & Beauty
14096,Miscellaneous
14098,Childcare
14100,Business Services
14126,Specialty Food
14159,Miscellaneous
14160,Miscellaneous
14206,Pharmacy
14209,Restaurants
14229,Restaurants
14243,Medical Offices
14254,Miscellaneous
14261,Miscellaneous
14263,Miscellaneous
14289,Miscellaneous
14290,Restaurants
14304,Bakery & Desserts
14323,Hotels & Motels
14330,Specialty Food
14337,Miscellaneous
14342,Telecommunications
14369,Miscellaneous
14423,IT Services
14431,Miscellaneous
14442,Cleaning Services
14450,Miscellaneous
14458,Coffee & Tea
14462,Miscellaneous
14465,Miscellaneous
14469,Miscellaneous
14473,Miscellaneous
14487,Automotive Retail
14502,Car Wash & Detailing
14508,Bars & Nightlife
14509,Specialty Food
14514,Miscellaneous
14519,Restaurants
14521,Hotels & Motels
14531,Miscellaneous
14547,Telecommunications
14585,Arts & Entertainment
14586,Restaurants
14590,Miscellaneous
14607,Miscellaneous
14608,Coffee & Tea
14610,Bars & Nightlife
14621,Miscellaneous
14654,Home & Garden
14682,Miscellaneous
14684,Restaurants
14694,Automotive Retail
14696,Arts & Entertainment
14726,Miscellaneous
14730,Miscellaneous
14785,Miscellaneous
14801,Miscellaneous
14823,Miscellaneous
14824,Miscellaneous
14875,Miscellaneous
14876,Miscellaneous
14912,Events & Venues
14914,Coffee & Tea
14929,Restaurants
14940,Repair & Maintenance
14941,Repair & Maintenance
14942,Repair & Maintenance
14947,Fitness & Recreation
14969,Restaurants
14980,Health & Beauty
14981,Restaurants
14983,Miscellaneous
14991,Financial Services
15009,Plumbing & HVAC
15037,Miscellaneous
15043,Miscellaneous
15048,Specialty Food
15051,Specialty Retail
15054,Miscellaneous
15056,Bars & Nightlife
15057,Bars & Nightlife
15078,Clothing & Apparel
15114,Miscellaneous
15118,Miscellaneous
15120,Sports & Recreation
15121,Health & Beauty
15129,Miscellaneous
15138,Health & Beauty
15153,Miscellaneous
15167,Bakery & Desserts
15168,Miscellaneous
15177,Bars & Nightlife
15182,Coffee & Tea
15190,Bars & Nightlife
15200,Restaurants
15212,Miscellaneous
15230,Specialty Food
15241,Miscellaneous
15267,Miscellaneous
15281,Miscellaneous
15282,Restaurants
15284,Automotive Retail
15304,Home & Garden
15307,Bars & Nightlife
15311,Repair & Maintenance
15315,Health & Beauty
15323,Health & Beauty
15333,Restaurants
15334,Coffee & Tea
15357,Miscellaneous
15404,Hotels & Motels
15450,Arts & Entertainment
15453,Miscellaneous
15454,Coffee & Tea
15456,Miscellaneous
15463,Miscellaneous
15478,Miscellaneous
15479,Miscellaneous
15499,Miscellaneous
15527,Automotive Retail
15591,Miscellaneous
15605,Miscellaneous
15607,Construction & Contractors
15610,Dry Cleaning & Laundry
15618,Miscellaneous
15619,Automotive Retail
15659,Restaurants
15660,Miscellaneous
15681,Sports & Recreation
15688,Restaurants
15710,Restaurants
15717,Miscellaneous
15723,Miscellaneous
15725,Coffee & Tea
15745,Miscellaneous
15798,Construction & Contractors
15805,Restaurants
15806,Restaurants
15809,Miscellaneous
15810,Telecommunications
15833,Miscellaneous
15844,Miscellaneous
15849,Pet Services
15881,Health & Beauty
15888,Clothing & Apparel
15894,Coffee & Tea
15897,Health & Beauty
15911,Miscellaneous
15942,Miscellaneous
15951,Miscellaneous
15980,Miscellaneous
15981,Miscellaneous
15998,Miscellaneous
16000,Health & Beauty
16042,Cleaning Services
16060,Miscellaneous
16061,Miscellaneous
16062,Miscellaneous
16063,Miscellaneous
16080,Restaurants
16095,Restaurants
16107,Miscellaneous
16135,Restaurants
16136,Coffee & Tea
16148,Miscellaneous
16164,Miscellaneous
16177,Miscellaneous
16181,Miscellaneous
16184,Telecommunications
16193,Miscellaneous
16231,Bars & Nightlife
16241,Restaurants
16247,Fitness & Recreation
16280,Miscellaneous
16281,Miscellaneous
16282,Restaurants
16288,Miscellaneous
16300,Miscellaneous
16302,Restaurants
16303,Restaurants
16304,Miscellaneous
16318,Construction & Contractors
16322,Bakery & Desserts
16327,Construction & Contractors
16343,Miscellaneous
16344,Restaurants
16362,Restaurants
16386,Fitness & Recreation
16387,Restaurants
16388,Bakery & Desserts
16396,Health & Beauty
16450,Miscellaneous
16458,Miscellaneous
16498,Real Estate
16501,Financial Services
16503,Miscellaneous
16504,Miscellaneous
16520,Miscellaneous
16521,Restaurants
16522,Miscellaneous
16527,Restaurants
16543,Miscellaneous
16571,Health & Beauty
16590,Restaurants
16595,Miscellaneous
16596,Cleaning Services
16602,Medical Offices
16603,Specialty Food
16604,Bars & Nightlife
16620,Arts & Entertainment
16621,Miscellaneous
16624,Miscellaneous
16648,Cleaning Services
16672,Miscellaneous
16683,Miscellaneous
16699,Miscellaneous
16713,Miscellaneous
16716,Restaurants
16737,Miscellaneous
16740,Pet Services
16748,Miscellaneous
16760,Home & Garden
16761,Miscellaneous
16806,Miscellaneous
16831,Miscellaneous
16870,Miscellaneous
16877,Bars & Nightlife
16928,Arts & Entertainment
16934,Miscellaneous
16947,Car Wash & Detailing
16967,Miscellaneous
16988,Miscellaneous
16991,Bakery & Desserts
17013,Health & Beauty
17020,Miscellaneous
17026,Clothing & Apparel
17030,Miscellaneous
17039,Miscellaneous
17041,Miscellaneous
17047,Miscellaneous
17067,Specialty Food
17072,Miscellaneous
17079,Repair & Maintenance
17087,Bars & Nightlife
17089,Miscellaneous
17107,Miscellaneous
17108,Restaurants
17127,Restaurants
17145,Bars & Nightlife
17153,Restaurants
17177,Restaurants
17206,Restaurants
17207,Miscellaneous
17210,Bars & Nightlife
17218,Specialized Healthcare
17231,Bars & Nightlife
17263,Restaurants
17275,Miscellaneous
17304,Miscellaneous
17305,Health & Beauty
17308,Specialty Food
17324,Miscellaneous
17367,Miscellaneous
17388,Hotels & Motels
17396,Miscellaneous
17397,Pet Services
17403,Miscellaneous
17450,Financial Services
17452,Restaurants
17455,Restaurants
17465,Restaurants
17467,Bars & Nightlife
17477,Miscellaneous
17490,Miscellaneous
17492,Bars & Nightlife
17499,Restaurants
17509,Miscellaneous
17529,Real Estate
17534,Miscellaneous
17549,Miscellaneous
17554,Miscellaneous
17562,Miscellaneous
17567,Restaurants
17583,Miscellaneous
17587,Health & Beauty
17600,Miscellaneous
17602,Restaurants
17607,Financial Services
17611,Repair & Maintenance
17647,Restaurants
17650,Restaurants
17651,Miscellaneous
17690,Miscellaneous
17697,Schools
17705,Miscellaneous
17715,Restaurants
17716,Miscellaneous
17724,Health & Beauty
17726,Medical Offices
17746,Miscellaneous
17803,Miscellaneous
17809,Restaurants
17835,Specialty Retail
17849,Miscellaneous
17896,Miscellaneous
17902,Miscellaneous
17904,Miscellaneous
17933,Miscellaneous
17940,Miscellaneous
17964,Miscellaneous
17968,Miscellaneous
17969,Health & Beauty
17981,Sports & Recreation
18027,Fitness & Recreation
18049,General Merchandise
18052,Restaurants
18057,Miscellaneous
18061,Miscellaneous
18068,Restaurants
18071,Health & Beauty
18100,Specialty Food
18102,Restaurants
18105,Miscellaneous
18118,Miscellaneous
18135,Bakery & Desserts
18136,Miscellaneous
18139,Restaurants
18205,Restaurants
18209,Medical Offices
18221,Restaurants
18223,Bakery & Desserts
18232,General Merchandise
18244,Miscellaneous
18246,Bars & Nightlife
18250,Financial Services
18320,Restaurants
18322,Specialty Food
18325,Miscellaneous
18347,Restaurants
18365,Health & Beauty
18393,Automotive Retail
18394,Restaurants
18428,Automotive Retail
18434,Specialty Retail
18451,Miscellaneous
18455,Miscellaneous
18467,Miscellaneous
18480,Restaurants
18516,Fast Food
18520,Hotels & Motels
18521,Telecommunications
18585,Miscellaneous
18586,Business Services
18587,Miscellaneous
18590,Restaurants
18615,Arts & Entertainment
18616,Miscellaneous
18617,Restaurants
18620,Miscellaneous
18636,Bars & Nightlife
18649,General Merchandise
18652,Clothing & Apparel
18661,Specialty Food
18665,Specialty Food
18667,Miscellaneous
18681,Telecommunications
18684,Hotels & Motels
18700,Miscellaneous
18720,Restaurants
18721,Miscellaneous
18729,Hotels & Motels
18730,Miscellaneous
18733,Miscellaneous
18737,Car Wash & Detailing
18738,Miscellaneous
18742,Restaurants
18743,Bars & Nightlife
18749,Towing & Roadside
18755,Alternative Lodging
18760,Fast Food
18771,Clothing & Apparel
18777,Medical Offices
18779,Coffee & Tea
18780,Miscellaneous
18781,Car Wash & Detailing
18784,Restaurants
18786,Miscellaneous
18788,Miscellaneous
18793,Miscellaneous
18797,Medical Offices
18801,Home & Garden
18827,Miscellaneous
18830,Miscellaneous
18831,Restaurants
18840,Clothing & Apparel
18841,Specialty Retail
18842,Automotive Retail
18843,Arts & Entertainment
18844,Miscellaneous
18845,General Merchandise
18846,Repair & Maintenance
18870,Bars & Nightlife
18885,Dry Cleaning & Laundry
18915,Restaurants
18917,Miscellaneous
18921,Restaurants
18925,Miscellaneous
18939,Bars & Nightlife
18944,Miscellaneous
18957,Miscellaneous
18966,Miscellaneous
18969,Health & Beauty
18975,Miscellaneous
18988,Bars & Nightlife
18990,Pet Services
18991,Restaurants
19031,Miscellaneous
19045,Miscellaneous
19046,Clothing & Apparel
19049,Health & Beauty
19114,Miscellaneous
19115,Financial Services
19125,Repair & Maintenance
19129,Miscellaneous
19136,Miscellaneous
19137,Miscellaneous
19230,Financial Services
19239,Health & Beauty
19268,Medical Offices
19276,Clothing & Apparel
19278,Business Services
19285,Medical Offices
19292,Miscellaneous
19325,Miscellaneous
19326,Miscellaneous
19345,General Merchandise
19364,Miscellaneous
19370,Miscellaneous
19371,Specialty Retail
19392,Restaurants
19406,Miscellaneous
19428,Health & Beauty
19453,Specialty Retail
19457,Miscellaneous
19464,Bars & Nightlife
19479,Specialty Food
19485,Miscellaneous
19490,Automotive Retail
19494,Financial Services
19508,Cleaning Services
19527,Specialty Retail
19528,Miscellaneous
19561,Restaurants
19575,Restaurants
19593,Financial Services
19601,Repair & Maintenance
19628,Miscellaneous
19633,Medical Offices
19634,Repair & Maintenance
19675,Miscellaneous
19692,Automotive Retail
19715,Miscellaneous
19726,Miscellaneous
19761,Health & Beauty
19762,Miscellaneous
19763,Real Estate
19770,Real Estate
19776,Miscellaneous
19798,Financial Services
19801,Business Services
19830,Automotive Retail
19839,Miscellaneous
19844,Miscellaneous
19865,Clothing & Apparel
19895,Travel Services
19900,Miscellaneous
19917,Clothing & Apparel
19929,Medical Offices
19931,Bars & Nightlife
19945,Miscellaneous
19992,Health & Beauty
19996,Fitness & Recreation
20000,Miscellaneous
20001,Miscellaneous
20021,Miscellaneous
20028,Miscellaneous
20049,Bakery & Desserts
20055,Miscellaneous
20062,Miscellaneous
20076,Miscellaneous
20077,Repair & Maintenance
20079,Miscellaneous
20087,Plumbing & HVAC
20117,Miscellaneous
20126,Pharmacy
20137,Construction & Contractors
20154,Restaurants
20159,Repair & Maintenance
20164,Mental Health
20168,Schools
20171,Miscellaneous
20188,Specialty Food
20215,Financial Services
20221,Legal Services
20264,Health & Beauty
20278,Health & Beauty
20290,Health & Beauty
20296,Miscellaneous
20301,Miscellaneous
20320,Health & Beauty
20367,Health & Beauty
20372,Restaurants
20379,Miscellaneous
20390,Miscellaneous
20416,Legal Services
20437,Miscellaneous
20442,Real Estate
20456,Miscellaneous
20473,Real Estate
20476,Health & Beauty
20481,Clothing & Apparel
20524,Real Estate
20533,Miscellaneous
20534,Schools
20543,Fitness & Recreation
20570,Miscellaneous
20572,Legal Services
20580,Coffee & Tea
20595,Miscellaneous
20609,Bars & Nightlife
20614,Pet Services
20618,Miscellaneous
20629,Medical Offices
20643,Miscellaneous
20658,Arts & Entertainment
20669,Health & Beauty
20672,Specialty Food
20679,Schools
20682,Bars & Nightlife
20686,Miscellaneous
20693,Clothing & Apparel
20705,Financial Services
20712,Restaurants
20716,Miscellaneous
20724,Miscellaneous
20740,Health & Beauty
20773,Miscellaneous
20791,Miscellaneous
20793,Medical Offices
20799,Miscellaneous
20831,Miscellaneous
20834,Miscellaneous
20864,Miscellaneous
20869,Miscellaneous
20887,Miscellaneous
20893,Pharmacy
20909,Tutoring
20916,Health & Beauty
20918,Miscellaneous
20925,Miscellaneous
20932,Specialty Retail
20937,Health & Beauty
20941,Coffee & Tea
20944,Restaurants
20962,Financial Services
20969,Repair & Maintenance
20977,Fitness & Recreation
20982,Miscellaneous
20985,Plumbing & HVAC
20987,Miscellaneous
21024,Miscellaneous
21028,Coffee & Tea
21029,Miscellaneous
21038,Home & Garden
21051,Health & Beauty
21058,Repair & Maintenance
21066,Miscellaneous
21069,Consulting
21090,Financial Services
21102,Health & Beauty
21114,Miscellaneous
21126,Restaurants
21137,Restaurants
21138,Miscellaneous
21145,Miscellaneous
21160,Health & Beauty
21163,Travel Services
21181,Miscellaneous
21184,Miscellaneous
21206,Miscellaneous
21223,Fitness & Recreation
21224,Miscellaneous
21242,Construction & Contractors
21246,Miscellaneous
21277,Miscellaneous
21299,Miscellaneous
21300,Cleaning Services
21309,Miscellaneous
21311,Miscellaneous
21312,Financial Services
21317,Restaurants
21320,Miscellaneous
21323,Automotive Retail
21328,Repair & Maintenance
21351,Miscellaneous
21370,Miscellaneous
21385,Miscellaneous
21413,Miscellaneous
21415,Legal Services
21417,Restaurants
21418,General Merchandise
21428,Miscellaneous
21432,Restaurants
21438,Pet Services
21451,Health & Beauty
21465,Restaurants
21485,Restaurants
21497,Miscellaneous
21498,Restaurants
21513,Bakery & Desserts
21540,Miscellaneous
21552,Fitness & Recreation
21564,Miscellaneous
21568,Specialty Food
21584,Repair & Maintenance
21586,Miscellaneous
21600,Health & Beauty
21618,Miscellaneous
21636,Medical Offices
21641,Automotive Retail
21649,Miscellaneous
21653,Miscellaneous
21666,Miscellaneous
21667,Miscellaneous
21673,Fitness & Recreation
21677,Car Wash & Detailing
21681,Miscellaneous
21683,Health & Beauty
21696,Telecommunications
21706,Financial Services
21711,Specialty Food
21712,Health & Beauty
21736,Automotive Retail
21747,Construction & Contractors
21752,Miscellaneous
21758,Miscellaneous
21775,Miscellaneous
21799,Miscellaneous
21803,Medical Offices
21827,Medical Offices
21829,Miscellaneous
21851,Miscellaneous
21880,Miscellaneous
21903,Medical Offices
21904,Miscellaneous
21943,Miscellaneous
21953,Real Estate
21957,Restaurants
21992,Bars & Nightlife
22000,Restaurants
22010,Mental Health
22011,Fitness & Recreation
22016,Miscellaneous
22025,Miscellaneous
22044,Miscellaneous
22059,Restaurants
22062,Miscellaneous
22064,Miscellaneous
22069,Bars & Nightlife
22072,Miscellaneous
22089,Miscellaneous
22116,Miscellaneous
22122,Miscellaneous
22146,Medical Offices
22155,Miscellaneous
22175,Miscellaneous
22187,Miscellaneous
22202,Specialty Food
22214,Restaurants
22256,Miscellaneous
22257,Medical Offices
22275,Miscellaneous
22276,Miscellaneous
22297,Miscellaneous
22302,Restaurants
22308,Miscellaneous
22334,Health & Beauty
22346,Miscellaneous
22361,Miscellaneous
22369,Restaurants
22373,Miscellaneous
22381,Miscellaneous
22389,Miscellaneous
22394,Health & Beauty
22415,Miscellaneous
22450,Fitness & Recreation
22453,Restaurants
22475,Restaurants
22477,Miscellaneous
22536,Medical Offices
22556,Health & Beauty
22560,Bars & Nightlife
22568,Restaurants
22608,Miscellaneous
22613,Home & Garden
22649,Miscellaneous
22655,Sports & Recreation
22661,Legal Services
22678,Miscellaneous
22716,Arts & Entertainment
22724,Bars & Nightlife
22742,Financial Services
22762,Specialty Food
22764,Arts & Entertainment
22783,Restaurants
22795,Miscellaneous
22805,Miscellaneous
22851,Bars & Nightlife
22863,Repair & Maintenance
22916,Miscellaneous
22920,Bars & Nightlife
22941,Miscellaneous
22953,Miscellaneous
22961,Medical Offices
22978,Restaurants
22986,Schools
22987,Miscellaneous
22996,Miscellaneous
23000,Miscellaneous
23007,Childcare
23017,Health & Beauty
23022,Miscellaneous
23024,Specialty Food
23042,Plumbing & HVAC
23051,Financial Services
23072,Miscellaneous
23084,Miscellaneous
23089,Miscellaneous
23094,Legal Services
23095,Medical Offices
23105,Miscellaneous
23116,Miscellaneous
23136,Restaurants
23138,Miscellaneous
23147,Restaurants
23176,Miscellaneous
23186,Health & Beauty
23189,Telecommunications
23192,Miscellaneous
23193,Miscellaneous
23196,Miscellaneous
23204,Legal Services
23216,Miscellaneous
23224,Health & Beauty
23226,Towing & Roadside
23247,Business Services
23268,Miscellaneous
23286,Miscellaneous
23289,Miscellaneous
23294,Schools
23295,Dry Cleaning & Laundry
23333,Miscellaneous
23335,Miscellaneous
23347,Miscellaneous
23351,Car Wash & Detailing
23381,Specialty Food
23421,Miscellaneous
23425,Miscellaneous
23426,Miscellaneous
23441,Bars & Nightlife
23477,Miscellaneous
23482,Miscellaneous
23487,Fast Food
23535,Miscellaneous
23547,Miscellaneous
23586,Miscellaneous
23605,Miscellaneous
23607,Miscellaneous
23622,Medical Offices
23625,Miscellaneous
23629,Health & Beauty
23684,Specialized Healthcare
23698,Miscellaneous
23704,Miscellaneous
23709,Miscellaneous
23718,Restaurants
23739,Restaurants
23749,Miscellaneous
23797,Specialty Retail
23805,Health & Beauty
23806,Miscellaneous
23816,Miscellaneous
23843,Bars & Nightlife
23845,Miscellaneous
23856,Pet Services
23857,Dry Cleaning & Laundry
23868,Health & Beauty
23922,Consulting
23943,Restaurants
23955,Miscellaneous
23960,Miscellaneous
23980,Clothing & Apparel
23981,Health & Beauty
23985,Miscellaneous
23986,Miscellaneous
24014,Repair & Maintenance
24033,Miscellaneous
24048,Real Estate
24065,Miscellaneous
24080,Miscellaneous
24081,Miscellaneous
24085,Legal Services
24101,Miscellaneous
24121,Specialty Food
24144,Restaurants
24145,Repair & Maintenance
24158,Health & Beauty
24163,Miscellaneous
24164,Health & Beauty
24202,Miscellaneous
24208,Health & Beauty
24228,Specialty Food
24269,General Merchandise
24277,Medical Offices
24279,Miscellaneous
24281,Miscellaneous
24284,Miscellaneous
24285,Sports & Recreation
24286,Medical Offices
24290,Fitness & Recreation
24314,Medical Offices
24365,Repair & Maintenance
24390,Towing & Roadside
24397,Dry Cleaning & Laundry
24408,Coffee & Tea
24436,Legal Services
24437,Miscellaneous
24443,Specialty Food
24449,Health & Beauty
24458,Miscellaneous
24469,Miscellaneous
24470,Miscellaneous
24471,Specialty Food
24483,Financial Services
24504,Miscellaneous
24529,Restaurants
24530,Restaurants
24538,Bakery & Desserts
24554,Miscellaneous
24566,Fitness & Recreation
24597,Pet Services
24617,Health & Beauty
24627,Medical Offices
24630,Restaurants
24631,Health & Beauty
24641,Miscellaneous
24651,Miscellaneous
24655,Repair & Maintenance
24656,Coffee & Tea
24688,Restaurants
24719,Miscellaneous
24721,Miscellaneous
24739,Specialty Food
24740,Telecommunications
24746,Fitness & Recreation
24747,Fitness & Recreation
24763,Specialty Retail
24771,Financial Services
24805,Financial Services
24832,Car Wash & Detailing
24834,Restaurants
24900,Miscellaneous
24907,Events & Venues
24948,Telecommunications
24950,Financial Services
24974,Specialty Food
25004,Restaurants
25033,Miscellaneous
25040,Miscellaneous
25043,Clothing & Apparel
25050,Miscellaneous
25069,Fast Food
25073,Miscellaneous
25080,Miscellaneous
25084,Miscellaneous
25109,Fast Food
25115,Miscellaneous
25149,Restaurants
25154,Miscellaneous
25172,Health & Beauty
25173,Fitness & Recreation
25175,Miscellaneous
25191,Miscellaneous
25195,Miscellaneous
25209,Miscellaneous
25216,Automotive Retail
25225,Dry Cleaning & Laundry
25233,Schools
25240,Health & Beauty
25252,Bars & Nightlife
25256,Business Services
25258,Miscellaneous
25273,Miscellaneous
25277,Miscellaneous
25283,Bars & Nightlife
25284,Fast Food
25286,Miscellaneous
25291,Restaurants
25313,Miscellaneous
25321,Miscellaneous
25346,Restaurants
25351,Restaurants
25360,Miscellaneous
25362,Miscellaneous
25363,Miscellaneous
25410,Bars & Nightlife
25422,Bars & Nightlife
25432,Financial Services
25446,Miscellaneous
25447,Miscellaneous
25455,Bars & Nightlife
25458,Restaurants
25472,Miscellaneous
25483,Miscellaneous
25487,Miscellaneous
25520,Miscellaneous
25521,Restaurants
25523,Arts & Entertainment
25527,Pet Services
25554,Real Estate
25559,Miscellaneous
25562,Miscellaneous
25571,Medical Offices
25594,Fast Food
25598,Towing & Roadside
25633,Miscellaneous
25672,Restaurants
25707,Miscellaneous
25731,Clothing & Apparel
25743,Automotive Retail
25746,Legal Services
25792,Health & Beauty
25800,Home & Garden
25804,Business Services
25807,Health & Beauty
25822,Telecommunications
25823,Fitness & Recreation
25840,Miscellaneous
25863,Schools
25879,Miscellaneous
25905,Miscellaneous
25938,Repair & Maintenance
25943,Miscellaneous
25953,Miscellaneous
25955,Miscellaneous
25966,Miscellaneous
25976,Miscellaneous
25996,Restaurants
26008,Landscaping
26037,Miscellaneous
26063,Miscellaneous
26083,Miscellaneous
26124,Telecommunications
26141,General Merchandise
26158,Health & Beauty
26171,Clothing & Apparel
26172,Restaurants
26174,Coffee & Tea
26191,Miscellaneous
26193,Miscellaneous
26195,Miscellaneous
26212,Restaurants
26215,Miscellaneous
26221,Specialty Food
26229,Miscellaneous
26230,Miscellaneous
26240,Coffee & Tea
26245,Miscellaneous
26262,Health & Beauty
26267,Repair & Maintenance
26279,Miscellaneous
26297,Consulting
26303,Miscellaneous
26324,Telecommunications
26338,Health & Beauty
26339,Miscellaneous
26388,Miscellaneous
26389,Medical Offices
26401,Miscellaneous
26402,Coffee & Tea
26412,Repair & Maintenance
26427,Automotive Retail
26440,Miscellaneous
26443,Health & Beauty
26446,Bars & Nightlife
26450,Restaurants
26465,Miscellaneous
26487,Miscellaneous
26491,Restaurants
26560,Miscellaneous
26562,Health & Beauty
26563,Real Estate
26588,Restaurants
26639,Miscellaneous
26643,Miscellaneous
26669,Miscellaneous
26671,Events & Venues
26675,Restaurants
26695,Specialty Food
26700,Miscellaneous
26721,Miscellaneous
26737,Automotive Retail
26756,Miscellaneous
26767,IT Services
26772,Miscellaneous
26782,Miscellaneous
26796,Miscellaneous
26807,Car Wash & Detailing
26808,Restaurants
26814,Specialty Food
26831,Restaurants
26834,Legal Services
26835,Schools
26836,Miscellaneous
26865,Health & Beauty
26890,Pet Services
26914,Miscellaneous
26929,Restaurants
26942,Travel Services
26999,Miscellaneous
27008,Miscellaneous
27057,Restaurants
27064,Restaurants
27097,Miscellaneous
27102,Restaurants
27103,Miscellaneous
27104,Financial Services
27106,Restaurants
27109,Miscellaneous
27110,Hotels & Motels
27121,Miscellaneous
27122,Miscellaneous
27125,Miscellaneous
27127,Miscellaneous
27130,Miscellaneous
27146,Miscellaneous
27152,Miscellaneous
27161,Miscellaneous
27194,Coffee & Tea
27195,Miscellaneous
27207,Miscellaneous
27224,Legal Services
27229,Bars & Nightlife
27236,Miscellaneous
27249,Schools
27254,Miscellaneous
27255,Construction & Contractors
27256,Real Estate
27260,Bars & Nightlife
27266,Miscellaneous
27270,Health & Beauty
27271,Bakery & Desserts
27304,Miscellaneous
27310,Restaurants
27321,Miscellaneous
27322,Real Estate
27329,Legal Services
27346,Pet Services
27371,Miscellaneous
27379,Restaurants
27388,Bars & Nightlife
27405,Miscellaneous
27415,Specialty Retail
27420,Clothing & Apparel
27437,Clothing & Apparel
27441,Miscellaneous
27452,Repair & Maintenance
27454,Mental Health
27469,Arts & Entertainment
27482,Financial Services
27489,Fast Food
27504,Landscaping
27508,Miscellaneous
27524,Bakery & Desserts
27540,Miscellaneous
27541,Restaurants
27544,Repair & Maintenance
27546,Restaurants
27566,Miscellaneous
27567,Miscellaneous
27597,Restaurants
27606,Restaurants
27610,Miscellaneous
27625,Bars & Nightlife
27626,Miscellaneous
27655,Bars & Nightlife
27669,Bakery & Desserts
27683,Construction & Contractors
27707,Health & Beauty
27723,Health & Beauty
27728,Miscellaneous
27756,Miscellaneous
27763,Financial Services
27768,Miscellaneous
27781,Bars & Nightlife
27783,Hotels & Motels
27791,Miscellaneous
27794,Financial Services
27796,Miscellaneous
27839,Miscellaneous
27872,Fast Food
27889,Miscellaneous
27895,Restaurants
27904,Restaurants
27918,Miscellaneous
27924,Bars & Nightlife
27925,Financial Services
27936,Clothing & Apparel
27939,Specialty Retail
27955,Childcare
27978,Medical Offices
27981,Miscellaneous
27984,Restaurants
28034,Repair & Maintenance
28054,Miscellaneous
28073,Miscellaneous
28092,Miscellaneous
28106,Arts & Entertainment
28125,Miscellaneous
28132,Telecommunications
28135,Sports & Recreation
28139,Telecommunications
28177,Miscellaneous
28185,Miscellaneous
28202,Fitness & Recreation
28203,Miscellaneous
28205,Miscellaneous
28215,Restaurants
28222,Miscellaneous
28242,Miscellaneous
28254,Construction & Contractors
28257,Miscellaneous
28271,Miscellaneous
28275,Miscellaneous
28316,Miscellaneous
28320,Miscellaneous
28327,Automotive Retail
28328,Miscellaneous
28358,Restaurants
28367,Miscellaneous
28378,Specialty Retail
28424,Miscellaneous
28453,Childcare
28455,Miscellaneous
28484,Miscellaneous
28485,Automotive Retail
28510,Miscellaneous
28527,Miscellaneous
28559,General Merchandise
28599,Financial Services
28609,Miscellaneous
28611,Clothing & Apparel
28620,Clothing & Apparel
28633,Health & Beauty
28645,Miscellaneous
28652,Miscellaneous
28659,Coffee & Tea
28663,Travel Services
28667,Miscellaneous
28688,Miscellaneous
28695,Health & Beauty
28719,Miscellaneous
28724,Miscellaneous
28733,Specialty Food
28739,Coffee & Tea
28742,Miscellaneous
28763,Miscellaneous
28770,Telecommunications
28772,Miscellaneous
28799,Bakery & Desserts
28801,Miscellaneous
28802,Restaurants
28804,Miscellaneous
28811,Consulting
28812,Bars & Nightlife
28815,Medical Offices
28822,Miscellaneous
28823,Miscellaneous
28834,Bars & Nightlife
28857,Restaurants
28865,Fitness & Recreation
28884,Automotive Retail
28893,Financial Services
28903,Miscellaneous
28923,Miscellaneous
28928,Miscellaneous
28969,Miscellaneous
28976,Miscellaneous
28993,Miscellaneous
28995,Car Wash & Detailing
29007,Restaurants
29010,Miscellaneous
29015,Miscellaneous
29021,Health & Beauty
29034,Miscellaneous
29037,Miscellaneous
29042,Miscellaneous
29051,Miscellaneous
29065,Restaurants
29075,Sports & Recreation
29082,Cleaning Services
29104,Sports & Recreation
29139,Miscellaneous
29142,Miscellaneous
29145,Miscellaneous
29148,Miscellaneous
29157,Miscellaneous
29177,Miscellaneous
29180,Restaurants
29183,Miscellaneous
29227,Miscellaneous
29240,Miscellaneous
29250,Restaurants
29281,Miscellaneous
29286,Towing & Roadside
29287,Restaurants
29289,Miscellaneous
29292,Miscellaneous
29301,Electrical
29307,Miscellaneous
29405,Restaurants
29406,Miscellaneous
29427,Restaurants
29437,Miscellaneous
29448,Medical Offices
29450,Miscellaneous
29457,Health & Beauty
29458,Fitness & Recreation
29459,Specialty Food
29481,Restaurants
29482,Miscellaneous
29516,Miscellaneous
29519,Restaurants
29520,Miscellaneous
29521,Restaurants
29522,Miscellaneous
29523,Miscellaneous
29524,Consulting
29587,Miscellaneous
29588,Health & Beauty
29595,Restaurants
29614,Pet Services
29632,Miscellaneous
29641,Health & Beauty
29659,Restaurants
29661,Health & Beauty
29676,Bars & Nightlife
29678,Financial Services
29684,Miscellaneous
29688,Bars & Nightlife
29693,Specialty Food
29707,Financial Services
29712,Clothing & Apparel
29750,Specialty Retail
29815,Medical Offices
29837,Miscellaneous
29844,Medical Offices
29846,Bars & Nightlife
29888,Miscellaneous
29890,Restaurants
29909,Miscellaneous
29924,Medical Offices
29942,Restaurants
29944,Business Services
29953,Miscellaneous
29980,Car Wash & Detailing
29996,Health & Beauty
29998,Miscellaneous
30008,Miscellaneous
30014,Miscellaneous
30022,Hotels & Motels
30029,Financial Services
30055,Miscellaneous
30063,Miscellaneous
30069,Miscellaneous
30072,Miscellaneous
30076,Repair & Maintenance
30080,Legal Services
30083,Miscellaneous
30119,Restaurants
30151,Restaurants
30156,Miscellaneous
30173,Health & Beauty
30176,Miscellaneous
30198,Miscellaneous
30207,Restaurants
30208,Restaurants
30234,Clothing & Apparel
30248,Bars & Nightlife
30260,Bars & Nightlife
30270,Bars & Nightlife
30271,Miscellaneous
30372,Miscellaneous
30381,Business Services
30428,Restaurants
30430,Fitness & Recreation
30431,Specialty Retail
30441,Miscellaneous
30453,Coffee & Tea
30460,Bars & Nightlife
30503,Health & Beauty
30507,General Merchandise
30515,Medical Offices
30549,Arts & Entertainment
30555,Fitness & Recreation
30573,Telecommunications
30635,Miscellaneous
30642,Miscellaneous
30653,Miscellaneous
30658,Miscellaneous
30660,Miscellaneous
30688,Miscellaneous
30694,Restaurants
30711,Electrical
30737,Miscellaneous
30753,Fast Food
30769,Miscellaneous
30792,Repair & Maintenance
30802,Miscellaneous
30803,Coffee & Tea
30807,Miscellaneous
30816,Coffee & Tea
30825,Miscellaneous
30829,Miscellaneous
30854,Repair & Maintenance
30864,Miscellaneous
30867,Miscellaneous
30873,Miscellaneous
30874,Miscellaneous
30886,Restaurants
30890,Miscellaneous
30892,Real Estate
30897,Legal Services
30933,Miscellaneous
30973,Miscellaneous
30977,Hotels & Motels
30982,Miscellaneous
30996,Restaurants
31006,Miscellaneous
31011,Repair & Maintenance
31017,Restaurants
31025,Miscellaneous
31055,Restaurants
31057,Repair & Maintenance
31062,Miscellaneous
31063,Bars & Nightlife
31067,Restaurants
31070,Miscellaneous
31080,Miscellaneous
31101,Restaurants
31106,Real Estate
31115,Health & Beauty
31124,Financial Services
31128,Miscellaneous
31152,Fast Food
31153,Health & Beauty
31174,Miscellaneous
31176,Miscellaneous
31186,Miscellaneous
31199,Miscellaneous
31203,Miscellaneous
31206,Specialized Healthcare
31215,Fast Food
31234,Sports & Recreation
31268,Miscellaneous
31281,Miscellaneous
31288,Miscellaneous
31291,Medical Offices
31293,Home & Garden
31294,Specialized Healthcare
31305,Miscellaneous
31316,Miscellaneous
31332,Miscellaneous
31333,Restaurants
31351,Legal Services
31372,Restaurants
31384,IT Services
31390,Miscellaneous
31400,Restaurants
31422,Miscellaneous
31427,Miscellaneous
31443,Miscellaneous
31468,Miscellaneous
31493,Miscellaneous
31506,Miscellaneous
31514,Miscellaneous
31523,Restaurants
31524,Restaurants
31525,Bakery & Desserts
31527,Bars & Nightlife
31530,Fast Food
31545,Coffee & Tea
31561,Specialty Retail
31562,Miscellaneous
31564,Miscellaneous
31573,Miscellaneous
31584,Medical Offices
31585,Miscellaneous
31587,Landscaping
31596,Miscellaneous
31664,Restaurants
31666,Miscellaneous
31682,Health & Beauty
31714,Fitness & Recreation
31748,Restaurants
31749,Miscellaneous
31764,Health & Beauty
31765,Miscellaneous
31774,Restaurants
31783,Miscellaneous
31801,Home & Garden
31817,Clothing & Apparel
31820,Construction & Contractors
31855,Miscellaneous
31890,Automotive Retail
31896,Miscellaneous
31937,IT Services
31938,Financial Services
31939,Bars & Nightlife
31950,Health & Beauty
31990,Health & Beauty
31997,Miscellaneous
32003,Restaurants
32020,Restaurants
32042,Miscellaneous
32049,Miscellaneous
32051,Towing & Roadside
32052,Miscellaneous
32095,Restaurants
32096,Restaurants
32104,Restaurants
32120,Miscellaneous
32131,Miscellaneous
32157,Miscellaneous
32170,Health & Beauty
32172,Health & Beauty
32174,Miscellaneous
32178,Miscellaneous
32180,Miscellaneous
32186,Bars & Nightlife
32197,Pharmacy
32204,Miscellaneous
32220,Miscellaneous
32226,Miscellaneous
32253,Automotive Retail
32309,Dry Cleaning & Laundry
32319,Health & Beauty
32321,Miscellaneous
32323,Financial Services
32324,Miscellaneous
32344,Miscellaneous
32348,Pet Services
32360,Restaurants
32367,Telecommunications
32378,Bakery & Desserts
32389,Miscellaneous
32411,Repair & Maintenance
32418,Miscellaneous
32420,Miscellaneous
32429,Fast Food
32446,Restaurants
32455,Specialty Food
32463,Legal Services
32471,Health & Beauty
32499,Construction & Contractors
32522,Home & Garden
32523,Miscellaneous
32561,Real Estate
32587,Miscellaneous
32588,Miscellaneous
32589,Coffee & Tea
32600,Miscellaneous
32654,Miscellaneous
32658,Miscellaneous
32669,Miscellaneous
32672,Miscellaneous
32680,Financial Services
32693,Business Services
32720,Restaurants
32721,Pet Services
32732,Repair & Maintenance
32756,Restaurants
32758,Miscellaneous
32777,Specialized Healthcare
32778,Restaurants
32787,Miscellaneous
32790,Hotels & Motels
32792,Coffee & Tea
32798,Miscellaneous
32808,Restaurants
32824,Health & Beauty
32850,Miscellaneous
32851,Restaurants
32870,Miscellaneous
32883,Fitness & Recreation
32912,Miscellaneous
32925,Miscellaneous
32939,Miscellaneous
32940,Bars & Nightlife
32946,Miscellaneous
32949,Miscellaneous
32956,Restaurants
32958,Miscellaneous
32972,Bars & Nightlife
33011,Miscellaneous
33043,Restaurants
33082,General Merchandise
33114,Miscellaneous
33138,Travel Services
33140,Restaurants
33141,Specialty Food
33147,Miscellaneous
33151,Specialty Food
33160,Miscellaneous
33177,Specialty Retail
33195,Legal Services
33206,Real Estate
33234,Miscellaneous
33235,Restaurants
33246,Miscellaneous
33272,Miscellaneous
33273,Miscellaneous
33280,Restaurants
33282,Health & Beauty
33295,Cleaning Services
33301,Bakery & Desserts
33302,Events & Venues
33303,Miscellaneous
33309,Miscellaneous
33326,Health & Beauty
33333,Miscellaneous
33351,Restaurants
33373,Restaurants
33378,Restaurants
33419,Miscellaneous
33420,Miscellaneous
33459,Health & Beauty
33462,Restaurants
33463,Miscellaneous
33464,Repair & Maintenance
33467,Miscellaneous
33484,Travel Services
33531,Bars & Nightlife
33573,Miscellaneous
33579,Miscellaneous
33616,Restaurants
33617,Specialty Food
33619,Clothing & Apparel
33620,Miscellaneous
33621,Specialty Food
33626,Miscellaneous
33633,Miscellaneous
33637,Coffee & Tea
33651,Restaurants
33667,Specialty Retail
33687,Miscellaneous
33698,Miscellaneous
33715,Financial Services
33719,Specialty Food
33732,Restaurants
33741,Miscellaneous
33761,Restaurants
33763,Miscellaneous
33764,Miscellaneous
33773,Miscellaneous
33779,Fitness & Recreation
33808,Miscellaneous
33816,Miscellaneous
33825,Specialty Food
33830,Miscellaneous
33834,Specialty Retail
33835,Restaurants
33836,Clothing & Apparel
33857,Miscellaneous
33869,Telecommunications
33882,Miscellaneous
33898,Restaurants
33919,Specialty Retail
33921,Miscellaneous
33931,Bars & Nightlife
33956,Miscellaneous
33969,Miscellaneous
33995,Miscellaneous
33997,Specialty Food
34005,Miscellaneous
34012,Miscellaneous
34028,Miscellaneous
34030,Miscellaneous
34042,Telecommunications
34052,Coffee & Tea
34116,Repair & Maintenance
34123,Miscellaneous
34124,Hotels & Motels
34134,Miscellaneous
34135,Miscellaneous
34168,General Merchandise
34169,Miscellaneous
34174,Miscellaneous
34190,Miscellaneous
34194,Coffee & Tea
34199,Miscellaneous
34200,Specialty Food
34206,Sports & Recreation
34207,Bars & Nightlife
34216,Consulting
34224,Restaurants
34249,Coffee & Tea
34252,Miscellaneous
34253,Restaurants
34254,Miscellaneous
34284,Miscellaneous
34288,Restaurants
34322,Specialty Food
34332,Restaurants
34338,Miscellaneous
34343,Miscellaneous
34344,Restaurants
34368,Miscellaneous
34381,Restaurants
34384,Restaurants
34389,Miscellaneous
34393,Medical Offices
34412,Pet Services
34418,Coffee & Tea
34433,Restaurants
34440,Restaurants
34454,Health & Beauty
34455,Miscellaneous
34460,Restaurants
34461,Telecommunications
34462,Miscellaneous
34463,Specialty Food
34466,Miscellaneous
34495,Miscellaneous
34507,Miscellaneous
34531,Financial Services
34553,Restaurants
34580,Miscellaneous
34592,Home & Garden
34593,Bakery & Desserts
34596,Fast Food
34602,Bakery & Desserts
34610,Restaurants
34618,Miscellaneous
34623,Miscellaneous
34629,Miscellaneous
34636,Health & Beauty
34649,Miscellaneous
34650,Miscellaneous
34656,Miscellaneous
34666,Miscellaneous
34675,Real Estate
34693,Arts & Entertainment
34717,Miscellaneous
34729,Miscellaneous
34738,Medical Offices
34740,Restaurants
34776,Miscellaneous
34777,Real Estate
34813,Real Estate
34817,Miscellaneous
34831,Plumbing & HVAC
34841,Fitness & Recreation
34879,Medical Offices
34885,Plumbing & HVAC
34897,Medical Offices
34899,Financial Services
34905,Repair & Maintenance
34909,Miscellaneous
34922,Miscellaneous
34928,Miscellaneous
34952,Miscellaneous
34958,Financial Services
35003,Specialty Retail
35009,Miscellaneous
35010,Financial Services
35025,Specialty Food
35027,Health & Beauty
35028,Miscellaneous
35074,Miscellaneous
35082,Health & Beauty
35094,Restaurants
35128,Miscellaneous
35138,Miscellaneous
35186,Bars & Nightlife
35214,Medical Offices
35229,Miscellaneous
35230,Health & Beauty
35251,Bars & Nightlife
35252,Fitness & Recreation
35258,Miscellaneous
35292,Miscellaneous
35294,Health & Beauty
35300,Schools
35324,Miscellaneous
35325,Financial Services
35330,Miscellaneous
35342,Business Services
35344,Miscellaneous
35362,Coffee & Tea
35375,Miscellaneous
35389,Miscellaneous
35443,Miscellaneous
35452,Legal Services
35468,Clothing & Apparel
35474,Miscellaneous
35476,Plumbing & HVAC
35477,Plumbing & HVAC
35483,Restaurants
35495,Miscellaneous
35514,Miscellaneous
35517,Specialized Healthcare
35538,Restaurants
35547,Cleaning Services
35555,Miscellaneous
35564,Real Estate
35572,Consulting
35574,Miscellaneous
35575,Home & Garden
35578,Repair & Maintenance
35581,Miscellaneous
35590,Home & Garden
35605,Miscellaneous
35621,Coffee & Tea
35622,Miscellaneous
35630,Schools
35637,Miscellaneous
35670,Coffee & Tea
35703,Miscellaneous
35704,Health & Beauty
35727,Miscellaneous
35730,Miscellaneous
35737,Miscellaneous
35774,Medical Offices
35785,Plumbing & HVAC
35789,Miscellaneous
35801,Miscellaneous
35824,Miscellaneous
35842,Medical Offices
35846,Miscellaneous
35849,Miscellaneous
35868,Miscellaneous
35870,Miscellaneous
35875,Miscellaneous
35921,Medical Offices
35923,Health & Beauty
35927,Miscellaneous
35939,Telecommunications
35954,Real Estate
35958,Automotive Retail
35966,Home & Garden
35969,Miscellaneous
35984,Legal Services
36016,Miscellaneous
36021,Health & Beauty
36029,Miscellaneous
36044,Bars & Nightlife
36054,Fitness & Recreation
36056,Miscellaneous
36060,Miscellaneous
36069,Miscellaneous
36083,Miscellaneous
36092,Miscellaneous
36093,Miscellaneous
36096,Miscellaneous
36105,Real Estate
36120,Pet Services
36129,Medical Offices
36134,Miscellaneous
36145,Miscellaneous
36153,Real Estate
36171,Electrical
36173,Fitness & Recreation
36176,Health & Beauty
36183,Miscellaneous
36187,Schools
36260,Financial Services
36262,Miscellaneous
36263,Miscellaneous
36268,Financial Services
36270,Miscellaneous
36301,Legal Services
36308,Restaurants
36322,Miscellaneous
36326,Health & Beauty
36382,Miscellaneous
36383,Financial Services
36389,Miscellaneous
36395,Miscellaneous
36400,Miscellaneous
36403,Specialty Food
36406,Miscellaneous
36409,Coffee & Tea
36415,Miscellaneous
36416,Health & Beauty
36420,Financial Services
36422,Legal Services
36424,Miscellaneous
36431,Miscellaneous
36455,Repair & Maintenance
36459,Schools
36485,Miscellaneous
36502,Miscellaneous
36508,Health & Beauty
36535,Miscellaneous
36544,Real Estate
36561,Miscellaneous
36571,Specialty Retail
36587,Specialty Retail
36627,Construction & Contractors
36630,Miscellaneous
36632,Miscellaneous
36670,Restaurants
36689,Restaurants
36709,Miscellaneous
36712,Financial Services
36714,Miscellaneous
36739,Specialty Food
36749,Miscellaneous
36777,Coffee & Tea
36787,Clothing & Apparel
36811,Miscellaneous
36814,Health & Beauty
36819,Miscellaneous
36824,Coffee & Tea
36853,Financial Services
36854,Fitness & Recreation
36865,Miscellaneous
36872,Miscellaneous
36878,Arts & Entertainment
36900,Miscellaneous
36902,Fitness & Recreation
36925,Miscellaneous
36938,Repair & Maintenance
36982,Schools
37040,Miscellaneous
37043,Miscellaneous
37049,Miscellaneous
37061,Fitness & Recreation
37074,Telecommunications
37108,Medical Offices
37119,Miscellaneous
37127,Miscellaneous
37132,Specialty Retail
37166,Bakery & Desserts
37167,Miscellaneous
37182,Miscellaneous
37224,Health & Beauty
37226,Restaurants
37247,Specialized Healthcare
37270,Home & Garden
37271,Clothing & Apparel
37275,Miscellaneous
37279,Repair & Maintenance
37282,Bars & Nightlife
37288,Miscellaneous
37289,Restaurants
37303,Home & Garden
37313,Miscellaneous
37315,Legal Services
37325,Medical Offices
37334,General Merchandise
37335,Restaurants
37357,Clothing & Apparel
37371,Restaurants
37375,Miscellaneous
37400,Restaurants
37426,Medical Offices
37428,Miscellaneous
37435,Repair & Maintenance
37438,Clothing & Apparel
37455,Coffee & Tea
37457,Medical Offices
37461,Health & Beauty
37483,Financial Services
37505,Hotels & Motels
37509,Miscellaneous
37510,Restaurants
37547,Miscellaneous
37556,Health & Beauty
37571,Miscellaneous
37632,Medical Offices
37655,Miscellaneous
37659,Car Wash & Detailing
37690,Repair & Maintenance
37698,Miscellaneous
37725,Health & Beauty
37727,Financial Services
37729,Miscellaneous
37733,Miscellaneous
37744,Miscellaneous
37770,Specialty Food
37778,Miscellaneous
37785,Medical Offices
37788,Health & Beauty
37827,Miscellaneous
37830,Construction & Contractors
37838,Automotive Retail
37839,Miscellaneous
37854,Medical Offices
37855,Financial Services
37880,Schools
37885,Pharmacy
37887,Fitness & Recreation
37912,Miscellaneous
37929,Real Estate
37931,Miscellaneous
37932,Specialty Retail
37945,Specialty Food
37954,Miscellaneous
37993,Mental Health
37995,Repair & Maintenance
37996,Medical Offices
37997,Mental Health
38017,Schools
38035,Pet Services
38040,Health & Beauty
38048,Telecommunications
38054,Restaurants
38055,Automotive Retail
38059,Miscellaneous
38088,Restaurants
38099,Mental Health
38120,Fitness & Recreation
38132,Miscellaneous
38133,Miscellaneous
38148,Miscellaneous
38201,Miscellaneous
38205,Dry Cleaning & Laundry
38222,Miscellaneous
38230,Health & Beauty
38260,Miscellaneous
38263,Hotels & Motels
38325,Health & Beauty
38327,Miscellaneous
38333,Miscellaneous
38341,Automotive Retail
38343,Miscellaneous
38376,Miscellaneous
38379,Restaurants
38380,Miscellaneous
38382,Telecommunications
38463,Miscellaneous
38470,Schools
38484,Miscellaneous
38509,Restaurants
38518,Miscellaneous
38533,Health & Beauty
38534,Fitness & Recreation
38535,Pet Services
38537,Miscellaneous
38550,Miscellaneous
38565,Telecommunications
38588,Miscellaneous
38600,Miscellaneous
38632,Medical Offices
38633,Health & Beauty
38636,Miscellaneous
38637,Real Estate
38639,Miscellaneous
38681,Fitness & Recreation
38682,Construction & Contractors
38723,Miscellaneous
38725,Bars & Nightlife
38730,Arts & Entertainment
38753,Coffee & Tea
38756,Miscellaneous
38758,Telecommunications
38767,Miscellaneous
38779,Bars & Nightlife
38784,Events & Venues
38787,Miscellaneous
38828,Miscellaneous
38848,Miscellaneous
38849,Miscellaneous
38871,Restaurants
38876,Miscellaneous
38887,Miscellaneous
38891,Miscellaneous
38941,Real Estate
38942,Miscellaneous
38985,Restaurants
39017,Medical Offices
39032,Miscellaneous
39048,Repair & Maintenance
39049,Miscellaneous
39056,Health & Beauty
39057,Miscellaneous
39060,Financial Services
39064,Plumbing & HVAC
39069,Financial Services
39092,Automotive Retail
39118,Hotels & Motels
39156,Miscellaneous
39189,Restaurants
39214,Miscellaneous
39215,Specialty Food
39220,Health & Beauty
39221,Home & Garden
39226,Miscellaneous
39228,Health & Beauty
39238,Miscellaneous
39257,Miscellaneous
39270,Miscellaneous
39281,Health & Beauty
39306,General Merchandise
39323,Miscellaneous
39333,Medical Offices
39344,Health & Beauty
39364,Health & Beauty
39371,Miscellaneous
39376,Automotive Retail
39381,Medical Offices
39387,Miscellaneous
39401,Bars & Nightlife
39403,Clothing & Apparel
39411,Financial Services
39454,Miscellaneous
39460,Restaurants
39472,Childcare
39501,Bars & Nightlife
39510,Pharmacy
39514,Sports & Recreation
39516,Legal Services
39540,Health & Beauty
39552,Health & Beauty
39564,Health & Beauty
39566,Specialty Food
39571,Restaurants
39594,Miscellaneous
39600,Pet Services
39604,Miscellaneous
39620,Miscellaneous
39633,Miscellaneous
39634,Restaurants
39648,Financial Services
39660,Bakery & Desserts
39665,Repair & Maintenance
39670,Miscellaneous
39679,Bakery & Desserts
39691,Health & Beauty
39704,Miscellaneous
39717,Sports & Recreation
39768,Restaurants
39774,Consulting
39812,Restaurants
39820,Clothing & Apparel
39850,Restaurants
39854,Miscellaneous
39868,Coffee & Tea
39869,Cleaning Services
39885,Schools
39889,Miscellaneous
39903,Coffee & Tea
39916,Miscellaneous
39918,Miscellaneous
39931,Miscellaneous
39954,Miscellaneous
39955,Miscellaneous
39969,Specialty Retail
39983,Health & Beauty
39991,Restaurants
39992,Restaurants
40002,Miscellaneous
40014,Miscellaneous
40023,Miscellaneous
40031,Miscellaneous
40047,Miscellaneous
40050,Restaurants
40072,Restaurants
40076,Financial Services
40085,Bars & Nightlife
40095,Miscellaneous
40097,Miscellaneous
40099,Miscellaneous
40107,Sports & Recreation
40165,Miscellaneous
40167,Miscellaneous
40182,Miscellaneous
40203,Medical Offices
40225,Miscellaneous
40248,Specialty Food
40262,Miscellaneous
40264,Miscellaneous
40271,Miscellaneous
40277,Medical Offices
40281,Miscellaneous
40287,Medical Offices
40290,Miscellaneous
40304,Bars & Nightlife
40349,Miscellaneous
40350,Miscellaneous
40370,Financial Services
40371,Miscellaneous
40418,Automotive Retail
40420,Specialty Food
40435,Miscellaneous
40456,Restaurants
40458,Miscellaneous
40466,Miscellaneous
40475,Sports & Recreation
40477,Miscellaneous
40505,Miscellaneous
40514,Miscellaneous
40537,Health & Beauty
40547,Miscellaneous
40586,Miscellaneous
40594,Health & Beauty
40595,Financial Services
40603,Medical Offices
40607,Restaurants
40608,Miscellaneous
40633,Fitness & Recreation
40644,Miscellaneous
40661,Miscellaneous
40675,Fast Food
40693,Miscellaneous
40694,Bars & Nightlife
40699,Repair & Maintenance
40702,Schools
40710,Pet Services
40717,Miscellaneous
40721,Miscellaneous
40749,Restaurants
40757,Specialty Food
40766,Miscellaneous
40792,Telecommunications
40816,Miscellaneous
40823,Specialty Food
40824,Miscellaneous
40860,Miscellaneous
40862,IT Services
40864,Miscellaneous
40891,Construction & Contractors
40895,Miscellaneous
40914,Legal Services
40918,Repair & Maintenance
40927,Financial Services
40929,Clothing & Apparel
40930,Clothing & Apparel
40944,Legal Services
40955,Restaurants
40966,Miscellaneous
40974,Legal Services
40988,Fitness & Recreation
40994,Health & Beauty
41011,Miscellaneous
41020,Miscellaneous
41035,IT Services
41063,Landscaping
41094,Coffee & Tea
41105,Miscellaneous
41127,Bakery & Desserts
41136,Miscellaneous
41139,Miscellaneous
41140,Fast Food
41146,Miscellaneous
41163,Miscellaneous
41172,Miscellaneous
41181,Financial Services
41184,Real Estate
41185,Restaurants
41191,Miscellaneous
41192,Medical Offices
41221,Miscellaneous
41227,Construction & Contractors
41237,Health & Beauty
41242,Restaurants
41253,Clothing & Apparel
41259,Miscellaneous
41260,Miscellaneous
41261,Miscellaneous
41281,Medical Offices
41296,Miscellaneous
41300,Miscellaneous
41356,Miscellaneous
41374,Real Estate
41408,Restaurants
41409,Health & Beauty
41416,Pet Services
41419,Clothing & Apparel
41441,Electrical
41445,Restaurants
41447,Miscellaneous
41478,Miscellaneous
41479,Miscellaneous
41513,Restaurants
41534,Miscellaneous
41556,Miscellaneous
41569,Restaurants
41574,Restaurants
41575,Miscellaneous
41602,Clothing & Apparel
41603,Miscellaneous
41620,Miscellaneous
41621,Restaurants
41648,Clothing & Apparel
41665,Miscellaneous
41674,Miscellaneous
41693,Restaurants
41704,Miscellaneous
41713,Health & Beauty
41738,Restaurants
41741,Health & Beauty
41759,Legal Services
41777,Telecommunications
41781,Miscellaneous
41789,Miscellaneous
41807,Repair & Maintenance
41829,Legal Services
41830,Miscellaneous
41838,Restaurants
41841,Miscellaneous
41864,Miscellaneous
41880,Automotive Retail
41924,Miscellaneous
41937,Miscellaneous
41940,Financial Services
41944,Fast Food
41945,Miscellaneous
41951,Dry Cleaning & Laundry
41982,IT Services
41983,Miscellaneous
41989,Miscellaneous
41990,Health & Beauty
41993,Miscellaneous
41999,Miscellaneous
42001,Health & Beauty
42009,Restaurants
42012,Miscellaneous
42049,Financial Services
42053,Telecommunications
42056,Miscellaneous
42070,Restaurants
42078,Miscellaneous
42102,Miscellaneous
42110,Restaurants
42114,Bars & Nightlife
42119,Restaurants
42126,Clothing & Apparel
42131,Coffee & Tea
42134,Fitness & Recreation
42135,Miscellaneous
42139,Miscellaneous
42154,Repair & Maintenance
42166,Miscellaneous
42224,Specialty Food
42254,Miscellaneous
42280,Miscellaneous
42288,Fitness & Recreation
42294,Health & Beauty
42351,Health & Beauty
42363,Miscellaneous
42380,Construction & Contractors
42382,Construction & Contractors
42392,Miscellaneous
42398,Specialty Food
42402,Miscellaneous
42404,Miscellaneous
42424,Miscellaneous
42429,Miscellaneous
42450,Legal Services
42464,Bars & Nightlife
42470,Miscellaneous
42493,Miscellaneous
42494,Business Services
42512,Coffee & Tea
42535,Bars & Nightlife
42538,Financial Services
42546,Miscellaneous
42547,Health & Beauty
42549,Bars & Nightlife
42563,Pet Services
42569,Miscellaneous
42606,Miscellaneous
42622,Bakery & Desserts
42639,Real Estate
42644,Bakery & Desserts
42656,Specialty Food
42666,Restaurants
42679,Pharmacy
42681,Miscellaneous
42683,Car Wash & Detailing
42688,Bakery & Desserts
42696,Miscellaneous
42703,Miscellaneous
42710,Miscellaneous
42718,Miscellaneous
42725,Health & Beauty
42746,Coffee & Tea
42785,Miscellaneous
42797,Miscellaneous
42815,Miscellaneous
42821,Miscellaneous
42825,Restaurants
42834,Miscellaneous
42845,Miscellaneous
42851,Fitness & Recreation
42864,Miscellaneous
42897,Repair & Maintenance
42898,Miscellaneous
42910,Restaurants
42912,Restaurants
42937,Restaurants
42941,Restaurants
42942,Health & Beauty
42946,Health & Beauty
42961,Coffee & Tea
42984,Specialty Food
42995,Home & Garden
43004,Medical Offices
43005,Miscellaneous
43017,Miscellaneous
43048,Miscellaneous
43050,Restaurants
43081,Miscellaneous
43092,Health & Beauty
43096,Miscellaneous
43097,Miscellaneous
43103,Medical Offices
43107,Restaurants
43121,Telecommunications
43130,Fitness & Recreation
43131,Clothing & Apparel
43132,Hotels & Motels
43160,Miscellaneous
43163,Miscellaneous
43172,Repair & Maintenance
43177,Coffee & Tea
43180,Miscellaneous
43195,Telecommunications
43215,Miscellaneous
43239,Miscellaneous
43244,Medical Offices
43247,Financial Services
43257,Restaurants
43279,Miscellaneous
43286,Financial Services
43298,Miscellaneous
43302,Coffee & Tea
43303,Restaurants
43328,Miscellaneous
43336,Financial Services
43344,Schools
43366,Bakery & Desserts
43374,Pet Services
43383,Restaurants
43389,Miscellaneous
43390,Miscellaneous
43399,Miscellaneous
43410,Telecommunications
43418,Financial Services
43453,Miscellaneous
43463,Health & Beauty
43478,Bars & Nightlife
43500,Repair & Maintenance
43510,Restaurants
43514,Miscellaneous
43515,Miscellaneous
43516,Miscellaneous
43526,Telecommunications
43549,Financial Services
43594,Automotive Retail
43606,Clothing & Apparel
43615,Miscellaneous
43648,Restaurants
43655,Miscellaneous
43680,Specialty Food
43697,Health & Beauty
43702,Health & Beauty
43715,Automotive Retail
43728,Financial Services
43730,Medical Offices
43731,Repair & Maintenance
43732,Automotive Retail
43747,Miscellaneous
43756,Miscellaneous
43760,Fitness & Recreation
43763,Restaurants
43766,Miscellaneous
43794,Clothing & Apparel
43797,Health & Beauty
43800,Financial Services
43834,Automotive Retail
43841,Miscellaneous
43849,Miscellaneous
43894,Health & Beauty
43906,Miscellaneous
43922,Telecommunications
43932,Miscellaneous
43963,Miscellaneous
43964,Miscellaneous
43988,Miscellaneous
43992,Miscellaneous
44000,Bakery & Desserts
44010,Miscellaneous
44024,Miscellaneous
44026,Restaurants
44027,Clothing & Apparel
44048,Restaurants
44077,Telecommunications
44114,Automotive Retail
44121,Miscellaneous
44128,Restaurants
44137,Health & Beauty
44164,Medical Offices
44171,Miscellaneous
44173,Restaurants
44211,Health & Beauty
44272,Home & Garden
44281,Miscellaneous
44313,Miscellaneous
44338,Miscellaneous
44340,Miscellaneous
44363,Restaurants
44396,Miscellaneous
44397,Bars & Nightlife
44406,Miscellaneous
44414,Fitness & Recreation
44459,Health & Beauty
44473,Restaurants
44478,Restaurants
44484,Miscellaneous
44486,Bars & Nightlife
44489,Miscellaneous
44491,Miscellaneous
44496,Arts & Entertainment
44498,Fitness & Recreation
44532,Miscellaneous
44563,Miscellaneous
44581,Automotive Retail
44605,Health & Beauty
44629,Miscellaneous
44636,Schools
44717,Business Services
44721,Clothing & Apparel
44728,Bars & Nightlife
44740,Miscellaneous
44752,Miscellaneous
44758,Miscellaneous
44760,Specialty Food
44770,Financial Services
44777,Coffee & Tea
44784,Health & Beauty
44785,Miscellaneous
44795,Miscellaneous
44819,Health & Beauty
44848,Restaurants
44857,Arts & Entertainment
44881,Miscellaneous
44893,Restaurants
44898,Miscellaneous
44905,Restaurants
44942,Restaurants
44943,Miscellaneous
44952,Miscellaneous
44958,Miscellaneous
44977,Medical Offices
44979,Car Wash & Detailing
44980,Miscellaneous
44985,Miscellaneous
44994,Miscellaneous
45003,Miscellaneous
45008,Repair & Maintenance
45010,Health & Beauty
45043,Home & Garden
45056,Miscellaneous
45067,Restaurants
45092,Miscellaneous
45114,Miscellaneous
45124,Specialty Food
45132,Restaurants
45142,Miscellaneous
45167,Miscellaneous
45168,Miscellaneous
45169,Fast Food
45199,Restaurants
45205,Miscellaneous
45212,Miscellaneous
45234,Medical Offices
45238,Fitness & Recreation
45239,Telecommunications
45264,Restaurants
45273,Coffee & Tea
45275,Miscellaneous
45277,Miscellaneous
45284,Miscellaneous
45287,Restaurants
45288,Miscellaneous
45301,Miscellaneous
45322,Car Wash & Detailing
45335,Miscellaneous
45339,Repair & Maintenance
45341,Miscellaneous
45352,Miscellaneous
45363,Fitness & Recreation
45367,Miscellaneous
45379,Medical Offices
45380,Consulting
45384,Health & Beauty
45386,Miscellaneous
45388,Real Estate
45405,Miscellaneous
45413,Repair & Maintenance
45448,Miscellaneous
45461,Bakery & Desserts
45470,Miscellaneous
45503,Repair & Maintenance
45510,Miscellaneous
45513,Miscellaneous
45546,Restaurants
45548,Miscellaneous
45557,Miscellaneous
45589,Coffee & Tea
45611,Miscellaneous
45616,Miscellaneous
45630,Coffee & Tea
45643,Bars & Nightlife
45675,Restaurants
45683,Fast Food
45696,Miscellaneous
45705,Miscellaneous
45706,Miscellaneous
45718,Health & Beauty
45760,Restaurants
45782,Sports & Recreation
45823,Miscellaneous
45871,Miscellaneous
45899,Miscellaneous
45900,Restaurants
45927,Legal Services
45931,Miscellaneous
45950,Miscellaneous
45956,Miscellaneous
45972,Pet Services
45976,Restaurants
45983,Miscellaneous
45984,Arts & Entertainment
45991,Miscellaneous
45993,Health & Beauty
46004,Sports & Recreation
46021,Restaurants
46022,Miscellaneous
46023,Specialty Retail
46038,Clothing & Apparel
46060,Miscellaneous
46062,Medical Offices
46087,Miscellaneous
46088,Fast Food
46098,Miscellaneous
46112,Legal Services
46129,Automotive Retail
46138,Miscellaneous
46146,Miscellaneous
46175,Restaurants
46179,Miscellaneous
46186,Restaurants
46190,Financial Services
46198,Miscellaneous
46201,Restaurants
46207,Restaurants
46233,Miscellaneous
46248,Miscellaneous
46255,Miscellaneous
46256,Automotive Retail
46261,Hotels & Motels
46278,Arts & Entertainment
46302,Miscellaneous
46303,Miscellaneous
46318,Home & Garden
46354,Health & Beauty
46358,Bars & Nightlife
46364,Clothing & Apparel
46379,Miscellaneous
46384,Restaurants
46389,Repair & Maintenance
46391,Restaurants
46400,Bars & Nightlife
46409,Automotive Retail
46411,Miscellaneous
46413,Miscellaneous
46415,Miscellaneous
46418,Health & Beauty
46432,Miscellaneous
46436,Restaurants
46443,Bars & Nightlife
46457,Restaurants
46473,Restaurants
46490,Miscellaneous
46491,Schools
46508,Miscellaneous
46532,Miscellaneous
46541,Restaurants
46544,Restaurants
46557,Miscellaneous
46569,IT Services
46570,Home & Garden
46574,Miscellaneous
46607,Construction & Contractors
46609,Restaurants
46613,Miscellaneous
46624,Miscellaneous
46660,Miscellaneous
46675,Miscellaneous
46682,Clothing & Apparel
46696,Miscellaneous
46708,Miscellaneous
46732,Miscellaneous
46734,Telecommunications
46739,Legal Services
46745,Miscellaneous
46746,Automotive Retail
46790,Miscellaneous
46798,Construction & Contractors
46812,Restaurants
46815,Real Estate
46829,Miscellaneous
46845,Miscellaneous
46867,Electrical
46892,Health & Beauty
46908,Automotive Retail
46910,Clothing & Apparel
46926,Miscellaneous
46973,Miscellaneous
46982,Medical Offices
46983,Medical Offices
46989,Health & Beauty
46998,Clothing & Apparel
47002,Miscellaneous
47005,Automotive Retail
47006,Miscellaneous
47033,Miscellaneous
47076,Miscellaneous
47085,Restaurants
47086,Health & Beauty
47091,Miscellaneous
47098,Hotels & Motels
47115,Miscellaneous
47116,Miscellaneous
47118,Restaurants
47123,Miscellaneous
47126,Miscellaneous
47134,Hotels & Motels
47175,Miscellaneous
47177,Construction & Contractors
47181,Specialty Food
47182,Restaurants
47240,Accounting
47269,Miscellaneous
47328,Miscellaneous
47339,Schools
47347,Fitness & Recreation
47356,Fitness & Recreation
47360,Restaurants
47373,Home & Garden
47375,Restaurants
47378,Repair & Maintenance
47399,Miscellaneous
47401,Pet Services
47406,Health & Beauty
47407,Dry Cleaning & Laundry
47412,Repair & Maintenance
47464,Miscellaneous
47486,Fast Food
47496,Legal Services
47497,Miscellaneous
47509,Restaurants
47533,Restaurants
47534,Restaurants
47535,Pet Services
47556,Sports & Recreation
47580,Miscellaneous
47608,Restaurants
47611,Pet Services
47613,Miscellaneous
47615,Restaurants
47629,Miscellaneous
47656,Restaurants
47657,Miscellaneous
47665,Bakery & Desserts
47674,Bars & Nightlife
47693,Miscellaneous
47712,Telecommunications
47736,Specialty Retail
47738,Health & Beauty
47757,Miscellaneous
47767,Restaurants
47824,Specialized Healthcare
47850,Miscellaneous
47865,Miscellaneous
47883,Miscellaneous
47928,Restaurants
47930,Miscellaneous
47940,Restaurants
47944,Financial Services
47945,Restaurants
47949,Fast Food
47956,Restaurants
47961,Health & Beauty
47997,Bakery & Desserts
48027,Miscellaneous
48033,Childcare
48041,Specialty Food
48055,Coffee & Tea
48062,General Merchandise
48069,Restaurants
48081,Miscellaneous
48086,Miscellaneous
48087,Bakery & Desserts
48089,Legal Services
48103,Bakery & Desserts
48135,Miscellaneous
48152,Medical Offices
48154,Miscellaneous
48176,Miscellaneous
48199,Car Wash & Detailing
48205,Clothing & Apparel
48213,Restaurants
48232,Electrical
48268,Miscellaneous
48273,Pet Services
48283,Bars & Nightlife
48286,Miscellaneous
48288,Miscellaneous
48290,Miscellaneous
48294,Restaurants
48297,Miscellaneous
48326,Legal Services
48332,Financial Services
48339,Miscellaneous
48346,Specialty Food
48353,Restaurants
48391,Miscellaneous
48420,Miscellaneous
48426,Restaurants
48427,Restaurants
48433,Miscellaneous
48435,Miscellaneous
48466,Miscellaneous
48499,Miscellaneous
48510,Miscellaneous
48566,Restaurants
48577,Restaurants
48583,Financial Services
48593,General Merchandise
48599,Miscellaneous
48647,Miscellaneous
48649,Bakery & Desserts
48651,IT Services
48669,IT Services
48672,Clothing & Apparel
48691,Dry Cleaning & Laundry
48692,Restaurants
48696,Hotels & Motels
48710,Health & Beauty
48712,Fitness & Recreation
48727,Miscellaneous
48809,Miscellaneous
48826,Miscellaneous
48832,Miscellaneous
48851,Miscellaneous
48873,Restaurants
48881,Restaurants
48893,Miscellaneous
48894,Miscellaneous
48949,Arts & Entertainment
48996,Coffee & Tea
48998,Telecommunications
49052,IT Services
49053,Restaurants
49057,Bakery & Desserts
49079,Miscellaneous
49082,Miscellaneous
49098,Miscellaneous
49102,Sports & Recreation
49116,Automotive Retail
49125,Health & Beauty
49126,Restaurants
49133,Automotive Retail
49140,Hotels & Motels
49145,Miscellaneous
49147,Miscellaneous
49154,Coffee & Tea
49163,Sports & Recreation
49164,Miscellaneous
49183,Restaurants
49205,Financial Services
49209,Restaurants
49230,Home & Garden
49236,Restaurants
49253,Health & Beauty
49264,Cleaning Services
49268,Bars & Nightlife
49270,Bakery & Desserts
49271,General Merchandise
49296,Miscellaneous
49306,Miscellaneous
49309,Restaurants
49316,Restaurants
49317,Miscellaneous
49373,Coffee & Tea
49382,Miscellaneous
49387,Miscellaneous
49388,Miscellaneous
49454,Miscellaneous
49456,Miscellaneous
49485,Bakery & Desserts
49497,Miscellaneous
49525,Miscellaneous
49530,Miscellaneous
49552,Miscellaneous
49568,Pet Services
49572,Bars & Nightlife
49577,Restaurants
49600,Specialty Food
49650,Health & Beauty
49673,Repair & Maintenance
49680,Restaurants
49686,Restaurants
49700,Specialized Healthcare
49705,Restaurants
49708,Restaurants
49710,Miscellaneous
49727,Miscellaneous
49733,Sports & Recreation
49747,Real Estate
49750,Hotels & Motels
49757,Miscellaneous
49758,Miscellaneous
49759,Clothing & Apparel
49764,Miscellaneous
49785,Bakery & Desserts
49786,Miscellaneous
49788,Restaurants
49821,Health & Beauty
49853,Restaurants
49869,Miscellaneous
49876,Specialty Food
49888,Miscellaneous
49919,Hotels & Motels
49920,Construction & Contractors
49921,Bakery & Desserts
49957,Business Services
49968,Miscellaneous
49988,Miscellaneous
50010,Hotels & Motels
50028,Telecommunications
50034,Hotels & Motels
50055,Fitness & Recreation
50075,Coffee & Tea
50076,Coffee & Tea
50082,Miscellaneous
50100,IT Services
50118,Restaurants
50120,Specialty Food
50143,Medical Offices
50144,Specialty Food
50150,Health & Beauty
50154,Miscellaneous
50165,Miscellaneous
50202,Travel Services
50204,Miscellaneous
50205,Telecommunications
50207,Restaurants
50254,Restaurants
50255,Health & Beauty
50278,Bakery & Desserts
50279,Sports & Recreation
50291,Consulting
50295,Miscellaneous
50303,Schools
50312,Health & Beauty
50313,Miscellaneous
50332,Miscellaneous
50350,Miscellaneous
50353,General Merchandise
50358,Miscellaneous
50377,Miscellaneous
50404,Health & Beauty
50406,Specialty Retail
50410,Miscellaneous
50411,Automotive Retail
50414,Restaurants
50420,Restaurants
50452,Restaurants
50458,Home & Garden
50473,Miscellaneous
50518,Restaurants
50521,Health & Beauty
50562,Medical Offices
50574,Miscellaneous
50577,Bars & Nightlife
50618,Miscellaneous
50639,Miscellaneous
50640,Bars & Nightlife
50641,Miscellaneous
50647,Miscellaneous
50651,Miscellaneous
50665,Miscellaneous
50680,Legal Services
50724,Telecommunications
50726,Miscellaneous
50731,Bars & Nightlife
50735,Miscellaneous
50740,Landscaping
50744,Miscellaneous
50753,Miscellaneous
50770,Legal Services
50790,Miscellaneous
50813,Miscellaneous
50844,Clothing & Apparel
50857,Miscellaneous
50860,Coffee & Tea
50889,Miscellaneous
50895,Car Wash & Detailing
50908,Miscellaneous
50922,Miscellaneous
50931,Financial Services
50938,Pet Services
50940,Miscellaneous
50947,Financial Services
50977,Repair & Maintenance
50990,Legal Services
51013,Construction & Contractors
51046,Financial Services
51054,Miscellaneous
51075,Financial Services
51104,Restaurants
51131,Miscellaneous
51135,Miscellaneous
51165,Miscellaneous
51172,Miscellaneous
51187,Miscellaneous
51207,Miscellaneous
51229,Fitness & Recreation
51233,Miscellaneous
51256,Restaurants
51284,Miscellaneous
51288,Miscellaneous
51296,Miscellaneous
51319,Coffee & Tea
51331,Clothing & Apparel
51338,Financial Services
51345,Miscellaneous
51365,Miscellaneous
51400,Fitness & Recreation
51404,Miscellaneous
51417,Repair & Maintenance
51453,Miscellaneous
51461,Telecommunications
51472,Real Estate
51473,Restaurants
51475,Miscellaneous
51477,Miscellaneous
51515,Miscellaneous
51543,Miscellaneous
51557,Bars & Nightlife
51558,Financial Services
51560,Miscellaneous
51570,Clothing & Apparel
51572,Miscellaneous
51587,Miscellaneous
51600,Miscellaneous
51615,Restaurants
51618,Miscellaneous
51627,Health & Beauty
51631,Restaurants
51647,Business Services
51648,Repair & Maintenance
51665,Miscellaneous
51670,Restaurants
51712,Miscellaneous
51718,Restaurants
51731,Specialty Food
51732,Specialized Healthcare
51774,Miscellaneous
51791,Telecommunications
51806,Miscellaneous
51809,Miscellaneous
51814,Miscellaneous
51816,Miscellaneous
51820,Restaurants
51828,Legal Services
51834,Health & Beauty
51845,Miscellaneous
51847,Miscellaneous
51860,Miscellaneous
51863,Financial Services
51870,Miscellaneous
51875,Miscellaneous
51876,Miscellaneous
51880,Bakery & Desserts
51885,Miscellaneous
51886,Miscellaneous
51903,Repair & Maintenance
51944,Health & Beauty
51956,Bars & Nightlife
51977,Miscellaneous
51980,Miscellaneous
51991,Miscellaneous
52013,Miscellaneous
52032,Miscellaneous
52037,Coffee & Tea
52043,Fitness & Recreation
52046,Bars & Nightlife
52059,Sports & Recreation
52096,Restaurants
52118,Miscellaneous
52124,Miscellaneous
52128,Coffee & Tea
52141,Financial Services
52154,Real Estate
52157,Miscellaneous
52161,Medical Offices
52179,Automotive Retail
52196,Miscellaneous
52233,Specialty Retail
52250,Miscellaneous
52251,Miscellaneous
52252,Financial Services
52256,Miscellaneous
52257,Miscellaneous
52283,Miscellaneous
52286,Miscellaneous
52294,Medical Offices
52301,Miscellaneous
52303,Miscellaneous
52325,Restaurants
52413,Miscellaneous
52418,Health & Beauty
52434,Telecommunications
52450,Financial Services
52464,Miscellaneous
52465,Bars & Nightlife
52468,Restaurants
52476,Miscellaneous
52490,Health & Beauty
52494,Restaurants
52528,Legal Services
52534,Restaurants
52537,Telecommunications
52549,Construction & Contractors
52572,Restaurants
52588,Financial Services
52593,Bars & Nightlife
52594,Miscellaneous
52614,Coffee & Tea
52653,Miscellaneous
52655,Repair & Maintenance
52656,Fitness & Recreation
52660,Miscellaneous
52664,Restaurants
52687,Miscellaneous
52709,Financial Services
52718,Coffee & Tea
52759,Restaurants
52776,Miscellaneous
52787,Miscellaneous
52802,Miscellaneous
52804,Financial Services
52807,Repair & Maintenance
52814,Coffee & Tea
52824,Miscellaneous
52839,Miscellaneous
52852,Miscellaneous
52858,Miscellaneous
52859,Car Wash & Detailing
52879,Telecommunications
52880,Miscellaneous
52903,Miscellaneous
52909,Miscellaneous
52915,Miscellaneous
52928,Fitness & Recreation
52946,Miscellaneous
52948,Miscellaneous
52970,Miscellaneous
52976,Health & Beauty
52993,Real Estate
52994,Miscellaneous
53013,Coffee & Tea
53015,Miscellaneous
53046,Medical Offices
53055,Repair & Maintenance
53073,Real Estate
53074,Real Estate
53084,Specialty Retail
53089,Repair & Maintenance
53102,Miscellaneous
53116,Miscellaneous
53133,Medical Offices
53142,Miscellaneous
53145,Fast Food
53150,Miscellaneous
53151,Bars & Nightlife
53188,Miscellaneous
53193,Miscellaneous
53200,Miscellaneous
53219,Miscellaneous
53220,Pet Services
53225,Health & Beauty
53235,Bars & Nightlife
53255,Miscellaneous
53261,Miscellaneous
53274,Miscellaneous
53282,Miscellaneous
53305,Sports & Recreation
53345,Plumbing & HVAC
53347,Home & Garden
53355,Health & Beauty
53357,Financial Services
53359,Telecommunications
53378,Restaurants
53380,Financial Services
53387,Clothing & Apparel
53408,Specialty Food
53416,General Merchandise
53429,Miscellaneous
53454,Miscellaneous
53472,Miscellaneous
53501,Restaurants
53503,General Merchandise
53508,Miscellaneous
53524,Restaurants
53578,Specialty Retail
53593,Bars & Nightlife
53600,Miscellaneous
53613,Restaurants
53657,Miscellaneous
53658,Miscellaneous
53659,Restaurants
53660,Miscellaneous
53684,Arts & Entertainment
53698,Miscellaneous
53702,Construction & Contractors
53709,Miscellaneous
53711,Miscellaneous
53712,Miscellaneous
53738,Bars & Nightlife
53739,Miscellaneous
53742,Medical Offices
53743,Clothing & Apparel
53795,Home & Garden
53802,Fitness & Recreation
53804,Miscellaneous
53834,Health & Beauty
53850,Real Estate
53880,Sports & Recreation
53887,Pharmacy
53918,Specialty Retail
53951,Miscellaneous
53963,Miscellaneous
53969,Arts & Entertainment
54057,Medical Offices
54064,Health & Beauty
54087,General Merchandise
54099,Restaurants
54102,Miscellaneous
54103,Restaurants
54128,Restaurants
54137,Pharmacy
54148,Financial Services
54159,Miscellaneous
54212,Miscellaneous
54219,Miscellaneous
54220,Miscellaneous
54235,Medical Offices
54238,Health & Beauty
54255,Medical Offices
54264,Construction & Contractors
54271,Miscellaneous
54275,Miscellaneous
54321,Miscellaneous
54325,Miscellaneous
54330,Miscellaneous
54344,Miscellaneous
54348,Repair & Maintenance
54374,Health & Beauty
54404,Miscellaneous
54410,Miscellaneous
54412,Restaurants
54416,Miscellaneous
54419,Restaurants
54426,Medical Offices
54451,Events & Venues
54458,Health & Beauty
54468,Medical Offices
54481,Bakery & Desserts
54484,Specialty Food
54496,Restaurants
54516,Miscellaneous
54519,Pet Services
54535,Health & Beauty
54540,Miscellaneous
54549,Restaurants
54558,Restaurants
54592,Coffee & Tea
54651,Schools
54655,Miscellaneous
54681,Health & Beauty
54685,Pet Services
54701,Miscellaneous
54714,Clothing & Apparel
54717,Miscellaneous
54746,Real Estate
54774,Miscellaneous
54799,Consulting
54805,Miscellaneous
54823,Miscellaneous
54833,Miscellaneous
54839,Coffee & Tea
54841,Restaurants
54845,Restaurants
54855,Specialty Retail
54869,Restaurants
54873,Miscellaneous
54874,Pharmacy
54877,Fitness & Recreation
54893,Construction & Contractors
54897,Health & Beauty
54910,Schools
54934,Telecommunications
54940,Miscellaneous
54952,Medical Offices
54955,Coffee & Tea
54969,Construction & Contractors
54988,Bakery & Desserts
54999,Restaurants
55049,Miscellaneous
55050,Miscellaneous
55056,Miscellaneous
55072,Miscellaneous
55080,Fitness & Recreation
55081,Miscellaneous
55121,Miscellaneous
55127,Coffee & Tea
55138,Miscellaneous
55143,Miscellaneous
55179,Medical Offices
55196,Miscellaneous
55198,Repair & Maintenance
55208,Miscellaneous
55213,Miscellaneous
55235,Restaurants
55257,Construction & Contractors
55264,Consulting
55309,Miscellaneous
55336,Miscellaneous
55353,Miscellaneous
55366,Restaurants
55369,Miscellaneous
55374,Miscellaneous
55378,Miscellaneous
55391,Miscellaneous
55423,Consulting
55432,Restaurants
55438,Restaurants
55489,Real Estate
55500,Miscellaneous
55504,Restaurants
55519,Miscellaneous
55535,Specialty Food
55546,Miscellaneous
55580,Bars & Nightlife
55617,Miscellaneous
55627,Bars & Nightlife
55638,Miscellaneous
55666,Bars & Nightlife
55686,Medical Offices
55688,Miscellaneous
55704,Miscellaneous
55736,Bars & Nightlife
55740,Coffee & Tea
55771,Miscellaneous
55779,Miscellaneous
55805,Miscellaneous
55818,Miscellaneous
55827,Miscellaneous
55830,Hotels & Motels
55877,Miscellaneous
55896,Miscellaneous
55905,Health & Beauty
55930,Miscellaneous
55942,Miscellaneous
56006,Pet Services
56016,Miscellaneous
56034,Miscellaneous
56041,Miscellaneous
56058,Restaurants
56083,Miscellaneous
56109,Miscellaneous
56125,Health & Beauty
56130,Miscellaneous
56140,Health & Beauty
56162,Schools
56175,Miscellaneous
56187,Restaurants
56193,Dry Cleaning & Laundry
56197,Miscellaneous
56199,Miscellaneous
56212,Bars & Nightlife
56241,Miscellaneous
56261,Medical Offices
56269,Miscellaneous
56283,Miscellaneous
56287,Restaurants
56295,Miscellaneous
56297,Miscellaneous
56335,Specialty Food
56345,Miscellaneous
56346,Miscellaneous
56353,Construction & Contractors
56357,Automotive Retail
56393,Miscellaneous
56410,Clothing & Apparel
56412,Restaurants
56453,Miscellaneous
56469,Repair & Maintenance
56472,Miscellaneous
56475,Bars & Nightlife
56500,Miscellaneous
56504,Miscellaneous
56509,Restaurants
56512,Miscellaneous
56526,Health & Beauty
56534,Repair & Maintenance
56538,Restaurants
56540,Repair & Maintenance
56547,Miscellaneous
56554,Health & Beauty
56563,Automotive Retail
56567,Health & Beauty
56570,Specialty Food
56575,Coffee & Tea
56593,Miscellaneous
56605,Miscellaneous
56635,Miscellaneous
56643,Miscellaneous
56644,Repair & Maintenance
56647,Miscellaneous
56648,Miscellaneous
56652,Miscellaneous
56656,Bakery & Desserts
56658,Fitness & Recreation
56661,Miscellaneous
56663,Miscellaneous
56669,Miscellaneous
56675,Miscellaneous
56679,Restaurants
56705,Miscellaneous
56721,Miscellaneous
56726,Miscellaneous
56732,Restaurants
56736,Miscellaneous
56745,Miscellaneous
56769,Bakery & Desserts
56772,Restaurants
56773,Restaurants
56778,Telecommunications
56784,Hotels & Motels
56804,Restaurants
56829,Miscellaneous
56847,Consulting
56857,Restaurants
56858,Miscellaneous
56860,Arts & Entertainment
56864,Health & Beauty
56868,Miscellaneous
56870,Business Services
56879,Miscellaneous
56885,Medical Offices
56889,Miscellaneous
56890,Miscellaneous
56900,Miscellaneous
56910,Miscellaneous
56919,Restaurants
56960,Coffee & Tea
56962,Restaurants
56972,Restaurants
56987,Financial Services
56997,Miscellaneous
57007,Real Estate
57076,Miscellaneous
57079,Miscellaneous
57103,Coffee & Tea
57105,Miscellaneous
57125,Restaurants
57133,Restaurants
57142,Hotels & Motels
57156,Restaurants
57176,Specialty Retail
57195,Clothing & Apparel
57230,Miscellaneous
57234,Restaurants
57287,Miscellaneous
57292,Miscellaneous
57310,Miscellaneous
57322,Specialty Food
57335,Specialty Food
57336,Coffee & Tea
57338,Fitness & Recreation
57355,Miscellaneous
57360,Specialty Retail
57370,Restaurants
57387,Miscellaneous
57388,Miscellaneous
57393,Coffee & Tea
57394,Restaurants
57433,Miscellaneous
57435,Specialty Retail
57443,Miscellaneous
57444,Miscellaneous
57459,Miscellaneous
57466,Miscellaneous
57468,Miscellaneous
57482,Fitness & Recreation
57485,Miscellaneous
57510,Restaurants
57517,Medical Offices
57529,Telecommunications
57531,Miscellaneous
57553,Fast Food
57555,Restaurants
57561,Restaurants
57571,Miscellaneous
57582,Miscellaneous
57594,Restaurants
57653,Real Estate
57660,Miscellaneous
57697,Fast Food
57699,Restaurants
57707,Specialty Food
57732,Fitness & Recreation
57752,Bakery & Desserts
57763,Home & Garden
57766,Restaurants
57769,Clothing & Apparel
57775,Clothing & Apparel
57816,Miscellaneous
57819,Miscellaneous
57822,Health & Beauty
57833,Restaurants
57834,Coffee & Tea
57841,Fitness & Recreation
57866,Coffee & Tea
57890,IT Services
57900,Real Estate
57906,Bakery & Desserts
57913,Restaurants
57916,Miscellaneous
57944,Repair & Maintenance
57977,Miscellaneous
57981,Miscellaneous
57988,Miscellaneous
57989,Miscellaneous
57994,Restaurants
57999,Miscellaneous
58007,Miscellaneous
58013,Miscellaneous
58016,Specialty Retail
58030,Real Estate
58032,Miscellaneous
58062,Restaurants
58096,Miscellaneous
58100,Miscellaneous
58107,Health & Beauty
58117,Miscellaneous
58151,Miscellaneous
58163,Events & Venues
58182,Restaurants
58190,Miscellaneous
58191,Schools
58202,Restaurants
58217,Bars & Nightlife
58231,Miscellaneous
58246,Miscellaneous
58300,Specialty Food
58311,Health & Beauty
58324,Bars & Nightlife
58339,Medical Offices
58350,Health & Beauty
58353,Medical Offices
58366,Miscellaneous
58376,Health & Beauty
58393,Restaurants
58400,Health & Beauty
58419,Restaurants
58424,Health & Beauty
58431,Medical Offices
58432,Miscellaneous
58437,Bakery & Desserts
58448,Miscellaneous
58458,Restaurants
58461,Miscellaneous
58490,Miscellaneous
58496,Automotive Retail
58508,Bars & Nightlife
58534,Automotive Retail
58538,Miscellaneous
58539,Miscellaneous
58540,Travel Services
58551,Health & Beauty
58569,Miscellaneous
58578,Restaurants
58607,Miscellaneous
58647,Restaurants
58651,Consulting
58677,Home & Garden
58686,Miscellaneous
58689,Miscellaneous
58697,Fitness & Recreation
58707,Specialty Retail
58717,Miscellaneous
58724,Restaurants
58735,Restaurants
58754,Miscellaneous
58758,Arts & Entertainment
58767,Miscellaneous
58770,Medical Offices
58771,Medical Offices
58775,Miscellaneous
58792,Miscellaneous
58864,Restaurants
58866,Miscellaneous
58879,Repair & Maintenance
58882,Miscellaneous
58886,Restaurants
58910,Miscellaneous
58914,Telecommunications
58918,Miscellaneous
58922,Miscellaneous
58934,Miscellaneous
58935,Medical Offices
58940,Bars & Nightlife
58947,Miscellaneous
58955,Restaurants
58964,Miscellaneous
58970,Financial Services
58985,Miscellaneous
59011,Miscellaneous
59071,Miscellaneous
59075,Miscellaneous
59079,Miscellaneous
59107,Pet Services
59140,IT Services
59167,Restaurants
59176,Miscellaneous
59196,Real Estate
59203,Sports & Recreation
59205,Miscellaneous
59218,Miscellaneous
59239,Medical Offices
59277,Miscellaneous
59290,Miscellaneous
59292,Automotive Retail
59299,Miscellaneous
59306,Restaurants
59310,Health & Beauty
59339,Fitness & Recreation
59340,Miscellaneous
59376,Miscellaneous
59386,Health & Beauty
59391,Medical Offices
59393,Electrical
59427,Miscellaneous
59459,Miscellaneous
59468,Restaurants
59476,Miscellaneous
59511,Miscellaneous
59531,Real Estate
59539,Fitness & Recreation
59552,Bars & Nightlife
59575,Pet Services
59609,Miscellaneous
59623,Miscellaneous
59656,Business Services
59666,Health & Beauty
59670,Health & Beauty
59673,Miscellaneous
59699,Bakery & Desserts
59708,Restaurants
59721,Miscellaneous
59742,Automotive Retail
59795,Repair & Maintenance
59796,Repair & Maintenance
59797,Clothing & Apparel
59799,Restaurants
59824,Bars & Nightlife
59867,Miscellaneous
59868,Restaurants
59869,Miscellaneous
59882,Miscellaneous
59883,Specialty Food
59898,Restaurants
59908,Miscellaneous
59949,Restaurants
59963,Coffee & Tea
59977,Construction & Contractors
59995,Miscellaneous
60040,Miscellaneous
60052,Miscellaneous
60066,Health & Beauty
60069,Miscellaneous
60081,Miscellaneous
60088,Bakery & Desserts
60093,Bars & Nightlife
60105,Medical Offices
60129,Travel Services
60135,Miscellaneous
60136,Coffee & Tea
60144,Miscellaneous
60156,Health & Beauty
60158,Health & Beauty
60217,Fitness & Recreation
60236,Specialty Food
60239,Specialty Food
60242,Health & Beauty
60243,Health & Beauty
60266,Miscellaneous
60267,Pet Services
60274,Miscellaneous
60275,Real Estate
60276,Restaurants
60277,Clothing & Apparel
60312,Restaurants
60333,Financial Services
60336,Miscellaneous
60340,Restaurants
60349,Health & Beauty
60362,Restaurants
60365,Bars & Nightlife
60398,Miscellaneous
60401,Miscellaneous
60407,Fast Food
60415,Health & Beauty
60416,Coffee & Tea
60418,Miscellaneous
60459,Restaurants
60474,Specialty Food
60482,Miscellaneous
60507,Car Wash & Detailing
60514,Miscellaneous
60563,Restaurants
60573,Specialty Retail
60594,Restaurants
60606,Restaurants
60610,Clothing & Apparel
60662,Health & Beauty
60664,Health & Beauty
60677,Miscellaneous
60693,Miscellaneous
60695,Health & Beauty
60717,Miscellaneous
60724,Restaurants
60750,Restaurants
60770,Restaurants
60779,Health & Beauty
60785,Miscellaneous
60791,Fast Food
60795,Health & Beauty
60835,Miscellaneous
60838,Telecommunications
60843,Fast Food
60849,Miscellaneous
60854,Miscellaneous
60869,Bars & Nightlife
60874,Restaurants
60880,Miscellaneous
60886,Medical Offices
60887,Fitness & Recreation
60889,Home & Garden
60897,Miscellaneous
60924,Restaurants
60948,Restaurants
60959,Miscellaneous
60984,Miscellaneous
61013,Telecommunications
61014,Coffee & Tea
61020,Miscellaneous
61026,Health & Beauty
61028,Bakery & Desserts
61039,Miscellaneous
61048,Specialty Food
61050,Miscellaneous
61080,Telecommunications
61125,Miscellaneous
61149,Restaurants
61161,Restaurants
61171,Miscellaneous
61175,Miscellaneous
61183,Miscellaneous
61190,Health & Beauty
61197,Health & Beauty
61199,Miscellaneous
61213,Miscellaneous
61232,Miscellaneous
61234,Restaurants
61240,Miscellaneous
61242,Plumbing & HVAC
61272,Restaurants
61292,Repair & Maintenance
61294,Bars & Nightlife
61316,Specialty Retail
61325,Miscellaneous
61328,Automotive Retail
61350,Coffee & Tea
61352,Miscellaneous
61358,Restaurants
61360,Miscellaneous
61435,Miscellaneous
61439,Clothing & Apparel
61454,Miscellaneous
61455,Restaurants
61456,Restaurants
61464,Miscellaneous
61487,Miscellaneous
61526,Telecommunications
61527,Miscellaneous
61540,Miscellaneous
61547,Miscellaneous
61548,General Merchandise
61557,Restaurants
61558,Restaurants
61576,Health & Beauty
61594,Clothing & Apparel
61617,Restaurants
61656,Restaurants
61665,Miscellaneous
61669,Events & Venues
61688,Bakery & Desserts
61690,Restaurants
61692,Miscellaneous
61699,Real Estate
61726,Miscellaneous
61727,Consulting
61729,Miscellaneous
61732,Restaurants
61739,Miscellaneous
61740,Miscellaneous
61745,Miscellaneous
61752,Miscellaneous
61753,Miscellaneous
61760,Coffee & Tea
61786,Miscellaneous
61792,Restaurants
61793,Restaurants
61795,Miscellaneous
61799,Restaurants
61803,Restaurants
61851,Miscellaneous
61854,Clothing & Apparel
61865,Miscellaneous
61918,Bakery & Desserts
61940,Business Services
61953,Health & Beauty
61957,Health & Beauty
61958,Car Wash & Detailing
61966,Specialized Healthcare
61967,Miscellaneous
61981,Restaurants
61984,Clothing & Apparel
61985,Health & Beauty
62009,Restaurants
62018,Financial Services
62032,Health & Beauty
62035,Miscellaneous
62059,Restaurants
62065,Specialty Food
62079,Bars & Nightlife
62098,Pet Services
62121,Miscellaneous
62132,Miscellaneous
62134,Restaurants
62150,Restaurants
62165,Miscellaneous
62278,Automotive Retail
62295,Miscellaneous
62313,Miscellaneous
62317,Miscellaneous
62321,Restaurants
62339,Miscellaneous
62377,Miscellaneous
62378,Construction & Contractors
62380,Schools
62456,Bars & Nightlife
62460,Bars & Nightlife
62464,Coffee & Tea
62477,Specialty Food
62486,Miscellaneous
62490,Restaurants
62509,Fitness & Recreation
62526,Miscellaneous
62569,Miscellaneous
62577,Miscellaneous
62609,Coffee & Tea
62623,Miscellaneous
62665,Miscellaneous
62668,Miscellaneous
62670,Coffee & Tea
62675,Miscellaneous
62680,Miscellaneous
62683,Specialty Food
62686,Restaurants
62695,Miscellaneous
62698,Miscellaneous
62714,Miscellaneous
62715,Miscellaneous
62723,Arts & Entertainment
62735,Restaurants
62747,Restaurants
62754,Financial Services
62756,Fast Food
62763,Automotive Retail
62775,Restaurants
62786,Fitness & Recreation
62788,Miscellaneous
62803,Miscellaneous
62805,Miscellaneous
62806,Fast Food
62814,Restaurants
62815,Miscellaneous
62816,Miscellaneous
62818,Miscellaneous
62871,Miscellaneous
62872,Arts & Entertainment
62874,Restaurants
62875,Miscellaneous
62886,Financial Services
62889,Miscellaneous
62902,Health & Beauty
62903,Restaurants
62912,Events & Venues
62923,Financial Services
62955,Miscellaneous
62956,Automotive Retail
62958,Miscellaneous
62959,Restaurants
62961,Travel Services
62996,Hotels & Motels
63023,Telecommunications
63033,Restaurants
63051,General Merchandise
63060,Coffee & Tea
63066,Bars & Nightlife
63069,Hotels & Motels
63073,Sports & Recreation
63088,Restaurants
63089,Pharmacy
63103,Specialty Food
63104,Miscellaneous
63110,Events & Venues
63113,Miscellaneous
63138,Restaurants
63144,Miscellaneous
63169,Miscellaneous
63171,Fitness & Recreation
63175,Hotels & Motels
63177,Sports & Recreation
63181,Restaurants
63203,Miscellaneous
63205,Miscellaneous
63259,Miscellaneous
63276,Legal Services
63294,Bakery & Desserts
63300,Miscellaneous
63301,Specialty Food
63302,Miscellaneous
63310,Restaurants
63311,Miscellaneous
63341,Health & Beauty
63342,Miscellaneous
63343,Fast Food
63347,Specialty Food
63358,Miscellaneous
63385,Miscellaneous
63386,Miscellaneous
63392,Miscellaneous
63420,Restaurants
63438,Home & Garden
63467,Miscellaneous
63471,Health & Beauty
63476,Miscellaneous
63477,Miscellaneous
63491,Clothing & Apparel
63498,Miscellaneous
63523,Miscellaneous
63531,Miscellaneous
63546,Real Estate
63551,Plumbing & HVAC
63580,Miscellaneous
63585,Miscellaneous
63594,Childcare
63595,Miscellaneous
63627,IT Services
63628,Miscellaneous
63636,Construction & Contractors
63657,Restaurants
63668,Pet Services
63671,Specialized Healthcare
63685,Coffee & Tea
63698,Miscellaneous
63699,Miscellaneous
63700,Repair & Maintenance
63702,Miscellaneous
63703,Restaurants
63708,Bakery & Desserts
63709,Construction & Contractors
63717,Car Wash & Detailing
63718,Restaurants
63724,Coffee & Tea
63725,Restaurants
63764,Miscellaneous
63775,Fitness & Recreation
63783,Restaurants
63793,Health & Beauty
63794,Financial Services
63796,Miscellaneous
63798,Health & Beauty
63804,Restaurants
63812,Miscellaneous
63860,Restaurants
63890,Miscellaneous
63892,Bars & Nightlife
63915,Miscellaneous
63921,Specialty Food
63960,Fast Food
63968,Miscellaneous
63970,Telecommunications
63979,Miscellaneous
63993,Miscellaneous
63996,Restaurants
64019,Miscellaneous
64057,Coffee & Tea
64076,Restaurants
64078,Miscellaneous
64085,Medical Offices
64087,Restaurants
64096,Telecommunications
64115,Fast Food
64124,Miscellaneous
64131,Repair & Maintenance
64134,Hotels & Motels
64171,Coffee & Tea
64219,Miscellaneous
64235,Restaurants
64248,Arts & Entertainment
64269,Miscellaneous
64286,Miscellaneous
64299,Bars & Nightlife
64302,Fitness & Recreation
64303,Restaurants
64317,Miscellaneous
64323,Miscellaneous
64327,Miscellaneous
64384,Miscellaneous
64385,Automotive Retail
64390,Real Estate
64392,Restaurants
64397,Miscellaneous
64445,Health & Beauty
64466,Telecommunications
64483,Miscellaneous
64489,Restaurants
64503,Events & Venues
64536,Miscellaneous
64560,Arts & Entertainment
64568,Miscellaneous
64569,Restaurants
64574,Miscellaneous
64575,Miscellaneous
64576,Miscellaneous
64577,Miscellaneous
64578,Automotive Retail
64579,Miscellaneous
64581,Miscellaneous
64595,Miscellaneous
64598,Miscellaneous
64599,Clothing & Apparel
64629,Miscellaneous
64632,Miscellaneous
64650,Bars & Nightlife
64653,Health & Beauty
64672,General Merchandise
64674,Repair & Maintenance
64675,Coffee & Tea
64719,Sports & Recreation
64739,Miscellaneous
64795,Bars & Nightlife
64814,Miscellaneous
64815,Clothing & Apparel
64824,Specialty Food
64833,Miscellaneous
64868,Miscellaneous
64888,Fast Food
64912,Bars & Nightlife
64917,Repair & Maintenance
64919,Miscellaneous
64920,Coffee & Tea
64939,Restaurants
64941,Bakery & Desserts
64959,Restaurants
64960,Miscellaneous
64980,Bars & Nightlife
64982,Miscellaneous
64997,Miscellaneous
65010,Restaurants
65017,Restaurants
65023,Medical Offices
65040,Bakery & Desserts
65050,IT Services
65058,Bars & Nightlife
65084,Bars & Nightlife
65087,Miscellaneous
65088,Miscellaneous
65098,Restaurants
65147,Miscellaneous
65154,Miscellaneous
65194,Car Wash & Detailing
65197,Miscellaneous
65201,Restaurants
65203,Miscellaneous
65204,Automotive Retail
65205,General Merchandise
65239,Miscellaneous
65244,Miscellaneous
65245,Miscellaneous
65256,Miscellaneous
65257,Miscellaneous
65260,Miscellaneous
65282,Coffee & Tea
65320,Miscellaneous
65321,Restaurants
65322,Miscellaneous
65336,Miscellaneous
65340,General Merchandise
65342,Miscellaneous
65428,Restaurants
65435,Car Wash & Detailing
65447,Miscellaneous
65459,Miscellaneous
65499,Miscellaneous
65525,Clothing & Apparel
65530,Restaurants
65543,Medical Offices
65544,General Merchandise
65546,Coffee & Tea
65552,Restaurants
65555,Restaurants
65557,Arts & Entertainment
65567,Miscellaneous
65570,Miscellaneous
65575,Miscellaneous
65605,General Merchandise
65607,Health & Beauty
65609,Events & Venues
65611,Miscellaneous
65612,General Merchandise
65649,Clothing & Apparel
65661,Miscellaneous
65683,Coffee & Tea
65687,Restaurants
65708,Miscellaneous
65713,Medical Offices
65714,Miscellaneous
65716,Miscellaneous
65744,Bars & Nightlife
65765,Coffee & Tea
65766,Specialty Retail
65769,Miscellaneous
65770,Repair & Maintenance
65784,Coffee & Tea
65812,Miscellaneous
65839,Bars & Nightlife
65840,Miscellaneous
65842,Restaurants
65843,Automotive Retail
65844,Bakery & Desserts
65855,Restaurants
65880,Health & Beauty
65893,Miscellaneous
65899,Miscellaneous
65903,Miscellaneous
65905,Miscellaneous
65907,Miscellaneous
65908,Coffee & Tea
65912,Miscellaneous
65926,Clothing & Apparel
65951,Miscellaneous
65962,Miscellaneous
65971,Miscellaneous
65992,Bakery & Desserts
65993,Miscellaneous
65994,Fitness & Recreation
66053,Coffee & Tea
66058,Miscellaneous
66074,Miscellaneous
66079,Medical Offices
66081,Clothing & Apparel
66084,Restaurants
66085,Miscellaneous
66103,Real Estate
66108,Miscellaneous
66125,Restaurants
66129,Specialty Food
66132,Miscellaneous
66145,Bakery & Desserts
66149,Restaurants
66178,Schools
66199,Miscellaneous
66210,Restaurants
66215,Miscellaneous
66217,Medical Offices
66221,Miscellaneous
66240,Miscellaneous
66253,Miscellaneous
66270,Miscellaneous
66271,Bars & Nightlife
66296,Bars & Nightlife
66304,Arts & Entertainment
66305,Miscellaneous
66313,Bars & Nightlife
66317,Clothing & Apparel
66322,Health & Beauty
66339,Specialty Food
66340,Miscellaneous
66341,Miscellaneous
66347,Miscellaneous
66357,Medical Offices
66363,Miscellaneous
66368,Miscellaneous
66376,Restaurants
66381,Financial Services
66383,Miscellaneous
66388,Arts & Entertainment
66393,Bars & Nightlife
66395,Bakery & Desserts
66415,Miscellaneous
66425,Restaurants
66437,Miscellaneous
66460,Specialty Food
66479,General Merchandise
66483,Miscellaneous
66486,Bars & Nightlife
66489,Hotels & Motels
66495,Miscellaneous
66500,Miscellaneous
66504,Miscellaneous
66524,Bakery & Desserts
66544,Arts & Entertainment
66602,Restaurants
66605,Coffee & Tea
66610,Bars & Nightlife
66629,Restaurants
66630,Pet Services
66631,Restaurants
66633,Miscellaneous
66634,Miscellaneous
66635,Bars & Nightlife
66642,Restaurants
66657,Miscellaneous
66687,Miscellaneous
66698,Health & Beauty
66705,Coffee & Tea
66711,Miscellaneous
66715,Miscellaneous
66720,Health & Beauty
66744,Miscellaneous
66750,Coffee & Tea
66751,Bakery & Desserts
66752,Miscellaneous
66775,Bars & Nightlife
66778,Health & Beauty
66787,Coffee & Tea
66789,Miscellaneous
66790,Specialty Food
66797,Restaurants
66800,Miscellaneous
66805,Miscellaneous
66807,Fitness & Recreation
66828,Restaurants
66831,Restaurants
66832,Bakery & Desserts
66833,Miscellaneous
66852,Specialty Food
66873,Health & Beauty
66885,Fast Food
66888,Miscellaneous
66893,Plumbing & HVAC
66913,Medical Offices
66928,Bars & Nightlife
66929,Restaurants
66932,Miscellaneous
66967,Repair & Maintenance
66973,Miscellaneous
66993,Miscellaneous
66997,Specialty Food
67025,Miscellaneous
67037,Miscellaneous
67048,Health & Beauty
67050,Health & Beauty
67063,Miscellaneous
67067,Real Estate
67091,Car Wash & Detailing
67111,Health & Beauty
67127,Restaurants
67131,Cleaning Services
67165,Miscellaneous
67171,Financial Services
67193,Bars & Nightlife
67197,Miscellaneous
67230,Restaurants
67239,Telecommunications
67262,Miscellaneous
67275,Arts & Entertainment
67302,Telecommunications
67312,Health & Beauty
67315,Bars & Nightlife
67355,Miscellaneous
67360,Miscellaneous
67372,Real Estate
67389,Restaurants
67405,Events & Venues
67451,Miscellaneous
67461,Miscellaneous
67472,Real Estate
67473,Miscellaneous
67475,Financial Services
67483,Miscellaneous
67484,Real Estate
67510,Bars & Nightlife
67521,Miscellaneous
67526,Construction & Contractors
67528,Coffee & Tea
67578,Miscellaneous
67584,Miscellaneous
67585,Construction & Contractors
67592,Miscellaneous
67612,Miscellaneous
67618,Business Services
67625,Business Services
67626,Restaurants
67630,Miscellaneous
67634,Restaurants
67637,Fast Food
67661,Miscellaneous
67677,Miscellaneous
67693,Miscellaneous
67695,Fast Food
67697,Health & Beauty
67700,Fitness & Recreation
67727,Construction & Contractors
67732,Miscellaneous
67736,Health & Beauty
67745,Arts & Entertainment
67751,Restaurants
67785,Cleaning Services
67805,Repair & Maintenance
67820,Miscellaneous
67834,Restaurants
67847,Miscellaneous
67856,Restaurants
67893,Miscellaneous
67916,Specialty Food
67918,Restaurants
67924,Restaurants
67934,Miscellaneous
67961,Specialty Retail
67962,Restaurants
67976,Specialty Food
67981,Restaurants
67991,Miscellaneous
68003,Miscellaneous
68008,Bars & Nightlife
68010,Miscellaneous
68015,Miscellaneous
68047,Miscellaneous
68057,Miscellaneous
68091,General Merchandise
68097,Miscellaneous
68100,Fitness & Recreation
68114,Miscellaneous
68138,Miscellaneous
68155,Restaurants
68163,Miscellaneous
68165,Coffee & Tea
68169,Restaurants
68171,Car Wash & Detailing
68181,Miscellaneous
68184,General Merchandise
68190,Specialty Food
68191,Towing & Roadside
68192,Miscellaneous
68196,Medical Offices
68221,Cleaning Services
68236,Restaurants
68250,Miscellaneous
68251,Miscellaneous
68282,Miscellaneous
68291,Legal Services
68326,Restaurants
68330,Miscellaneous
68335,Automotive Retail
68347,Miscellaneous
68364,Miscellaneous
68384,Health & Beauty
68401,Financial Services
68419,Pet Services
68422,Miscellaneous
68458,Miscellaneous
68472,Miscellaneous
68478,Miscellaneous
68481,Miscellaneous
68482,Repair & Maintenance
68497,Medical Offices
68500,Miscellaneous
68512,Arts & Entertainment
68513,Miscellaneous
68516,Coffee & Tea
68530,Miscellaneous
68539,Fast Food
68551,Miscellaneous
68558,Miscellaneous
68565,Health & Beauty
68570,Automotive Retail
68578,Coffee & Tea
68623,Miscellaneous
68627,Health & Beauty
68633,Health & Beauty
68643,Restaurants
68670,Repair & Maintenance
68686,Medical Offices
68720,Miscellaneous
68731,Miscellaneous
68733,Miscellaneous
68762,Miscellaneous
68782,Travel Services
68783,Restaurants
68797,Restaurants
68812,Health & Beauty
68829,Financial Services
68855,Schools
68863,Health & Beauty
68864,Miscellaneous
68868,Specialty Food
68886,Coffee & Tea
68896,Telecommunications
68914,Coffee & Tea
68930,Miscellaneous
68945,Miscellaneous
68969,Legal Services
68985,Telecommunications
68998,Restaurants
69003,Miscellaneous
69013,Miscellaneous
69014,Financial Services
69025,Miscellaneous
69032,Miscellaneous
69067,Miscellaneous
69077,Medical Offices
69084,Dry Cleaning & Laundry
69086,Repair & Maintenance
69096,Restaurants
69097,IT Services
69099,Miscellaneous
69103,Miscellaneous
69121,Miscellaneous
69130,Miscellaneous
69165,Fitness & Recreation
69195,Miscellaneous
69198,Health & Beauty
69203,Miscellaneous
69213,Restaurants
69224,Miscellaneous
69287,Miscellaneous
69289,Home & Garden
69303,Sports & Recreation
69313,Restaurants
69317,Financial Services
69321,Specialty Food
69333,Miscellaneous
69335,Specialty Food
69342,Health & Beauty
69350,Restaurants
69355,Miscellaneous
69372,Miscellaneous
69373,Restaurants
69377,Miscellaneous
69385,Real Estate
69389,Restaurants
69396,Medical Offices
69408,Miscellaneous
69457,Miscellaneous
69463,Miscellaneous
69468,Miscellaneous
69480,Health & Beauty
69482,Miscellaneous
69483,Clothing & Apparel
69498,Miscellaneous
69499,Bakery & Desserts
69500,Specialty Food
69519,Miscellaneous
69548,Medical Offices
69567,Miscellaneous
69573,Home & Garden
69579,Restaurants
69595,Miscellaneous
69603,Health & Beauty
69605,Cleaning Services
69609,Coffee & Tea
69616,Miscellaneous
69622,Car Wash & Detailing
69652,Home & Garden
69675,Miscellaneous
69699,Arts & Entertainment
69707,Miscellaneous
69708,Miscellaneous
69718,Miscellaneous
69735,Miscellaneous
69736,Financial Services
69746,Miscellaneous
69755,Health & Beauty
69765,Miscellaneous
69779,Miscellaneous
69789,Restaurants
69803,Miscellaneous
69814,Repair & Maintenance
69823,Miscellaneous
69845,Miscellaneous
69854,Bars & Nightlife
69859,Restaurants
69877,Restaurants
69878,Arts & Entertainment
69883,Miscellaneous
69903,Schools
69904,Schools
69934,Financial Services
69948,Miscellaneous
69950,Restaurants
69955,Miscellaneous
69970,Miscellaneous
69982,Coffee & Tea
69986,Miscellaneous
70008,Miscellaneous
70011,Miscellaneous
70032,Miscellaneous
70034,Miscellaneous
70037,Medical Offices
70053,Restaurants
70062,Health & Beauty
70065,Specialty Food
70070,Specialty Food
70071,Specialty Retail
70096,Miscellaneous
70106,Miscellaneous
70118,Miscellaneous
70142,Miscellaneous
70143,Health & Beauty
70157,Miscellaneous
70162,Miscellaneous
70167,Miscellaneous
70171,IT Services
70180,Construction & Contractors
70203,Repair & Maintenance
70217,Telecommunications
70232,Miscellaneous
70258,Health & Beauty
70261,Miscellaneous
70268,Miscellaneous
70281,Restaurants
70282,Miscellaneous
70341,Miscellaneous
70354,Miscellaneous
70355,Miscellaneous
70362,Miscellaneous
70404,Consulting
70420,Miscellaneous
70458,Miscellaneous
70481,Miscellaneous
70491,Sports & Recreation
70514,Medical Offices
70515,Specialized Healthcare
70542,Miscellaneous
70561,Sports & Recreation
70570,Miscellaneous
70571,Miscellaneous
70607,Miscellaneous
70613,Bars & Nightlife
70648,Fitness & Recreation
70662,Bars & Nightlife
70678,Miscellaneous
70680,Miscellaneous
70683,Miscellaneous
70685,Health & Beauty
70689,Miscellaneous
70691,Miscellaneous
70713,Miscellaneous
70730,Miscellaneous
70756,Coffee & Tea
70786,Repair & Maintenance
70791,Bars & Nightlife
70826,Telecommunications
70829,Miscellaneous
70833,Financial Services
70836,Miscellaneous
70849,Miscellaneous
70856,Bars & Nightlife
70885,Miscellaneous
70922,Construction & Contractors
70934,Restaurants
70935,Miscellaneous
70956,Miscellaneous
70960,Miscellaneous
70971,Health & Beauty
70972,Repair & Maintenance
70982,Specialty Retail
71012,Health & Beauty
71053,Miscellaneous
71054,Restaurants
71057,Restaurants
71064,Electrical
71081,Restaurants
71093,Restaurants
71112,Miscellaneous
71118,Travel Services
71177,Miscellaneous
71231,Mental Health
71237,Specialty Retail
71242,Miscellaneous
71249,Repair & Maintenance
71252,Health & Beauty
71255,Bars & Nightlife
71279,Clothing & Apparel
71280,Construction & Contractors
71327,Miscellaneous
71335,Financial Services
71353,Bars & Nightlife
71368,Automotive Retail
71398,Miscellaneous
71400,Miscellaneous
71448,Miscellaneous
71450,Miscellaneous
71454,Miscellaneous
71455,Miscellaneous
71466,Miscellaneous
71476,Pet Services
71480,Restaurants
71502,Miscellaneous
71504,Miscellaneous
71512,Coffee & Tea
71527,Miscellaneous
71574,Legal Services
71576,Health & Beauty
71578,Telecommunications
71593,Telecommunications
71594,Miscellaneous
71605,Miscellaneous
71617,Miscellaneous
71618,Miscellaneous
71642,Travel Services
71647,Miscellaneous
71655,Miscellaneous
71663,Miscellaneous
71695,Miscellaneous
71698,Plumbing & HVAC
71714,Real Estate
71723,Miscellaneous
71743,Miscellaneous
71766,Health & Beauty
71797,Miscellaneous
71800,Miscellaneous
71801,Restaurants
71817,Miscellaneous
71836,Restaurants
71865,Arts & Entertainment
71866,Specialty Food
71870,Restaurants
71871,Health & Beauty
71878,Clothing & Apparel
71885,Miscellaneous
71889,Health & Beauty
71898,Medical Offices
71931,Miscellaneous
71932,Miscellaneous
71969,Miscellaneous
71970,Medical Offices
71983,Miscellaneous
71998,Construction & Contractors
72024,Miscellaneous
72057,Legal Services
72063,Specialty Food
72065,Miscellaneous
72066,Specialty Food
72087,Miscellaneous
72090,Real Estate
72093,Landscaping
72107,Medical Offices
72114,Medical Offices
72164,Repair & Maintenance
72184,Miscellaneous
72193,Miscellaneous
72197,Miscellaneous
72202,Miscellaneous
72212,Miscellaneous
72237,Miscellaneous
72246,Miscellaneous
72252,Miscellaneous
72278,Health & Beauty
72279,Miscellaneous
72287,Miscellaneous
72288,Miscellaneous
72299,Repair & Maintenance
72304,Miscellaneous
72309,General Merchandise
72320,Clothing & Apparel
72327,Financial Services
72328,Health & Beauty
72334,Business Services
72335,Health & Beauty
72366,Miscellaneous
72395,Miscellaneous
72404,Miscellaneous
72411,Restaurants
72420,Miscellaneous
72422,Miscellaneous
72448,Fast Food
72473,Travel Services
72488,Dry Cleaning & Laundry
72491,Health & Beauty
72501,Telecommunications
72502,Restaurants
72516,Fast Food
72532,Specialized Healthcare
72543,Health & Beauty
72545,Miscellaneous
72561,Restaurants
72568,Miscellaneous
72569,Pharmacy
72585,Health & Beauty
72588,Business Services
72593,Schools
72622,Miscellaneous
72626,Business Services
72642,Bars & Nightlife
72669,Fitness & Recreation
72679,Miscellaneous
72681,Miscellaneous
72698,Health & Beauty
72699,Restaurants
72719,Miscellaneous
72721,Miscellaneous
72724,Miscellaneous
72727,Miscellaneous
72740,Miscellaneous
72755,Hotels & Motels
72788,Specialized Healthcare
72790,Specialized Healthcare
72791,Miscellaneous
72801,Bakery & Desserts
72809,Miscellaneous
72828,Miscellaneous
72858,Miscellaneous
72880,Miscellaneous
72892,Miscellaneous
72915,Miscellaneous
72918,Repair & Maintenance
72920,Miscellaneous
72924,Miscellaneous
72943,Health & Beauty
72969,Bars & Nightlife
72978,Miscellaneous
73029,Arts & Entertainment
73031,Miscellaneous
73063,Pharmacy
73084,Miscellaneous
73088,Miscellaneous
73094,Construction & Contractors
73096,Medical Offices
73098,Real Estate
73101,Miscellaneous
73119,Restaurants
73141,Telecommunications
73157,Landscaping
73160,Restaurants
73169,Restaurants
73217,Miscellaneous
73220,Miscellaneous
73222,Miscellaneous
73241,Clothing & Apparel
73259,Arts & Entertainment
73262,Miscellaneous
73266,Plumbing & HVAC
73269,Miscellaneous
73271,Legal Services
73272,Construction & Contractors
73276,Dry Cleaning & Laundry
73309,Pet Services
73342,Miscellaneous
73394,Restaurants
73398,Restaurants
73399,Repair & Maintenance
73409,Miscellaneous
73431,Miscellaneous
73445,Pet Services
73446,Miscellaneous
73447,Sports & Recreation
73448,Sports & Recreation
73454,Miscellaneous
73465,Miscellaneous
73466,Financial Services
73472,Miscellaneous
73480,Towing & Roadside
73482,Miscellaneous
73496,Medical Offices
73513,Repair & Maintenance
73518,Miscellaneous
73521,Miscellaneous
73531,Automotive Retail
73554,Miscellaneous
73558,Miscellaneous
73561,Schools
73575,Coffee & Tea
73576,Health & Beauty
73658,Miscellaneous
73659,Miscellaneous
73673,Medical Offices
73703,Automotive Retail
73732,Miscellaneous
73741,Restaurants
73746,Miscellaneous
73759,Restaurants
73763,Miscellaneous
73792,Real Estate
73799,Miscellaneous
73802,Miscellaneous
73805,Health & Beauty
73820,Miscellaneous
73843,Restaurants
73862,Miscellaneous
73874,Restaurants
73899,Travel Services
73903,Miscellaneous
73912,Medical Offices
73914,Repair & Maintenance
73936,Miscellaneous
73937,Miscellaneous
73962,Automotive Retail
73963,Electrical
73964,Pet Services
73965,Dry Cleaning & Laundry
73982,Restaurants
73996,Miscellaneous
74012,Miscellaneous
74022,Bars & Nightlife
74027,Specialty Food
74042,Repair & Maintenance
74055,Miscellaneous
74057,Medical Offices
74080,Automotive Retail
74081,Miscellaneous
74091,Miscellaneous
74155,Clothing & Apparel
74186,Pharmacy
74204,Miscellaneous
74206,Miscellaneous
74218,Financial Services
74238,Specialty Food
74246,Specialized Healthcare
74255,Miscellaneous
74303,Miscellaneous
74304,Miscellaneous
74308,Specialty Food
74324,Miscellaneous
74328,Medical Offices
74335,Telecommunications
74349,Miscellaneous
74359,Health & Beauty
74373,Telecommunications
74377,Coffee & Tea
74378,Bars & Nightlife
74393,Pharmacy
74396,Miscellaneous
74398,Coffee & Tea
74409,Pet Services
74416,Miscellaneous
74428,Restaurants
74436,Fitness & Recreation
74460,Miscellaneous
74479,Bars & Nightlife
74488,Plumbing & HVAC
74506,Miscellaneous
74515,Miscellaneous
74523,Miscellaneous
74526,Miscellaneous
74529,Repair & Maintenance
74541,Specialty Retail
74547,Health & Beauty
74566,Miscellaneous
74567,Miscellaneous
74569,Miscellaneous
74571,Miscellaneous
74575,Medical Offices
74634,Miscellaneous
74635,Miscellaneous
74650,Coffee & Tea
74660,Events & Venues
74662,Restaurants
74690,Fitness & Recreation
74694,Medical Offices
74701,Miscellaneous
74702,Miscellaneous
74746,Repair & Maintenance
74754,Miscellaneous
74758,Construction & Contractors
74825,Miscellaneous
74826,Miscellaneous
74837,Health & Beauty
74842,Legal Services
74847,Sports & Recreation
74854,Health & Beauty
74860,Health & Beauty
74865,Miscellaneous
74871,Miscellaneous
74873,Real Estate
74874,Hotels & Motels
74875,Miscellaneous
74881,Miscellaneous
74903,Miscellaneous
74907,Home & Garden
74949,Financial Services
74990,Restaurants
75029,Telecommunications
75039,Telecommunications
75040,Pet Services
75049,Miscellaneous
75058,Miscellaneous
75060,Miscellaneous
75073,Specialized Healthcare
75083,Medical Offices
75101,Financial Services
75115,Electrical
75122,Specialty Retail
75126,Miscellaneous
75139,Miscellaneous
75147,Restaurants
75149,Travel Services
75151,Health & Beauty
75182,Health & Beauty
75184,Health & Beauty
75196,Miscellaneous
75198,Miscellaneous
75201,Miscellaneous
75212,Telecommunications
75228,Miscellaneous
75259,Miscellaneous
75267,Miscellaneous
75282,Fast Food
75297,Miscellaneous
75301,Miscellaneous
75329,Miscellaneous
75331,Bakery & Desserts
75338,Health & Beauty
75342,Health & Beauty
75426,Automotive Retail
75430,Miscellaneous
75431,Miscellaneous
75434,Dry Cleaning & Laundry
75474,Coffee & Tea
75503,Miscellaneous
75508,Business Services
75514,Miscellaneous
75549,Miscellaneous
75555,Pet Services
75559,Miscellaneous
75574,Miscellaneous
75608,Financial Services
75615,Health & Beauty
75629,Medical Offices
75636,Miscellaneous
75647,Health & Beauty
75656,Miscellaneous
75657,Plumbing & HVAC
75668,Miscellaneous
75674,Miscellaneous
75697,Specialty Food
75706,Miscellaneous
75714,General Merchandise
75739,Miscellaneous
75759,Miscellaneous
75768,Restaurants
75772,Bars & Nightlife
75782,Health & Beauty
75786,Miscellaneous
75794,Business Services
75796,Financial Services
75838,Miscellaneous
75844,Sports & Recreation
75861,Miscellaneous
75869,Car Wash & Detailing
75902,Restaurants
75953,Fitness & Recreation
75956,Miscellaneous
75958,Coffee & Tea
75965,Miscellaneous
75970,Miscellaneous
75977,Miscellaneous
75981,Miscellaneous
75985,Miscellaneous
75989,Specialized Healthcare
75998,Medical Offices
76005,Miscellaneous
76020,Miscellaneous
76022,Pharmacy
76054,Miscellaneous
76058,Restaurants
76059,Miscellaneous
76072,Miscellaneous
76076,Miscellaneous
76139,Restaurants
76144,Restaurants
76145,Miscellaneous
76154,Bars & Nightlife
76157,Medical Offices
76182,Miscellaneous
76284,Miscellaneous
76288,Pharmacy
76314,Miscellaneous
76359,Miscellaneous
76372,Miscellaneous
76397,Restaurants
76415,Car Wash & Detailing
76443,Restaurants
76484,Telecommunications
76499,Restaurants
76514,Restaurants
76546,Miscellaneous
76566,Miscellaneous
76567,Miscellaneous
76580,Fast Food
76597,Telecommunications
76682,Miscellaneous
76702,Miscellaneous
76733,Miscellaneous
76759,Miscellaneous
76776,Financial Services
76820,Miscellaneous
76882,Bars & Nightlife
76885,Fast Food
76886,Restaurants
76907,Bars & Nightlife
76921,Miscellaneous
76922,Miscellaneous
76969,Clothing & Apparel
76997,Miscellaneous
76999,Specialty Food
77001,Miscellaneous
77018,Miscellaneous
77019,Restaurants
77021,Bakery & Desserts
77060,IT Services
77069,Restaurants
77075,Miscellaneous
77088,Miscellaneous
77101,Restaurants
77102,Health & Beauty
77126,Miscellaneous
77144,Miscellaneous
77148,Miscellaneous
77168,Miscellaneous
77215,Health & Beauty
77218,Miscellaneous
77248,Automotive Retail
77254,Miscellaneous
77256,Miscellaneous
77274,Miscellaneous
77276,Home & Garden
77282,Fitness & Recreation
77283,Specialty Food
77290,Hotels & Motels
77292,Miscellaneous
77297,Coffee & Tea
77301,Miscellaneous
77321,Miscellaneous
77333,Miscellaneous
77348,Hotels & Motels
77352,Car Wash & Detailing
77370,Coffee & Tea
77383,Bars & Nightlife
77405,Restaurants
77425,Miscellaneous
77441,Health & Beauty
77446,Health & Beauty
77448,Fitness & Recreation
77449,Miscellaneous
77451,Pet Services
77456,Hotels & Motels
77460,Coffee & Tea
77472,Clothing & Apparel
77488,Bars & Nightlife
77500,Miscellaneous
77502,Miscellaneous
77551,Automotive Retail
77560,Financial Services
77578,Restaurants
77583,Mental Health
77588,Restaurants
77589,Miscellaneous
77596,Miscellaneous
77629,Miscellaneous
77631,Miscellaneous
77637,Schools
77638,Home & Garden
77648,Restaurants
77654,Miscellaneous
77672,Miscellaneous
77680,Financial Services
77682,Miscellaneous
77713,Health & Beauty
77724,Miscellaneous
77734,Specialized Healthcare
77736,Home & Garden
77752,Miscellaneous
77754,Miscellaneous
77755,Miscellaneous
77776,Coffee & Tea
77777,Bars & Nightlife
77786,Miscellaneous
77807,Childcare
77809,Fast Food
77816,Miscellaneous
77817,Miscellaneous
77838,Specialty Food
77845,Miscellaneous
77846,Fast Food
77849,Bakery & Desserts
77858,Medical Offices
77878,Financial Services
77881,Clothing & Apparel
77892,Specialty Retail
77903,Clothing & Apparel
77911,Telecommunications
77914,Coffee & Tea
77915,Miscellaneous
77921,Clothing & Apparel
77923,Miscellaneous
77954,Plumbing & HVAC
77955,Specialty Food
77965,Medical Offices
77984,Miscellaneous
78010,Real Estate
78014,Miscellaneous
78019,Restaurants
78043,Fast Food
78050,Restaurants
78052,Legal Services
78063,Restaurants
78070,Pharmacy
78074,Restaurants
78085,Bars & Nightlife
78099,Automotive Retail
78102,Telecommunications
78108,Cleaning Services
78128,Home & Garden
78152,Miscellaneous
78153,Miscellaneous
78154,Restaurants
78155,Health & Beauty
78157,Electrical
78158,Miscellaneous
78166,Miscellaneous
78197,Specialty Food
78200,Miscellaneous
78201,Automotive Retail
78203,Restaurants
78222,Coffee & Tea
78225,Electrical
78251,Miscellaneous
78253,Miscellaneous
78255,Clothing & Apparel
78310,Miscellaneous
78321,Sports & Recreation
78341,Restaurants
78354,Miscellaneous
78359,Sports & Recreation
78382,Restaurants
78391,Health & Beauty
78411,Miscellaneous
78416,Miscellaneous
78434,Miscellaneous
78442,Bars & Nightlife
78491,Coffee & Tea
78496,Dry Cleaning & Laundry
78590,Miscellaneous
78603,Travel Services
78605,Financial Services
78607,Specialty Retail
78608,Financial Services
78624,Restaurants
78638,Bars & Nightlife
78647,Bars & Nightlife
78662,Home & Garden
78666,Bars & Nightlife
78690,Miscellaneous
78691,Miscellaneous
78704,Specialty Food
78706,Miscellaneous
78721,Repair & Maintenance
78756,Restaurants
78757,Miscellaneous
78760,Cleaning Services
78765,Arts & Entertainment
78776,Miscellaneous
78784,Miscellaneous
78816,Clothing & Apparel
78821,Miscellaneous
78832,Pet Services
78849,Bars & Nightlife
78867,Bars & Nightlife
78868,Events & Venues
78869,Specialty Food
78870,Miscellaneous
78896,Health & Beauty
78922,Coffee & Tea
78926,Restaurants
78947,Restaurants
78948,Financial Services
78958,Miscellaneous
78961,Restaurants
78962,Miscellaneous
79004,Business Services
79005,Miscellaneous
79015,Miscellaneous
79017,Hotels & Motels
79025,Legal Services
79035,Bakery & Desserts
79037,Restaurants
79046,Miscellaneous
79052,Sports & Recreation
79061,Medical Offices
79062,Construction & Contractors
79063,Miscellaneous
79100,Bars & Nightlife
79103,Miscellaneous
79117,Miscellaneous
79128,Miscellaneous
79130,Restaurants
79131,Specialty Food
79132,Miscellaneous
79138,Health & Beauty
79149,Repair & Maintenance
79150,General Merchandise
79160,Miscellaneous
79162,Restaurants
79180,Coffee & Tea
79234,Miscellaneous
79299,Fast Food
79333,Restaurants
79343,Hotels & Motels
79345,Restaurants
79370,Dry Cleaning & Laundry
79374,Miscellaneous
79375,Restaurants
79391,Miscellaneous
79401,Specialty Food
79402,Miscellaneous
79407,Miscellaneous
79416,Miscellaneous
79426,Schools
79434,Miscellaneous
79439,Miscellaneous
79442,Pet Services
79448,Pet Services
79480,Telecommunications
79487,Restaurants
79502,Miscellaneous
79520,Specialty Food
79537,Real Estate
79539,Restaurants
79551,Bars & Nightlife
79564,Sports & Recreation
79565,Restaurants
79568,Miscellaneous
79569,Specialty Food
79570,Miscellaneous
79573,Travel Services
79578,Miscellaneous
79602,Bars & Nightlife
79603,Coffee & Tea
79632,Miscellaneous
79656,Restaurants
79682,Bars & Nightlife
79683,Restaurants
79693,Car Wash & Detailing
79697,Miscellaneous
79698,Bars & Nightlife
79699,Specialty Retail
79700,Specialty Retail
79703,Miscellaneous
79710,Miscellaneous
79719,Restaurants
79753,Bars & Nightlife
79765,Real Estate
79771,Miscellaneous
79794,Specialty Retail
79795,Financial Services
79814,Bakery & Desserts
79825,Miscellaneous
79828,Bars & Nightlife
79836,Miscellaneous
79852,Miscellaneous
79859,Restaurants
79865,Fast Food
79900,Clothing & Apparel
79908,Coffee & Tea
79938,Arts & Entertainment
79946,Specialty Food
79951,Fitness & Recreation
79983,Miscellaneous
79998,Restaurants
80006,Restaurants
80007,Miscellaneous
80023,Miscellaneous
80027,Bars & Nightlife
80098,Restaurants
80103,Health & Beauty
80109,Coffee & Tea
80120,Miscellaneous
80145,Arts & Entertainment
80172,Miscellaneous
80186,Specialty Retail
80192,Clothing & Apparel
80207,Miscellaneous
80213,Miscellaneous
80225,Miscellaneous
80231,Restaurants
80232,Miscellaneous
80254,Bakery & Desserts
80266,Miscellaneous
80269,Restaurants
80272,Restaurants
80285,Bars & Nightlife
80305,Automotive Retail
80310,Miscellaneous
80314,Health & Beauty
80371,Medical Offices
80372,Miscellaneous
80402,Miscellaneous
80413,Bars & Nightlife
80414,Miscellaneous
80447,Medical Offices
80453,Miscellaneous
80485,Miscellaneous
80494,Bars & Nightlife
80496,Miscellaneous
80499,Restaurants
80516,Miscellaneous
80615,Miscellaneous
80624,Miscellaneous
80678,Medical Offices
80702,Medical Offices
80705,Miscellaneous
80709,Miscellaneous
80713,Specialty Retail
80718,Miscellaneous
80720,Miscellaneous
80739,Legal Services
80752,Miscellaneous
80763,Restaurants
80764,Miscellaneous
80794,Restaurants
80801,Medical Offices
80803,Restaurants
80820,Real Estate
80828,Miscellaneous
80833,Miscellaneous
80842,Repair & Maintenance
80844,Towing & Roadside
80915,Fitness & Recreation
80945,Miscellaneous
80982,Specialty Food
80986,Specialty Food
80997,Sports & Recreation
81007,Miscellaneous
81021,Arts & Entertainment
81022,Restaurants
81037,Construction & Contractors
81045,Miscellaneous
81047,Miscellaneous
81048,Restaurants
81061,Miscellaneous
81063,Miscellaneous
81069,Restaurants
81142,Miscellaneous
81184,Miscellaneous
81206,Clothing & Apparel
81219,Miscellaneous
81244,Fitness & Recreation
81247,Restaurants
81265,Restaurants
81272,Miscellaneous
81285,Restaurants
81286,Restaurants
81299,Restaurants
81313,Restaurants
81315,Hotels & Motels
81365,Miscellaneous
81380,Telecommunications
81381,Health & Beauty
81387,Hotels & Motels
81409,Miscellaneous
81414,Miscellaneous
81438,Miscellaneous
81458,Clothing & Apparel
81472,Miscellaneous
81477,Specialty Food
81504,Restaurants
81505,Miscellaneous
81506,Miscellaneous
81528,Bakery & Desserts
81584,Restaurants
81599,Miscellaneous
81604,Restaurants
81605,Miscellaneous
81617,Restaurants
81618,Miscellaneous
81646,Miscellaneous
81647,Hotels & Motels
81649,Coffee & Tea
81650,Miscellaneous
81678,Miscellaneous
81707,Bars & Nightlife
81724,General Merchandise
81733,Miscellaneous
81769,Restaurants
81774,Specialty Food
81799,Specialty Food
81826,Miscellaneous
81827,Restaurants
81845,Restaurants
81852,Restaurants
81859,Cleaning Services
81919,Clothing & Apparel
81950,General Merchandise
81991,Telecommunications
81999,Pet Services
82044,Miscellaneous
82054,Restaurants
82064,Arts & Entertainment
82093,Sports & Recreation
82095,Health & Beauty
82101,Restaurants
82143,Miscellaneous
82149,Restaurants
82155,Miscellaneous
82182,Bars & Nightlife
82233,Health & Beauty
82239,Coffee & Tea
82270,Miscellaneous
82272,Repair & Maintenance
82279,Construction & Contractors
82334,Miscellaneous
82357,Bakery & Desserts
82358,Travel Services
82375,Restaurants
82399,General Merchandise
82461,Miscellaneous
82493,Miscellaneous
82494,Miscellaneous
82501,Miscellaneous
82508,Real Estate
82523,Hotels & Motels
82525,Health & Beauty
82527,Health & Beauty
82545,Pet Services
82567,Miscellaneous
82607,Miscellaneous
82608,Restaurants
82609,Miscellaneous
82613,Miscellaneous
82616,Restaurants
82628,Home & Garden
82632,Miscellaneous
82634,Miscellaneous
82642,Miscellaneous
82653,Coffee & Tea
82663,Miscellaneous
82666,Bars & Nightlife
82669,Restaurants
82678,Miscellaneous
82680,Miscellaneous
82703,Restaurants
82706,Miscellaneous
82711,Specialty Food
82736,Miscellaneous
82763,Specialty Retail
82784,Hotels & Motels
82789,Restaurants
82812,Miscellaneous
82863,Arts & Entertainment
82866,Bakery & Desserts
82872,Miscellaneous
82877,Restaurants
82886,Miscellaneous
82887,Real Estate
82888,Miscellaneous
82892,Miscellaneous
82893,Bakery & Desserts
82894,Miscellaneous
82910,Miscellaneous
82930,Mental Health
82978,Health & Beauty
83004,Miscellaneous
83006,Health & Beauty
83014,Miscellaneous
83051,Restaurants
83073,Health & Beauty
83077,Restaurants
83087,Miscellaneous
83091,Health & Beauty
83102,Miscellaneous
83104,Restaurants
83110,Restaurants
83128,Financial Services
83133,Miscellaneous
83154,Restaurants
83165,Miscellaneous
83170,Real Estate
83175,Restaurants
83192,Miscellaneous
83204,Bakery & Desserts
83226,Schools
83231,Real Estate
83258,Miscellaneous
83273,Events & Venues
83275,Miscellaneous
83276,Specialty Retail
83283,Bakery & Desserts
83291,Financial Services
83302,Miscellaneous
83304,Restaurants
83337,Specialty Food
83380,Legal Services
83395,Bars & Nightlife
83427,Bars & Nightlife
83456,Construction & Contractors
83460,Miscellaneous
83470,Restaurants
83502,Miscellaneous
83525,Legal Services
83529,Specialty Food
83531,Miscellaneous
83532,Miscellaneous
83547,Schools
83555,Miscellaneous
83583,Medical Offices
83595,Specialty Food
83596,Bakery & Desserts
83607,Bars & Nightlife
83616,Miscellaneous
83620,Miscellaneous
83663,Miscellaneous
83684,Miscellaneous
83688,Miscellaneous
83689,Miscellaneous
83710,Legal Services
83718,Restaurants
83723,Telecommunications
83789,Clothing & Apparel
83799,Miscellaneous
83826,Health & Beauty
83841,Medical Offices
83844,Miscellaneous
83862,Health & Beauty
83865,Legal Services
83868,Restaurants
83870,Real Estate
83874,Coffee & Tea
83875,Miscellaneous
83898,Miscellaneous
83904,Miscellaneous
83921,Tutoring
83922,Miscellaneous
83927,Miscellaneous
83937,Miscellaneous
83964,Events & Venues
83986,Hotels & Motels
83990,Miscellaneous
84005,Health & Beauty
84006,Home & Garden
84032,Miscellaneous
84037,Coffee & Tea
84082,Restaurants
84087,Miscellaneous
84094,Miscellaneous
84095,Miscellaneous
84106,Health & Beauty
84108,Miscellaneous
84109,Coffee & Tea
84111,Miscellaneous
84126,Miscellaneous
84141,Miscellaneous
84150,Hotels & Motels
84154,Schools
84171,Financial Services
84176,Miscellaneous
84187,Miscellaneous
84189,Miscellaneous
84197,Miscellaneous
84233,Miscellaneous
84234,Miscellaneous
84269,Schools
84271,Restaurants
84276,Miscellaneous
84299,Miscellaneous
84302,Miscellaneous
84313,Car Wash & Detailing
84316,Miscellaneous
84329,Restaurants
84343,Miscellaneous
84347,Automotive Retail
84367,Restaurants
84373,Bakery & Desserts
84376,Specialty Retail
84390,Restaurants
84400,Schools
84419,Bars & Nightlife
84444,Miscellaneous
84451,Miscellaneous
84466,Specialty Retail
84475,Miscellaneous
84485,Health & Beauty
84494,Miscellaneous
84507,Repair & Maintenance
84526,Schools
84532,Real Estate
84563,Miscellaneous
84567,Miscellaneous
84570,Miscellaneous
84593,Automotive Retail
84594,Medical Offices
84640,Schools
84647,Schools
84650,Restaurants
84653,Miscellaneous
84655,Clothing & Apparel
84663,Miscellaneous
84668,Health & Beauty
84672,Restaurants
84673,Miscellaneous
84681,Miscellaneous
84685,Miscellaneous
84691,Miscellaneous
84700,Miscellaneous
84712,Schools
84714,Miscellaneous
84727,Medical Offices
84729,Miscellaneous
84742,Miscellaneous
84749,Repair & Maintenance
84752,Fitness & Recreation
84755,Miscellaneous
84759,Restaurants
84780,Pet Services
84782,Construction & Contractors
84793,Restaurants
84797,Sports & Recreation
84798,Fast Food
84822,Miscellaneous
84841,Financial Services
84842,Health & Beauty
84872,Miscellaneous
84878,Miscellaneous
84888,Sports & Recreation
84898,Health & Beauty
84911,Fitness & Recreation
84918,Miscellaneous
84933,Miscellaneous
84934,Miscellaneous
84943,Repair & Maintenance
84952,Medical Offices
84960,General Merchandise
84963,Restaurants
84965,Sports & Recreation
84982,Automotive Retail
84990,Miscellaneous
85001,Miscellaneous
85002,Miscellaneous
85018,Events & Venues
85020,Real Estate
85032,Repair & Maintenance
85033,Coffee & Tea
85037,Restaurants
85038,Restaurants
85040,Health & Beauty
85061,Miscellaneous
85063,Restaurants
85090,Restaurants
85091,Schools
85107,Bars & Nightlife
85113,Bars & Nightlife
85142,Miscellaneous
85148,Automotive Retail
85162,Specialized Healthcare
85163,Telecommunications
85178,Health & Beauty
85228,Miscellaneous
85251,Miscellaneous
85258,Miscellaneous
85286,Consulting
85295,Restaurants
85300,Miscellaneous
85313,Miscellaneous
85329,Miscellaneous
85333,Miscellaneous
85376,Sports & Recreation
85388,Specialty Food
85393,Miscellaneous
85403,Miscellaneous
85424,Miscellaneous
85436,Miscellaneous
85459,Coffee & Tea
85474,Medical Offices
85481,Miscellaneous
85495,Miscellaneous
85522,Miscellaneous
85538,Fast Food
85553,Miscellaneous
85568,Miscellaneous
85591,Restaurants
85594,Health & Beauty
85622,Miscellaneous
85625,Miscellaneous
85635,Bars & Nightlife
85651,Miscellaneous
85656,Medical Offices
85675,Miscellaneous
85694,Health & Beauty
85711,Miscellaneous
85733,General Merchandise
85734,Miscellaneous
85744,Miscellaneous
85759,Bars & Nightlife
85766,Miscellaneous
85786,Financial Services
85787,Miscellaneous
85807,Real Estate
85811,Miscellaneous
85812,Medical Offices
85816,Miscellaneous
85866,Fast Food
85867,Legal Services
85889,Miscellaneous
85893,Medical Offices
85905,Miscellaneous
85913,Miscellaneous
85917,Miscellaneous
85919,Bakery & Desserts
85927,Miscellaneous
85929,Miscellaneous
85933,Arts & Entertainment
85941,Miscellaneous
85942,Specialized Healthcare
85948,Schools
85951,Coffee & Tea
85973,Miscellaneous
85978,Restaurants
86011,Miscellaneous
86027,Schools
86046,Bars & Nightlife
86051,Hotels & Motels
86059,Miscellaneous
86072,Restaurants
86127,Specialty Food
86130,Miscellaneous
86137,Miscellaneous
86143,Miscellaneous
86152,Coffee & Tea
86155,Medical Offices
86163,Miscellaneous
86165,IT Services
86186,Miscellaneous
86193,Miscellaneous
86217,Car Wash & Detailing
86232,Electrical
86284,Miscellaneous
86289,Clothing & Apparel
86297,Home & Garden
86375,Miscellaneous
86382,Miscellaneous
86405,Miscellaneous
86419,Bars & Nightlife
86420,Restaurants
86429,Miscellaneous
86432,Pharmacy
86434,Miscellaneous
86445,Miscellaneous
86460,Restaurants
86481,Miscellaneous
86510,Telecommunications
86518,Miscellaneous
86524,Specialty Retail
86530,Miscellaneous
86536,Miscellaneous
86613,Specialty Food
86644,Childcare
86645,Medical Offices
86649,Medical Offices
86670,Financial Services
86689,Financial Services
86747,Specialized Healthcare
86758,Repair & Maintenance
86766,Health & Beauty
86777,Health & Beauty
86796,Real Estate
86798,Miscellaneous
86800,Miscellaneous
86802,Bars & Nightlife
86824,Clothing & Apparel
86847,Travel Services
86878,Miscellaneous
86882,Miscellaneous
86906,Restaurants
86944,Legal Services
86945,Miscellaneous
87015,Restaurants
87048,Health & Beauty
87049,Miscellaneous
87050,Fast Food
87060,Miscellaneous
87108,Miscellaneous
87139,Bars & Nightlife
87156,Restaurants
87186,Business Services
87193,Miscellaneous
87223,Miscellaneous
87225,Miscellaneous
87230,Dry Cleaning & Laundry
87285,Miscellaneous
87307,Miscellaneous
87326,Miscellaneous
87329,Miscellaneous
87335,Repair & Maintenance
87336,Medical Offices
87340,Miscellaneous
87356,Miscellaneous
87363,Real Estate
87365,Arts & Entertainment
87378,Specialized Healthcare
87423,Health & Beauty
87428,Financial Services
87433,Sports & Recreation
87455,Miscellaneous
87478,Miscellaneous
87484,Consulting
87491,Health & Beauty
87509,Cleaning Services
87517,Miscellaneous
87520,Bars & Nightlife
87566,Health & Beauty
87567,Financial Services
87572,Health & Beauty
87593,Miscellaneous
87610,Miscellaneous
87627,Health & Beauty
87676,Miscellaneous
87677,Miscellaneous
87678,Miscellaneous
87685,Miscellaneous
87698,Miscellaneous
87699,Miscellaneous
87703,Miscellaneous
87704,Financial Services
87713,Construction & Contractors
87759,Miscellaneous
87770,Consulting
87773,Pharmacy
87799,Arts & Entertainment
87805,Hotels & Motels
87832,Miscellaneous
87833,Repair & Maintenance
87837,Coffee & Tea
87843,Miscellaneous
87844,Miscellaneous
87856,Legal Services
87857,Pet Services
87860,Home & Garden
87883,Legal Services
87897,Miscellaneous
87900,Business Services
87902,Medical Offices
87965,Miscellaneous
87981,Restaurants
87983,Car Wash & Detailing
87984,Miscellaneous
87988,Miscellaneous
88013,Restaurants
88014,Miscellaneous
88028,General Merchandise
88041,Restaurants
88101,Miscellaneous
88112,Health & Beauty
88116,Miscellaneous
88127,Legal Services
88137,Miscellaneous
88155,Miscellaneous
88170,Restaurants
88171,Travel Services
88183,Miscellaneous
88200,Repair & Maintenance
88209,Coffee & Tea
88223,Clothing & Apparel
88245,Restaurants
88246,Miscellaneous
88263,Miscellaneous
88273,Health & Beauty
88283,Miscellaneous
88298,Specialty Food
88303,Restaurants
88306,Restaurants
88327,Business Services
88332,Miscellaneous
88334,Miscellaneous
88337,Miscellaneous
88385,Medical Offices
88396,Fitness & Recreation
88430,Miscellaneous
88432,Miscellaneous
88436,Miscellaneous
88447,Specialty Retail
88477,Pharmacy
88517,Financial Services
88520,Coffee & Tea
88536,Miscellaneous
88537,Restaurants
88548,Miscellaneous
88550,Restaurants
88563,Repair & Maintenance
88577,Coffee & Tea
88586,Miscellaneous
88590,Fast Food
88597,Miscellaneous
88632,Automotive Retail
88636,Pet Services
88642,Health & Beauty
88651,Real Estate
88667,Restaurants
88673,Telecommunications
88687,Coffee & Tea
88688,Health & Beauty
88704,Miscellaneous
88735,Telecommunications
88738,Medical Offices
88745,Repair & Maintenance
88755,Miscellaneous
88758,Financial Services
88761,Health & Beauty
88777,Health & Beauty
88778,Miscellaneous
88781,Real Estate
88792,Coffee & Tea
88800,Miscellaneous
88805,Miscellaneous
88812,Automotive Retail
88841,Health & Beauty
88889,Miscellaneous
88899,Specialty Retail
88906,Miscellaneous
88930,Restaurants
88950,Restaurants
88970,Miscellaneous
88979,Miscellaneous
89024,Fitness & Recreation
89028,Events & Venues
89041,Accounting
89043,Miscellaneous
89061,Health & Beauty
89078,Legal Services
89087,Miscellaneous
89091,Miscellaneous
89102,Miscellaneous
89111,Medical Offices
89139,Financial Services
89154,Miscellaneous
89203,Miscellaneous
89208,Miscellaneous
89209,Miscellaneous
89210,Miscellaneous
89213,Specialty Retail
89224,Miscellaneous
89228,Repair & Maintenance
89230,Miscellaneous
89239,Miscellaneous
89241,Health & Beauty
89250,Real Estate
89258,Legal Services
89260,Miscellaneous
89269,General Merchandise
89270,Miscellaneous
89271,Bakery & Desserts
89296,Miscellaneous
89317,Miscellaneous
89318,Miscellaneous
89328,Miscellaneous
89340,Miscellaneous
89344,Miscellaneous
89345,Specialty Food
89355,Miscellaneous
89364,Miscellaneous
89366,Restaurants
89383,Miscellaneous
89391,Miscellaneous
89392,Miscellaneous
89399,Miscellaneous
89426,Restaurants
89471,Business Services
89496,Specialty Food
89514,Automotive Retail
89519,Automotive Retail
89539,Miscellaneous
89541,Restaurants
89542,Repair & Maintenance
89572,Miscellaneous
89585,Specialized Healthcare
89588,Health & Beauty
89604,Automotive Retail
89609,Coffee & Tea
89621,Miscellaneous
89654,Restaurants
89669,Miscellaneous
89688,Restaurants
89690,Miscellaneous
89694,Miscellaneous
89709,Bars & Nightlife
89717,Telecommunications
89724,Miscellaneous
89742,Restaurants
89749,Restaurants
89774,Arts & Entertainment
89776,Miscellaneous
89787,Specialized Healthcare
89789,Real Estate
89808,Car Wash & Detailing
89815,Pet Services
89836,Miscellaneous
89851,Miscellaneous
89856,Medical Offices
89881,Miscellaneous
89897,Miscellaneous
89899,Clothing & Apparel
89909,Restaurants
89929,Business Services
89962,Miscellaneous
89977,Miscellaneous
89996,Automotive Retail
90009,Sports & Recreation
90015,Health & Beauty
90034,Miscellaneous
90038,Specialty Food
90058,Miscellaneous
90059,Miscellaneous
90061,Home & Garden
90064,Home & Garden
90085,Miscellaneous
90093,Fitness & Recreation
90108,Medical Offices
90114,IT Services
90124,Medical Offices
90127,Miscellaneous
90129,Miscellaneous
90130,IT Services
90144,Health & Beauty
90153,Specialty Retail
90160,Miscellaneous
90169,Restaurants
90202,Miscellaneous
90225,Miscellaneous
90228,Coffee & Tea
90230,Repair & Maintenance
90257,Miscellaneous
90262,Miscellaneous
90270,Bars & Nightlife
90315,Bakery & Desserts
90320,Coffee & Tea
90322,Restaurants
90333,Bars & Nightlife
90348,Miscellaneous
90350,Coffee & Tea
90357,Coffee & Tea
90358,Miscellaneous
90397,Miscellaneous
90428,Miscellaneous
90436,Miscellaneous
90450,Restaurants
90464,Miscellaneous
90467,Schools
90471,Miscellaneous
90476,Restaurants
90482,Miscellaneous
90493,Restaurants
90496,Miscellaneous
90502,IT Services
90505,Miscellaneous
90506,Miscellaneous
90524,Miscellaneous
90545,Telecommunications
90558,Hotels & Motels
90578,Miscellaneous
90587,Bars & Nightlife
90617,Clothing & Apparel
90651,Miscellaneous
90663,Miscellaneous
90672,Financial Services
90689,Miscellaneous
90698,Miscellaneous
90723,Miscellaneous
90729,Miscellaneous
90740,Specialty Food
90747,Pet Services
90767,Restaurants
90771,Miscellaneous
90779,Hotels & Motels
90786,Events & Venues
90790,Miscellaneous
90797,Miscellaneous
90805,Schools
90825,Clothing & Apparel
90832,Restaurants
90842,Construction & Contractors
90856,Miscellaneous
90871,Consulting
90873,Medical Offices
90877,Miscellaneous
90881,Miscellaneous
90893,Restaurants
90894,Miscellaneous
90901,Specialized Healthcare
90912,Health & Beauty
90916,Miscellaneous
90928,Miscellaneous
90938,Miscellaneous
90948,Miscellaneous
90951,Schools
90953,Bakery & Desserts
90976,Miscellaneous
91016,Telecommunications
91031,Miscellaneous
91038,Car Wash & Detailing
91042,Miscellaneous
91058,Bars & Nightlife
91064,Restaurants
91066,Restaurants
91095,Miscellaneous
91101,Schools
91107,Health & Beauty
91109,Automotive Retail
91119,Miscellaneous
91133,Restaurants
91134,Hotels & Motels
91140,Miscellaneous
91172,Miscellaneous
91188,Bars & Nightlife
91221,Bakery & Desserts
91222,Specialty Retail
91231,Miscellaneous
91232,Miscellaneous
91255,Miscellaneous
91268,Miscellaneous
91270,Miscellaneous
91288,Clothing & Apparel
91302,Miscellaneous
91303,Restaurants
91304,Pharmacy
91314,Automotive Retail
91336,Miscellaneous
91349,Miscellaneous
91354,Restaurants
91358,Financial Services
91359,Miscellaneous
91380,Miscellaneous
91409,Miscellaneous
91413,Miscellaneous
91416,Miscellaneous
91422,Sports & Recreation
91446,Clothing & Apparel
91455,Miscellaneous
91480,Telecommunications
91483,Business Services
91500,Health & Beauty
91502,Clothing & Apparel
91513,Coffee & Tea
91519,Hotels & Motels
91521,Fast Food
91532,Miscellaneous
91536,Restaurants
91548,Miscellaneous
91553,Restaurants
91569,Telecommunications
91576,Bars & Nightlife
91583,Health & Beauty
91586,Miscellaneous
91600,Miscellaneous
91606,Repair & Maintenance
91612,Restaurants
91614,Miscellaneous
91618,Hotels & Motels
91629,Miscellaneous
91643,Construction & Contractors
91656,Miscellaneous
91665,Fitness & Recreation
91678,Miscellaneous
91684,Repair & Maintenance
91688,Real Estate
91698,Miscellaneous
91703,Health & Beauty
91716,Specialized Healthcare
91724,Miscellaneous
91734,Miscellaneous
91740,Miscellaneous
91748,Health & Beauty
91749,Specialty Food
91755,Miscellaneous
91767,Bars & Nightlife
91768,Miscellaneous
91783,Miscellaneous
91785,Pet Services
91836,Health & Beauty
91868,Miscellaneous
91878,Miscellaneous
91897,Health & Beauty
91921,Restaurants
91933,Miscellaneous
91965,Miscellaneous
91969,Schools
91982,Miscellaneous
92009,Restaurants
92037,Restaurants
92041,Coffee & Tea
92053,Restaurants
92107,Bars & Nightlife
92110,Bakery & Desserts
92118,Bars & Nightlife
92120,Miscellaneous
92122,Miscellaneous
92142,Restaurants
92154,Restaurants
92162,Miscellaneous
92164,Miscellaneous
92179,Schools
92198,Miscellaneous
92200,Clothing & Apparel
92202,Real Estate
92221,Bars & Nightlife
92270,Restaurants
92287,Miscellaneous
92289,Miscellaneous
92297,Specialized Healthcare
92306,Restaurants
92378,Restaurants
92394,Restaurants
92400,Miscellaneous
92403,Automotive Retail
92408,Miscellaneous
92412,Miscellaneous
92426,Miscellaneous
92432,Miscellaneous
92448,Restaurants
92466,Specialty Food
92469,Miscellaneous
92483,Miscellaneous
92579,Restaurants
92582,Health & Beauty
92605,Miscellaneous
92616,Health & Beauty
92629,Restaurants
92634,Miscellaneous
92645,Miscellaneous
92675,Miscellaneous
92694,Miscellaneous
92696,Restaurants
92699,Home & Garden
92716,Miscellaneous
92725,Medical Offices
92782,Restaurants
92842,Restaurants
92843,Bakery & Desserts
92846,Towing & Roadside
92852,Miscellaneous
92865,Miscellaneous
92875,Health & Beauty
92879,Cleaning Services
92882,Repair & Maintenance
92894,Miscellaneous
92920,Financial Services
92940,Miscellaneous
92950,Financial Services
92951,Miscellaneous
92954,Telecommunications
92987,IT Services
92988,Real Estate
92993,Miscellaneous
93069,Miscellaneous
93079,Miscellaneous
93087,Miscellaneous
93128,Restaurants
93136,Clothing & Apparel
93151,Miscellaneous
93170,Bakery & Desserts
93171,Specialty Food
93195,Miscellaneous
93280,Miscellaneous
93305,Miscellaneous
93330,Bakery & Desserts
93341,Restaurants
93342,Fitness & Recreation
93362,Miscellaneous
93392,Restaurants
93403,Miscellaneous
93407,Pet Services
93418,Health & Beauty
93435,Financial Services
93454,Miscellaneous
93476,Repair & Maintenance
93494,Miscellaneous
93500,Miscellaneous
93528,Miscellaneous
93535,Restaurants
93564,Repair & Maintenance
93581,Restaurants
93588,Miscellaneous
93589,Automotive Retail
93600,Specialty Retail
93626,Repair & Maintenance
93629,Miscellaneous
93631,Restaurants
93645,Miscellaneous
93664,Automotive Retail
93701,Legal Services
93723,Miscellaneous
93725,Health & Beauty
93732,Health & Beauty
93772,Telecommunications
93780,Miscellaneous
93807,Clothing & Apparel
93823,Coffee & Tea
93862,Miscellaneous
93876,Medical Offices
93889,Miscellaneous
93897,Miscellaneous
93923,Miscellaneous
93930,Construction & Contractors
93938,Miscellaneous
93941,Miscellaneous
93960,Health & Beauty
93965,Coffee & Tea
93974,Telecommunications
93975,Miscellaneous
93995,Arts & Entertainment
93998,Miscellaneous
94005,Miscellaneous
94035,Miscellaneous
94044,Construction & Contractors
94064,Clothing & Apparel
94078,Medical Offices
94084,Automotive Retail
94095,Clothing & Apparel
94106,Miscellaneous
94108,Restaurants
94110,Miscellaneous
94112,Coffee & Tea
94123,Miscellaneous
94130,Miscellaneous
94134,Real Estate
94169,Miscellaneous
94177,Pet Services
94213,Coffee & Tea
94220,Specialty Retail
94230,Bars & Nightlife
94243,Restaurants
94261,Miscellaneous
94271,Bakery & Desserts
94285,Bars & Nightlife
94298,Specialty Food
94336,Miscellaneous
94337,Miscellaneous
94338,Consulting
94348,Health & Beauty
94360,Miscellaneous
94375,Coffee & Tea
94381,Fast Food
94428,Repair & Maintenance
94461,Miscellaneous
94499,Miscellaneous
94518,Specialty Food
94528,Miscellaneous
94532,Coffee & Tea
94553,Restaurants
94588,Restaurants
94595,Construction & Contractors
94600,Restaurants
94604,Specialty Food
94623,Miscellaneous
94625,Miscellaneous
94628,Fast Food
94639,Fast Food
94655,Miscellaneous
94666,Fitness & Recreation
94670,Bars & Nightlife
94678,Miscellaneous
94692,Automotive Retail
94699,Medical Offices
94703,Miscellaneous
94705,Coffee & Tea
94708,Coffee & Tea
94725,Bars & Nightlife
94731,Automotive Retail
94756,Miscellaneous
94757,Car Wash & Detailing
94801,Bakery & Desserts
94802,Health & Beauty
94813,Cleaning Services
94853,Miscellaneous
94862,Miscellaneous
94913,Medical Offices
94927,Restaurants
94933,Miscellaneous
94958,Fitness & Recreation
94975,Bakery & Desserts
95034,Miscellaneous
95043,Restaurants
95078,Health & Beauty
95101,Miscellaneous
95102,Dry Cleaning & Laundry
95103,Specialized Healthcare
95107,Miscellaneous
95116,Restaurants
95117,Restaurants
95123,Health & Beauty
95128,Miscellaneous
95137,Miscellaneous
95139,Cleaning Services
95164,Miscellaneous
95168,Miscellaneous
95170,Miscellaneous
95236,Restaurants
95248,Miscellaneous
95254,Bakery & Desserts
95255,Miscellaneous
95277,Bars & Nightlife
95301,Schools
95303,Miscellaneous
95316,Dry Cleaning & Laundry
95327,General Merchandise
95348,Automotive Retail
95371,Miscellaneous
95382,Restaurants
95398,Miscellaneous
95418,Home & Garden
95427,Repair & Maintenance
95455,Restaurants
95457,Automotive Retail
95529,Schools
95543,Home & Garden
95561,Coffee & Tea
95575,Restaurants
95588,Restaurants
95594,Automotive Retail
95625,Restaurants
95649,Consulting
95673,Restaurants
95720,Miscellaneous
95724,Restaurants
95725,Arts & Entertainment
95733,Miscellaneous
95737,Car Wash & Detailing
95740,Miscellaneous
95755,Restaurants
95772,Miscellaneous
95773,Home & Garden
95777,Restaurants
95780,Health & Beauty
95781,Health & Beauty
95789,Restaurants
95814,Miscellaneous
95817,Repair & Maintenance
95819,Health & Beauty
95862,Health & Beauty
95877,Construction & Contractors
95899,Restaurants
95900,Financial Services
95949,Health & Beauty
95951,Miscellaneous
95966,Legal Services
95975,Miscellaneous
96012,Coffee & Tea
96029,Specialty Retail
96040,Specialty Retail
96056,Miscellaneous
96057,Miscellaneous
96084,Financial Services
96103,Miscellaneous
96104,Restaurants
96140,Miscellaneous
96156,Specialty Retail
96157,Miscellaneous
96165,Fast Food
96177,Miscellaneous
96188,Restaurants
96216,Car Wash & Detailing
96220,Miscellaneous
96245,Miscellaneous
96246,Plumbing & HVAC
96251,Miscellaneous
96272,Bakery & Desserts
96279,Miscellaneous
96280,Restaurants
96292,Bars & Nightlife
96304,Financial Services
96320,Coffee & Tea
96324,Repair & Maintenance
96333,Hotels & Motels
96341,Specialty Food
96351,Miscellaneous
96364,Telecommunications
96400,Specialty Food
96416,Restaurants
96438,Events & Venues
96439,Schools
96453,Miscellaneous
96469,Miscellaneous
96475,Restaurants
96476,Miscellaneous
96546,Miscellaneous
96553,Restaurants
96566,Restaurants
96580,Miscellaneous
96581,Restaurants
96594,Bakery & Desserts
96612,Miscellaneous
96613,Restaurants
96625,Miscellaneous
96644,Miscellaneous
96657,Miscellaneous
96658,Miscellaneous
96695,Automotive Retail
96707,Health & Beauty
96709,Miscellaneous
96712,Automotive Retail
96720,Clothing & Apparel
96723,Miscellaneous
96742,Hotels & Motels
96761,Miscellaneous
96769,Medical Offices
96775,Miscellaneous
96804,Bars & Nightlife
96805,Miscellaneous
96815,Miscellaneous
96823,Specialty Food
96837,Miscellaneous
96902,Coffee & Tea
96904,Miscellaneous
96909,Miscellaneous
96965,Miscellaneous
96968,Restaurants
96987,Miscellaneous
96991,Specialty Food
97002,Miscellaneous
97004,Health & Beauty
97005,Miscellaneous
97007,Miscellaneous
97017,Clothing & Apparel
97027,Repair & Maintenance
97046,Medical Offices
97073,Specialized Healthcare
97105,Miscellaneous
97110,Restaurants
97122,Miscellaneous
97133,Miscellaneous
97157,Fast Food
97168,Restaurants
97179,Restaurants
97182,Specialty Food
97187,Bars & Nightlife
97197,Miscellaneous
97200,Miscellaneous
97228,Miscellaneous
97230,Miscellaneous
97235,Miscellaneous
97244,Hotels & Motels
97247,Specialty Retail
97256,Sports & Recreation
97258,Miscellaneous
97272,Fast Food
97293,Clothing & Apparel
97295,Restaurants
97302,Legal Services
97311,Miscellaneous
97312,Restaurants
97318,Specialty Retail
97320,Health & Beauty
97321,Miscellaneous
97345,Hotels & Motels
97363,Miscellaneous
97377,Miscellaneous
97414,Consulting
97420,Miscellaneous
97446,Miscellaneous
97495,Bakery & Desserts
97518,Restaurants
97554,Repair & Maintenance
97558,Miscellaneous
97591,Coffee & Tea
97594,Restaurants
97598,Specialty Food
97599,Miscellaneous
97639,Restaurants
97650,Travel Services
97695,Home & Garden
97697,Restaurants
97702,General Merchandise
97704,Pet Services
97713,Arts & Entertainment
97768,Miscellaneous
97773,Miscellaneous
97804,Restaurants
97805,Miscellaneous
97812,Miscellaneous
97820,Bars & Nightlife
97823,General Merchandise
97824,Miscellaneous
97826,Arts & Entertainment
97828,Bakery & Desserts
97861,Events & Venues
97862,Plumbing & HVAC
97866,Medical Offices
97867,Coffee & Tea
97878,Clothing & Apparel
97887,Arts & Entertainment
97889,Restaurants
97892,Restaurants
97916,Coffee & Tea
97918,Health & Beauty
97961,Miscellaneous
97962,Clothing & Apparel
97963,Miscellaneous
97970,Miscellaneous
97980,Miscellaneous
98003,Schools
98013,Restaurants
98038,Miscellaneous
98051,Restaurants
98061,Miscellaneous
98062,Miscellaneous
98089,Miscellaneous
98117,Restaurants
98119,Miscellaneous
98120,Events & Venues
98122,Miscellaneous
98124,Fast Food
98204,Miscellaneous
98263,Miscellaneous
98277,Miscellaneous
98306,Repair & Maintenance
98329,Specialty Food
98375,Miscellaneous
98404,Restaurants
98405,Coffee & Tea
98407,Health & Beauty
98446,Coffee & Tea
98455,Bars & Nightlife
98456,Miscellaneous
98514,General Merchandise
98553,Medical Offices
98572,Miscellaneous
98573,Miscellaneous
98634,Clothing & Apparel
98647,General Merchandise
98648,Hotels & Motels
98662,Miscellaneous
98693,Restaurants
98714,Miscellaneous
98716,Miscellaneous
98731,Car Wash & Detailing
98733,Bars & Nightlife
98760,Miscellaneous
98776,Miscellaneous
98782,Coffee & Tea
98783,Bars & Nightlife
98787,Specialty Food
98805,Miscellaneous
98808,Coffee & Tea
98810,Health & Beauty
98821,Restaurants
98878,Miscellaneous
98949,Coffee & Tea
98976,Miscellaneous
98977,Automotive Retail
98999,Miscellaneous
99002,Bars & Nightlife
99003,Bakery & Desserts
99020,Miscellaneous
99028,Repair & Maintenance
99049,Coffee & Tea
99062,Restaurants
99078,Specialty Retail
99079,Fast Food
99080,Miscellaneous
99084,Restaurants
99090,Specialty Food
99093,Restaurants
99094,General Merchandise
99097,Car Wash & Detailing
99107,Specialty Food
99114,Restaurants
99115,Restaurants
99117,Automotive Retail
99161,Miscellaneous
99167,Restaurants
99171,Miscellaneous
99172,Miscellaneous
99173,Miscellaneous
99175,Restaurants
99185,Pharmacy
99203,Health & Beauty
99207,Coffee & Tea
99208,Miscellaneous
99211,Miscellaneous
99235,Schools
99237,Miscellaneous
99239,Restaurants
99251,Miscellaneous
99252,Miscellaneous
99255,Miscellaneous
99304,Miscellaneous
99311,Restaurants
99319,Miscellaneous
99338,Restaurants
99347,General Merchandise
99406,Car Wash & Detailing
99422,Clothing & Apparel
99431,Clothing & Apparel
99432,Bars & Nightlife
99433,Repair & Maintenance
99445,Miscellaneous
99457,Restaurants
99464,Miscellaneous
99465,Miscellaneous
99466,Restaurants
99469,Miscellaneous
99472,Miscellaneous
99497,Miscellaneous
99534,Miscellaneous
99565,Miscellaneous
99566,Bakery & Desserts
99568,Miscellaneous
99580,Miscellaneous
99594,Miscellaneous
99603,Miscellaneous
99618,Restaurants
99630,Specialty Food
99646,Restaurants
99656,Restaurants
99673,Miscellaneous
99683,Bakery & Desserts
99688,Medical Offices
99696,Health & Beauty
99699,Restaurants
99701,Financial Services
99707,Restaurants
99743,Clothing & Apparel
99747,Restaurants
99755,Restaurants
99765,Miscellaneous
99772,Bakery & Desserts
99776,Miscellaneous
99778,Medical Offices
99786,Health & Beauty
99791,Restaurants
99795,Financial Services
99798,Coffee & Tea
99800,Restaurants
99814,Real Estate
99846,Miscellaneous
99852,Plumbing & HVAC
99873,Health & Beauty
99876,Miscellaneous
99918,Miscellaneous
99921,Miscellaneous
99959,Bars & Nightlife
99977,Legal Services
99999,Miscellaneous
100006,Bars & Nightlife
100014,Schools
100049,Construction & Contractors
100059,Pharmacy
100062,Specialty Food
100073,Restaurants
100134,Plumbing & HVAC
100163,Miscellaneous
100173,Medical Offices
100209,Arts & Entertainment
100219,Miscellaneous
100235,Specialty Food
100248,Clothing & Apparel
100255,Miscellaneous
100273,Restaurants
100278,Restaurants
100296,Miscellaneous
100301,Miscellaneous
100338,Automotive Retail
100365,Construction & Contractors
100401,Hotels & Motels
100410,Restaurants
100435,Miscellaneous
100450,Miscellaneous
100453,Home & Garden
100454,Business Services
100458,Real Estate
100474,Repair & Maintenance
100488,Miscellaneous
100504,Miscellaneous
100532,Miscellaneous
100538,Bakery & Desserts
100547,Miscellaneous
100550,Miscellaneous
100551,Health & Beauty
100555,Miscellaneous
100559,Bars & Nightlife
100563,Miscellaneous
100576,Automotive Retail
100605,Miscellaneous
100620,Financial Services
100632,Specialty Food
100655,Miscellaneous
100674,Fitness & Recreation
100683,Miscellaneous
100690,Restaurants
100698,Miscellaneous
100719,Miscellaneous
100729,Real Estate
100737,Mental Health
100738,Miscellaneous
100748,Miscellaneous
100753,Financial Services
100787,Miscellaneous
100798,Fitness & Recreation
100805,Restaurants
100809,Legal Services
100821,Health & Beauty
100842,Medical Offices
100858,Miscellaneous
100862,Medical Offices
100865,Bars & Nightlife
100882,Coffee & Tea
100914,Miscellaneous
100916,Fitness & Recreation
100922,Miscellaneous
100929,Miscellaneous
100935,Construction & Contractors
100945,Legal Services
100963,Miscellaneous
100966,Clothing & Apparel
100967,Miscellaneous
100971,Financial Services
101013,Financial Services
101035,Miscellaneous
101036,Real Estate
101037,Construction & Contractors
101044,Financial Services
101069,Schools
101070,Miscellaneous
101109,Specialty Food
101122,Sports & Recreation
101128,Miscellaneous
101143,Fast Food
101164,Miscellaneous
101180,Legal Services
101182,Miscellaneous
101206,Health & Beauty
101207,Miscellaneous
101217,Medical Offices
101218,Miscellaneous
101228,Miscellaneous
101247,Miscellaneous
101251,General Merchandise
101253,Miscellaneous
101263,Legal Services
101278,Miscellaneous
101281,Miscellaneous
101311,Fast Food
101319,Miscellaneous
101353,Miscellaneous
101361,Clothing & Apparel
101367,Clothing & Apparel
101369,Miscellaneous
101372,Miscellaneous
101373,Sports & Recreation
101385,Miscellaneous
101391,Miscellaneous
101397,Specialty Food
101398,Miscellaneous
101407,Construction & Contractors
101408,Coffee & Tea
101439,Restaurants
101456,Miscellaneous
101463,Miscellaneous
101495,Miscellaneous
101502,Restaurants
101548,Health & Beauty
101563,Miscellaneous
101564,Electrical
101590,Miscellaneous
101606,Miscellaneous
101623,Fast Food
101657,Health & Beauty
101687,Miscellaneous
101691,Bars & Nightlife
101695,Health & Beauty
101707,Miscellaneous
101714,Schools
101749,Repair & Maintenance
101790,Health & Beauty
101805,Miscellaneous
101809,Miscellaneous
101811,Miscellaneous
101812,General Merchandise
101817,Restaurants
101827,Miscellaneous
101828,Miscellaneous
101838,Miscellaneous
101847,Clothing & Apparel
101856,Bakery & Desserts
101860,Health & Beauty
101863,Miscellaneous
101870,Miscellaneous
101883,Miscellaneous
101908,Restaurants
101914,Specialized Healthcare
101921,Restaurants
101925,Miscellaneous
101928,Miscellaneous
101931,Miscellaneous
101934,Restaurants
101938,Real Estate
101939,Miscellaneous
101957,Miscellaneous
101971,Telecommunications
101990,Specialty Food
101992,Miscellaneous
102006,Miscellaneous
102066,Financial Services
102072,Repair & Maintenance
102076,Miscellaneous
102077,Miscellaneous
102101,Specialty Retail
102108,Miscellaneous
102124,Miscellaneous
102132,Restaurants
102149,Medical Offices
102158,Dry Cleaning & Laundry
102164,Miscellaneous
102168,Health & Beauty
102182,Restaurants
102190,Telecommunications
102192,Restaurants
102218,Miscellaneous
102232,Miscellaneous
102253,Arts & Entertainment
102278,Miscellaneous
102287,Miscellaneous
102294,Miscellaneous
102349,Miscellaneous
102394,Plumbing & HVAC
102410,Miscellaneous
102418,Restaurants
102419,Fitness & Recreation
102426,Health & Beauty
102428,Bars & Nightlife
102451,Coffee & Tea
102452,Miscellaneous
102458,Miscellaneous
102476,Automotive Retail
102480,Bars & Nightlife
102492,Miscellaneous
102493,Miscellaneous
102513,Miscellaneous
102520,Bars & Nightlife
102522,Miscellaneous
102524,Tutoring
102533,Bars & Nightlife
102558,Health & Beauty
102564,Towing & Roadside
102571,Coffee & Tea
102581,Restaurants
102590,Business Services
102636,Miscellaneous
102654,Bars & Nightlife
102663,Miscellaneous
102666,Miscellaneous
102667,Bakery & Desserts
102676,Events & Venues
102688,Miscellaneous
102700,Health & Beauty
102709,Specialty Retail
102712,Miscellaneous
102728,Miscellaneous
102733,Coffee & Tea
102758,Miscellaneous
102781,Restaurants
102782,Automotive Retail
102795,Financial Services
102805,Miscellaneous
102808,Schools
102825,Miscellaneous
102829,Real Estate
102849,Schools
102857,Miscellaneous
102864,Financial Services
102876,Miscellaneous
102889,Miscellaneous
102902,Miscellaneous
102906,Miscellaneous
102929,Miscellaneous
102950,Miscellaneous
103005,Miscellaneous
103014,Miscellaneous
103029,Miscellaneous
103044,Bars & Nightlife
103081,Miscellaneous
103116,Clothing & Apparel
103131,Miscellaneous
103135,Financial Services
103137,Financial Services
103138,Telecommunications
103154,Miscellaneous
103156,Car Wash & Detailing
103190,Real Estate
103242,Miscellaneous
103251,Miscellaneous
103252,Miscellaneous
103255,Miscellaneous
103259,Restaurants
103276,Miscellaneous
103299,Restaurants
103319,Miscellaneous
103321,Legal Services
103323,Bars & Nightlife
103359,Restaurants
103368,Miscellaneous
103373,Miscellaneous
103383,Miscellaneous
103425,Restaurants
103447,Miscellaneous
103453,Restaurants
103459,Miscellaneous
103461,Automotive Retail
103476,Restaurants
103479,Repair & Maintenance
103482,Pharmacy
103485,Fitness & Recreation
103526,Clothing & Apparel
103545,Financial Services
103546,Miscellaneous
103549,Miscellaneous
103563,Restaurants
103565,Medical Offices
103577,Medical Offices
103579,Restaurants
103585,Miscellaneous
103593,Miscellaneous
103597,Miscellaneous
103609,Restaurants
103615,Medical Offices
103618,Coffee & Tea
103636,Miscellaneous
103646,Miscellaneous
103676,Miscellaneous
103683,Medical Offices
103695,Miscellaneous
103710,Financial Services
103731,Business Services
103732,Miscellaneous
103755,Cleaning Services
103771,Home & Garden
103783,Miscellaneous
103788,Medical Offices
103790,Medical Offices
103794,Health & Beauty
103814,Restaurants
103817,Miscellaneous
103840,Coffee & Tea
103863,Restaurants
103866,Miscellaneous
103873,Restaurants
103884,Miscellaneous
103885,Miscellaneous
103899,Restaurants
103911,Real Estate
103914,Restaurants
103935,Health & Beauty
103937,Repair & Maintenance
103956,Miscellaneous
103957,Miscellaneous
103962,Automotive Retail
103963,Miscellaneous
103964,Miscellaneous
103985,Specialized Healthcare
103998,Repair & Maintenance
103999,Bars & Nightlife
104007,Miscellaneous
104029,Miscellaneous
104057,Miscellaneous
104059,Business Services
104066,Health & Beauty
104070,IT Services
104079,Miscellaneous
104094,Restaurants
104115,Specialty Retail
104140,Miscellaneous
104150,Repair & Maintenance
104153,Repair & Maintenance
104163,Medical Offices
104165,Clothing & Apparel
104184,Restaurants
104187,Miscellaneous
104188,Miscellaneous
104222,Miscellaneous
104246,Miscellaneous
104270,Miscellaneous
104277,Restaurants
104291,Miscellaneous
104292,Miscellaneous
104296,Miscellaneous
104327,Financial Services
104330,Events & Venues
104334,Bakery & Desserts
104349,Telecommunications
104352,General Merchandise
104356,Miscellaneous
104357,Restaurants
104374,Health & Beauty
104380,Health & Beauty
104412,Miscellaneous
104441,Miscellaneous
104442,Financial Services
104471,Health & Beauty
104533,Miscellaneous
104535,Miscellaneous
104538,Miscellaneous
104570,Miscellaneous
104578,Restaurants
104587,Miscellaneous
104601,Construction & Contractors
104607,Miscellaneous
104622,Restaurants
104624,Miscellaneous
104626,Miscellaneous
104627,Financial Services
104628,Miscellaneous
104637,Medical Offices
104642,Miscellaneous
104648,Miscellaneous
104652,Miscellaneous
104654,Miscellaneous
104656,Miscellaneous
104659,Fitness & Recreation
104682,Hotels & Motels
104694,Dry Cleaning & Laundry
104696,Miscellaneous
104699,Miscellaneous
104701,Miscellaneous
104719,Restaurants
104736,Schools
104742,Miscellaneous
104755,Miscellaneous
104757,Bars & Nightlife
104772,Restaurants
104773,Restaurants
104799,Specialty Food
104813,Miscellaneous
104826,Specialized Healthcare
104832,Miscellaneous
104849,Dry Cleaning & Laundry
104855,Miscellaneous
104857,Miscellaneous
104877,Miscellaneous
104887,Miscellaneous
104888,Medical Offices
104897,Miscellaneous
104924,Restaurants
104949,Real Estate
104964,Health & Beauty
104966,Specialty Food
104983,Medical Offices
105012,Clothing & Apparel
105019,Restaurants
105043,Health & Beauty
105044,Miscellaneous
105048,Restaurants
105051,Restaurants
105061,Plumbing & HVAC
105064,Fitness & Recreation
105065,Miscellaneous
105067,Miscellaneous
105085,Bakery & Desserts
105087,Miscellaneous
105118,Arts & Entertainment
105124,Automotive Retail
105127,Financial Services
105142,Miscellaneous
105163,Hotels & Motels
105208,Miscellaneous
105216,Financial Services
105225,Clothing & Apparel
105229,Health & Beauty
105232,Construction & Contractors
105253,Mental Health
105257,Real Estate
105262,Bars & Nightlife
105285,Bars & Nightlife
105314,Miscellaneous
105331,Health & Beauty
105349,Restaurants
105374,Specialized Healthcare
105391,Pet Services
105408,Miscellaneous
105425,Miscellaneous
105434,Cleaning Services
105441,Pharmacy
105449,Miscellaneous
105452,Miscellaneous
105453,Fitness & Recreation
105460,Real Estate
105461,Coffee & Tea
105484,Bars & Nightlife
105508,Miscellaneous
105509,Medical Offices
105525,Clothing & Apparel
105540,Restaurants
105550,Miscellaneous
105567,Fitness & Recreation
105568,Coffee & Tea
105580,Health & Beauty
105619,Restaurants
105620,Health & Beauty
105627,Miscellaneous
105635,Arts & Entertainment
105653,Miscellaneous
105657,Health & Beauty
105702,Miscellaneous
105703,Business Services
105740,Miscellaneous
105741,Miscellaneous
105772,Miscellaneous
105820,Miscellaneous
105834,Miscellaneous
105855,Home & Garden
105856,Miscellaneous
105858,Miscellaneous
105863,Towing & Roadside
105891,Miscellaneous
105904,Health & Beauty
105908,Legal Services
105910,Financial Services
105917,Financial Services
105953,Restaurants
105966,Medical Offices
105974,Repair & Maintenance
105982,Consulting
105994,Miscellaneous
106005,Real Estate
106034,Miscellaneous
106076,Medical Offices
106078,Fitness & Recreation
106083,Restaurants
106123,Automotive Retail
106184,Financial Services
106190,Financial Services
106191,Health & Beauty
106206,Construction & Contractors
106222,Fitness & Recreation
106242,Miscellaneous
106257,Legal Services
106258,Specialty Food
106260,Specialty Food
106266,Schools
106267,Pet Services
106274,Cleaning Services
106277,Health & Beauty
106295,Health & Beauty
106382,Schools
106383,Miscellaneous
106388,Miscellaneous
106393,Health & Beauty
106396,Miscellaneous
106504,Miscellaneous
106508,Restaurants
106538,Miscellaneous
106543,Miscellaneous
106567,Miscellaneous
106573,Miscellaneous
106578,Home & Garden
106579,Miscellaneous
106601,Miscellaneous
106641,Miscellaneous
106654,Bars & Nightlife
106667,Real Estate
106670,Miscellaneous
106677,Miscellaneous
106679,Miscellaneous
106689,Restaurants
106692,Bakery & Desserts
106693,Clothing & Apparel
106699,Miscellaneous
106715,Miscellaneous
106717,Legal Services
106733,Clothing & Apparel
106738,Coffee & Tea
106740,Business Services
106743,Restaurants
106754,Restaurants
106760,Repair & Maintenance
106781,Miscellaneous
106782,Miscellaneous
106792,Restaurants
106795,Miscellaneous
106807,Specialty Food
106814,Miscellaneous
106833,Travel Services
106836,Fast Food
106846,Miscellaneous
106847,Cleaning Services
106859,Miscellaneous
106875,Health & Beauty
106881,Miscellaneous
106889,Miscellaneous
106890,Miscellaneous
106914,Miscellaneous
106921,Miscellaneous
106922,Miscellaneous
106927,Miscellaneous
106930,Miscellaneous
106957,Miscellaneous
106960,Financial Services
106965,Miscellaneous
106969,Health & Beauty
106984,Miscellaneous
106988,Miscellaneous
106994,Miscellaneous
107010,Miscellaneous
107077,Miscellaneous
107094,Miscellaneous
107103,Childcare
107138,Miscellaneous
107141,Dry Cleaning & Laundry
107147,Miscellaneous
107148,Construction & Contractors
107161,Legal Services
107196,Fitness & Recreation
107214,Bars & Nightlife
107272,Automotive Retail
107274,Fitness & Recreation
107282,Miscellaneous
107287,Miscellaneous
107305,Repair & Maintenance
107318,Repair & Maintenance
107334,Miscellaneous
107344,Home & Garden
107351,Miscellaneous
107381,Miscellaneous
107386,Restaurants
107393,Real Estate
107401,Health & Beauty
107404,Legal Services
107406,Pharmacy
107410,Health & Beauty
107423,Miscellaneous
107429,Restaurants
107435,Miscellaneous
107438,Miscellaneous
107458,Miscellaneous
107491,Miscellaneous
107504,Home & Garden
107510,Telecommunications
107516,Bakery & Desserts
107517,Miscellaneous
107528,Restaurants
107529,Miscellaneous
107542,Fitness & Recreation
107554,Health & Beauty
107563,Restaurants
107570,Real Estate
107584,Miscellaneous
107623,Plumbing & HVAC
107632,Telecommunications
107648,Restaurants
107655,Miscellaneous
107701,Miscellaneous
107702,Miscellaneous
107703,Clothing & Apparel
107705,Real Estate
107708,Repair & Maintenance
107710,Miscellaneous
107717,Miscellaneous
107718,Miscellaneous
107736,Consulting
107745,Cleaning Services
107765,Bars & Nightlife
107769,Coffee & Tea
107770,Miscellaneous
107775,Real Estate
107781,Clothing & Apparel
107783,Miscellaneous
107791,Arts & Entertainment
107805,Miscellaneous
107838,Restaurants
107851,Medical Offices
107861,Miscellaneous
107874,Miscellaneous
107885,Miscellaneous
107893,Miscellaneous
107918,Home & Garden
107926,Restaurants
107933,Miscellaneous
107934,Miscellaneous
108025,Miscellaneous
108030,Childcare
108041,Medical Offices
108046,Real Estate
108116,Automotive Retail
108143,Restaurants
108151,Bakery & Desserts
108155,Bakery & Desserts
108162,Miscellaneous
108169,Miscellaneous
108174,Bars & Nightlife
108177,Repair & Maintenance
108178,Miscellaneous
108188,Schools
108193,Miscellaneous
108198,Miscellaneous
108205,Bars & Nightlife
108233,Real Estate
108255,Events & Venues
108256,Schools
108263,Telecommunications
108268,Events & Venues
108278,Miscellaneous
108284,Restaurants
108287,Miscellaneous
108298,Bakery & Desserts
108299,Miscellaneous
108300,Miscellaneous
108320,Restaurants
108328,Miscellaneous
108329,Travel Services
108353,Real Estate
108372,Miscellaneous
108404,Travel Services
108456,Miscellaneous
108457,Financial Services
108461,Miscellaneous
108463,Financial Services
108492,Miscellaneous
108493,Automotive Retail
108506,Miscellaneous
108521,Miscellaneous
108546,Miscellaneous
108557,Miscellaneous
108570,Miscellaneous
108572,Coffee & Tea
108578,Medical Offices
108583,Miscellaneous
108594,Bars & Nightlife
108595,Bars & Nightlife
108607,Telecommunications
108608,Miscellaneous
108613,Sports & Recreation
108654,Financial Services
108662,Financial Services
108663,Health & Beauty
108678,Miscellaneous
108679,Restaurants
108681,Miscellaneous
108691,Miscellaneous
108701,Health & Beauty
108715,Dry Cleaning & Laundry
108770,Medical Offices
108792,Pharmacy
108811,Miscellaneous
108819,Miscellaneous
108820,Miscellaneous
108825,Restaurants
108826,Specialty Food
108845,Miscellaneous
108877,Miscellaneous
108896,Consulting
108929,Home & Garden
108957,Miscellaneous
108996,Restaurants
109001,Specialty Food
109009,Miscellaneous
109029,Events & Venues
109033,Automotive Retail
109058,Telecommunications
109060,Restaurants
109067,Miscellaneous
109068,Bars & Nightlife
109070,Bars & Nightlife
109086,Restaurants
109095,Financial Services
109100,Restaurants
109125,Miscellaneous
109137,Restaurants
109150,Legal Services
109170,Miscellaneous
109182,Miscellaneous
109218,Miscellaneous
109232,Health & Beauty
109239,Car Wash & Detailing
109277,Miscellaneous
109301,Telecommunications
109302,Clothing & Apparel
109303,Bakery & Desserts
109327,Childcare
109332,Health & Beauty
109339,Miscellaneous
109350,Miscellaneous
109398,Miscellaneous
109404,Miscellaneous
109438,Miscellaneous
109505,Specialty Food
109544,Miscellaneous
109546,Pharmacy
109558,Miscellaneous
109563,Schools
109566,Miscellaneous
109581,Miscellaneous
109613,Home & Garden
109619,Restaurants
109633,Bakery & Desserts
109655,Financial Services
109663,Restaurants
109674,Fitness & Recreation
109686,Schools
109744,Miscellaneous
109751,Miscellaneous
109753,General Merchandise
109765,Miscellaneous
109807,Miscellaneous
109823,Bars & Nightlife
109831,Restaurants
109846,Clothing & Apparel
109853,Miscellaneous
109860,Restaurants
109883,Home & Garden
109887,Miscellaneous
109889,Miscellaneous
109905,Miscellaneous
109906,Bars & Nightlife
109915,Miscellaneous
109930,Miscellaneous
109940,Miscellaneous
109954,Miscellaneous
109956,Bars & Nightlife
109962,Miscellaneous
109972,Health & Beauty
109985,Restaurants
110024,Fast Food
110037,Health & Beauty
110045,Real Estate
110070,Fitness & Recreation
110080,IT Services
110107,Miscellaneous
110123,Sports & Recreation
110133,Coffee & Tea
110135,Miscellaneous
110138,Specialty Food
110162,Miscellaneous
110165,Restaurants
110166,Miscellaneous
110169,Restaurants
110196,Health & Beauty
110199,Miscellaneous
110225,Business Services
110227,Restaurants
110252,Real Estate
110256,Restaurants
110285,Clothing & Apparel
110290,Miscellaneous
110313,Clothing & Apparel
110315,Sports & Recreation
110338,Automotive Retail
110341,Miscellaneous
110345,Specialty Food
110363,Miscellaneous
110398,Miscellaneous
110407,Construction & Contractors
110411,Repair & Maintenance
110429,Miscellaneous
110435,Restaurants
110469,Miscellaneous
110493,Miscellaneous
110499,Landscaping
110506,Miscellaneous
110516,Miscellaneous
110536,Restaurants
110542,Miscellaneous
110546,Car Wash & Detailing
110549,Bakery & Desserts
110572,Miscellaneous
110573,Miscellaneous
110589,Restaurants
110592,Consulting
110595,Restaurants
110614,Towing & Roadside
110616,Restaurants
110619,Restaurants
110628,Hotels & Motels
110652,Miscellaneous
110707,Miscellaneous
110710,Legal Services
110721,Repair & Maintenance
110734,Bars & Nightlife
110744,Miscellaneous
110770,Financial Services
110774,Restaurants
110784,Restaurants
110805,Restaurants
110809,Automotive Retail
110821,Legal Services
110849,Miscellaneous
110868,Miscellaneous
110873,Miscellaneous
110882,Restaurants
110894,Automotive Retail
110901,Miscellaneous
110907,Miscellaneous
110912,Miscellaneous
110919,Restaurants
110922,Restaurants
110944,Coffee & Tea
110966,Miscellaneous
110989,Health & Beauty
110996,Restaurants
111022,Miscellaneous
111056,Health & Beauty
111073,Miscellaneous
111076,Health & Beauty
111131,Restaurants
111133,Health & Beauty
111153,Miscellaneous
111156,Health & Beauty
111179,Restaurants
111182,Miscellaneous
111191,Miscellaneous
111208,Miscellaneous
111224,Miscellaneous
111236,Miscellaneous
111238,Fast Food
111247,Events & Venues
111251,Dry Cleaning & Laundry
111266,Miscellaneous
111277,Miscellaneous
111283,Specialty Food
111304,Miscellaneous
111310,Restaurants
111319,Construction & Contractors
111368,Miscellaneous
111369,Miscellaneous
111391,Miscellaneous
111407,Miscellaneous
111412,Miscellaneous
111419,Health & Beauty
111426,Specialty Food
111477,Restaurants
111491,Miscellaneous
111505,Miscellaneous
111519,Restaurants
111531,Legal Services
111536,Repair & Maintenance
111551,Miscellaneous
111555,Coffee & Tea
111561,Miscellaneous
111571,Miscellaneous
111595,Bars & Nightlife
111597,Fitness & Recreation
111609,Construction & Contractors
111618,Miscellaneous
111629,Restaurants
111640,Health & Beauty
111649,Medical Offices
111659,Hotels & Motels
111699,Restaurants
111731,Miscellaneous
111769,Restaurants
111775,Automotive Retail
111792,Health & Beauty
111805,Events & Venues
111806,Miscellaneous
111826,Coffee & Tea
111847,Miscellaneous
111852,Schools
111866,Restaurants
111907,Real Estate
111909,Medical Offices
111912,Miscellaneous
111914,Repair & Maintenance
111927,Medical Offices
111961,Home & Garden
111967,Restaurants
111990,Specialty Food
112007,Miscellaneous
112009,Fitness & Recreation
112022,Bars & Nightlife
112025,Miscellaneous
112026,Miscellaneous
112035,Miscellaneous
112046,Legal Services
112072,Restaurants
112090,Restaurants
112141,Bars & Nightlife
112155,Miscellaneous
112158,Miscellaneous
112169,Miscellaneous
112181,Miscellaneous
112182,Miscellaneous
112191,Miscellaneous
112194,Miscellaneous
112195,Miscellaneous
112199,Miscellaneous
112204,Clothing & Apparel
112236,Restaurants
112248,Bakery & Desserts
112254,Miscellaneous
112272,Bars & Nightlife
112291,Bars & Nightlife
112292,Restaurants
112307,Financial Services
112312,Health & Beauty
112317,Miscellaneous
112326,Specialty Food
112327,Health & Beauty
112328,Fast Food
112336,Restaurants
112344,Restaurants
112346,Coffee & Tea
112347,Financial Services
112355,Miscellaneous
112371,Health & Beauty
112401,Clothing & Apparel
112419,Restaurants
112430,Miscellaneous
112434,Miscellaneous
112438,Miscellaneous
112446,Health & Beauty
112447,Fast Food
112448,Medical Offices
112450,Miscellaneous
112452,Fitness & Recreation
112453,Miscellaneous
112471,Legal Services
112489,Health & Beauty
112491,Restaurants
112506,Miscellaneous
112507,Bars & Nightlife
112514,Bars & Nightlife
112540,General Merchandise
112557,Miscellaneous
112572,Specialty Retail
112584,Miscellaneous
112590,Miscellaneous
112605,Miscellaneous
112608,Schools
112622,Miscellaneous
112631,Miscellaneous
112636,Restaurants
112641,Bars & Nightlife
112647,Financial Services
112648,Bars & Nightlife
112657,Miscellaneous
112718,Health & Beauty
112722,Fitness & Recreation
112730,Miscellaneous
112732,Restaurants
112733,Fast Food
112734,Construction & Contractors
112771,Telecommunications
112836,Restaurants
112862,Miscellaneous
112869,Miscellaneous
112891,Restaurants
112893,Pharmacy
112940,Miscellaneous
112948,Miscellaneous
112964,Miscellaneous
112990,Restaurants
112993,Restaurants
113006,Restaurants
113008,Clothing & Apparel
113023,Financial Services
113053,Health & Beauty
113080,Miscellaneous
113097,Miscellaneous
113101,Bakery & Desserts
113113,Health & Beauty
113124,Sports & Recreation
113125,Events & Venues
113130,Coffee & Tea
113164,Restaurants
113176,Pet Services
113180,Restaurants
113198,Miscellaneous
113203,Medical Offices
113231,Restaurants
113232,Health & Beauty
113249,Restaurants
113292,Miscellaneous
113303,Schools
113327,Miscellaneous
113340,Miscellaneous
113345,Accounting
113368,Health & Beauty
113385,Miscellaneous
113414,Restaurants
113417,Health & Beauty
113459,Miscellaneous
113481,Fitness & Recreation
113503,Miscellaneous
113509,Pet Services
113512,Bakery & Desserts
113527,Bars & Nightlife
113532,Miscellaneous
113567,Repair & Maintenance
113570,Miscellaneous
113577,Health & Beauty
113588,Miscellaneous
113615,Miscellaneous
113621,Miscellaneous
113630,Medical Offices
113631,Miscellaneous
113632,Miscellaneous
113637,Restaurants
113643,Miscellaneous
113663,Miscellaneous
113664,Restaurants
113667,Health & Beauty
113703,Restaurants
113708,Restaurants
113716,Specialty Food
113717,Miscellaneous
113723,Restaurants
113731,Fast Food
113738,Miscellaneous
113784,Hotels & Motels
113785,Restaurants
113790,Restaurants
113808,Restaurants
113833,Health & Beauty
113849,Restaurants
113850,Restaurants
113852,Restaurants
113855,Restaurants
113859,Miscellaneous
113874,Miscellaneous
113881,Bars & Nightlife
113902,Miscellaneous
113906,Miscellaneous
113917,Specialty Food
113936,Miscellaneous
113947,Medical Offices
113950,Miscellaneous
113970,Miscellaneous
113973,Bars & Nightlife
113976,Restaurants
113985,Health & Beauty
114010,Restaurants
114041,Restaurants
114056,Miscellaneous
114066,Repair & Maintenance
114085,Miscellaneous
114152,Telecommunications
114161,Miscellaneous
114203,Restaurants
114204,Restaurants
114225,Miscellaneous
114228,Coffee & Tea
114230,Miscellaneous
114247,Miscellaneous
114250,Health & Beauty
114255,Fitness & Recreation
114262,Restaurants
114270,Miscellaneous
114291,Health & Beauty
114301,Cleaning Services
114313,Real Estate
114315,Business Services
114363,Cleaning Services
114383,Arts & Entertainment
114396,Repair & Maintenance
114403,Restaurants
114430,Clothing & Apparel
114431,Restaurants
114439,Miscellaneous
114446,Miscellaneous
114448,Bars & Nightlife
114457,Financial Services
114459,Miscellaneous
114498,Specialty Retail
114502,Restaurants
114504,Bakery & Desserts
114523,Miscellaneous
114524,Specialty Food
114525,Restaurants
114548,Specialized Healthcare
114552,Miscellaneous
114565,Restaurants
114567,Restaurants
114584,Coffee & Tea
114597,Miscellaneous
114598,Fast Food
114599,Miscellaneous
114610,Restaurants
114622,Miscellaneous
114625,Restaurants
114633,Miscellaneous
114668,Business Services
114672,Arts & Entertainment
114673,Home & Garden
114700,Repair & Maintenance
114723,Restaurants
114730,Restaurants
114736,Restaurants
114755,Health & Beauty
114782,Restaurants
114823,Miscellaneous
114832,Fitness & Recreation
114839,Repair & Maintenance
114944,Specialty Food
114949,Restaurants
114954,Miscellaneous
114975,Car Wash & Detailing
114978,Automotive Retail
114981,Restaurants
114986,Miscellaneous
114992,Real Estate
115030,Construction & Contractors
115033,Medical Offices
115040,Miscellaneous
115048,Miscellaneous
115065,Coffee & Tea
115072,Construction & Contractors
115073,Restaurants
115091,Specialty Food
115101,Travel Services
115108,Medical Offices
115116,Restaurants
115119,Miscellaneous
115121,Clothing & Apparel
115127,Miscellaneous
115128,Real Estate
115137,Restaurants
115158,Specialty Food
115164,Bars & Nightlife
115182,Fast Food
115216,Miscellaneous
115230,Telecommunications
115286,Miscellaneous
115287,Miscellaneous
115297,Miscellaneous
115305,Miscellaneous
115309,Coffee & Tea
115313,Hotels & Motels
115315,Miscellaneous
115320,Specialty Food
115337,Miscellaneous
115349,Restaurants
115350,Arts & Entertainment
115389,Restaurants
115407,Miscellaneous
115412,Miscellaneous
115426,Miscellaneous
115482,Miscellaneous
115513,Bars & Nightlife
115518,Miscellaneous
115525,Miscellaneous
115569,Miscellaneous
115586,Restaurants
115597,Coffee & Tea
115598,Restaurants
115606,Miscellaneous
115610,Hotels & Motels
115611,Health & Beauty
115613,Travel Services
115615,Miscellaneous
115624,IT Services
115639,Clothing & Apparel
115661,Consulting
115665,Pet Services
115668,Restaurants
115681,Bars & Nightlife
115704,Sports & Recreation
115712,Coffee & Tea
115719,Dry Cleaning & Laundry
115721,Restaurants
115755,Restaurants
115763,Specialty Food
115793,Restaurants
115796,Clothing & Apparel
115802,Specialty Food
115860,Miscellaneous
115876,Coffee & Tea
115899,Miscellaneous
115912,Miscellaneous
115913,Miscellaneous
115934,Miscellaneous
115964,Miscellaneous
115966,Restaurants
116001,Restaurants
116024,Bars & Nightlife
116025,Miscellaneous
116026,Miscellaneous
116028,Miscellaneous
116033,Miscellaneous
116038,Arts & Entertainment
116056,Bars & Nightlife
116061,Miscellaneous
116106,Hotels & Motels
116144,Miscellaneous
116171,Health & Beauty
116195,Miscellaneous
116196,Miscellaneous
116210,Hotels & Motels
116243,Miscellaneous
116250,Miscellaneous
116260,Miscellaneous
116326,Miscellaneous
116336,Repair & Maintenance
116362,Miscellaneous
116388,Health & Beauty
116410,Miscellaneous
116449,Bakery & Desserts
116450,Health & Beauty
116454,Automotive Retail
116456,Repair & Maintenance
116510,Restaurants
116511,Miscellaneous
116512,Miscellaneous
116546,Restaurants
116554,Miscellaneous
116555,Miscellaneous
116556,Specialty Food
116562,Fitness & Recreation
116564,Miscellaneous
116565,Arts & Entertainment
116573,Miscellaneous
116593,Restaurants
116603,Restaurants
116613,Coffee & Tea
116618,Restaurants
116623,Financial Services
116624,Miscellaneous
116626,Clothing & Apparel
116636,Restaurants
116644,Restaurants
116651,Restaurants
116668,Hotels & Motels
116681,Miscellaneous
116682,Specialty Food
116691,Hotels & Motels
116702,Restaurants
116717,Miscellaneous
116723,Restaurants
116724,Restaurants
116733,Miscellaneous
116734,Car Wash & Detailing
116766,Real Estate
116783,Medical Offices
116801,Miscellaneous
116823,Coffee & Tea
116836,Specialty Food
116840,Restaurants
116842,Restaurants
116905,Financial Services
116922,Miscellaneous
116933,Health & Beauty
116952,Bars & Nightlife
116958,Miscellaneous
116966,Miscellaneous
117001,Financial Services
117002,Medical Offices
117012,Business Services
117026,Health & Beauty
117043,Miscellaneous
117049,Miscellaneous
117063,Real Estate
117067,Coffee & Tea
117086,Fitness & Recreation
117104,Towing & Roadside
117105,Restaurants
117115,Bakery & Desserts
117127,Miscellaneous
117152,Miscellaneous
117169,Miscellaneous
117179,Health & Beauty
117180,Specialty Food
117187,Miscellaneous
117221,Miscellaneous
117245,Miscellaneous
117249,Repair & Maintenance
117263,Miscellaneous
117269,Miscellaneous
117283,Miscellaneous
117291,Restaurants
117304,Legal Services
117305,Miscellaneous
117326,Miscellaneous
117329,Sports & Recreation
117334,Restaurants
117335,Pharmacy
117337,Specialty Food
117360,General Merchandise
117389,Fitness & Recreation
117397,Restaurants
117446,Miscellaneous
117447,Medical Offices
117458,Miscellaneous
117465,Repair & Maintenance
117474,Miscellaneous
117487,Restaurants
117503,Miscellaneous
117506,Miscellaneous
117516,Schools
117545,Miscellaneous
117548,Health & Beauty
117559,Miscellaneous
117568,Miscellaneous
117573,Miscellaneous
117574,Miscellaneous
117587,Legal Services
117601,Miscellaneous
117608,Clothing & Apparel
117615,Miscellaneous
117622,Telecommunications
117624,Miscellaneous
117635,Miscellaneous
117637,Health & Beauty
117684,Home & Garden
117699,Repair & Maintenance
117702,Miscellaneous
117731,Miscellaneous
117733,Medical Offices
117747,Specialty Food
117765,Miscellaneous
117772,Restaurants
117777,Travel Services
117781,Restaurants
117784,Miscellaneous
117800,Clothing & Apparel
117803,Miscellaneous
117804,Miscellaneous
117822,Miscellaneous
117833,Miscellaneous
117855,Miscellaneous
117874,Medical Offices
117886,Miscellaneous
117893,Restaurants
117916,Miscellaneous
117923,Miscellaneous
117927,Restaurants
117961,Miscellaneous
117969,Financial Services
117972,Miscellaneous
117980,Miscellaneous
118008,Clothing & Apparel
118009,Miscellaneous
118019,Miscellaneous
118023,Real Estate
118048,Miscellaneous
118061,Miscellaneous
118070,Miscellaneous
118079,Health & Beauty
118089,Miscellaneous
118092,Medical Offices
118143,Restaurants
118148,Specialty Food
118153,Real Estate
118161,Restaurants
118163,Construction & Contractors
118167,Specialty Food
118175,Miscellaneous
118181,Miscellaneous
118186,Bars & Nightlife
118189,Miscellaneous
118228,Miscellaneous
118229,Miscellaneous
118240,Hotels & Motels
118265,Fitness & Recreation
118304,Miscellaneous
118305,Automotive Retail
118315,Restaurants
118336,Business Services
118338,Miscellaneous
118358,Miscellaneous
118376,Miscellaneous
118384,Financial Services
118443,Events & Venues
118473,Schools
118491,Miscellaneous
118508,Miscellaneous
118511,Miscellaneous
118525,Clothing & Apparel
118529,Restaurants
118535,Miscellaneous
118537,Restaurants
118538,Coffee & Tea
118540,Restaurants
118546,Miscellaneous
118547,Miscellaneous
118590,Health & Beauty
118620,Restaurants
118624,Miscellaneous
118635,Miscellaneous
118684,Construction & Contractors
118686,Plumbing & HVAC
118709,Miscellaneous
118712,Miscellaneous
118714,Restaurants
118722,Miscellaneous
118726,Legal Services
118742,Miscellaneous
118776,Medical Offices
118793,Health & Beauty
118888,General Merchandise
118923,Miscellaneous
118932,Miscellaneous
118934,Fitness & Recreation
118936,Medical Offices
118944,Miscellaneous
118951,Miscellaneous
118957,Medical Offices
118959,Restaurants
118960,Coffee & Tea
118963,Miscellaneous
118978,Bars & Nightlife
119007,Miscellaneous
119019,Restaurants
119049,Miscellaneous
119064,Health & Beauty
119071,Medical Offices
119083,Bars & Nightlife
119096,Health & Beauty
119099,Miscellaneous
119127,Restaurants
119131,Clothing & Apparel
119135,Health & Beauty
119144,Restaurants
119162,Miscellaneous
119165,Pharmacy
119186,Miscellaneous
119208,Construction & Contractors
119211,Health & Beauty
119231,Telecommunications
119245,Automotive Retail
119268,Automotive Retail
119326,Health & Beauty
119355,Pharmacy
119358,Miscellaneous
119369,Miscellaneous
119375,Medical Offices
119378,Specialty Food
119382,Miscellaneous
119414,Miscellaneous
119454,Miscellaneous
119459,Health & Beauty
119472,Business Services
119473,Miscellaneous
119475,Repair & Maintenance
119479,Medical Offices
119483,Cleaning Services
119490,Bakery & Desserts
119522,Medical Offices
119538,Home & Garden
119551,Miscellaneous
119554,Fitness & Recreation
119579,Medical Offices
119581,Miscellaneous
119606,Restaurants
119621,Miscellaneous
119663,Health & Beauty
119666,Schools
119676,Financial Services
119708,Miscellaneous
119721,Miscellaneous
119726,Miscellaneous
119743,Medical Offices
119794,Health & Beauty
119799,Miscellaneous
119802,Miscellaneous
119803,Schools
119804,Miscellaneous
119823,Restaurants
119840,Health & Beauty
119848,Specialty Food
119850,Health & Beauty
119889,Restaurants
119926,Health & Beauty
119930,Miscellaneous
119954,Financial Services
119962,Miscellaneous
119963,Health & Beauty
119984,Miscellaneous
119989,Coffee & Tea
120011,Miscellaneous
120035,Miscellaneous
120043,Miscellaneous
120049,Miscellaneous
120077,Restaurants
120081,Miscellaneous
120083,Construction & Contractors
120088,Miscellaneous
120097,Miscellaneous
120109,Specialized Healthcare
120120,Miscellaneous
120134,Repair & Maintenance
120150,Financial Services
120153,Construction & Contractors
120162,Health & Beauty
120198,Miscellaneous
120212,Legal Services
120214,Miscellaneous
120215,Construction & Contractors
120231,Restaurants
120245,Miscellaneous
120260,Restaurants
120261,Specialty Retail
120302,Hotels & Motels
120333,Bakery & Desserts
120359,Miscellaneous
120362,Specialty Food
120367,Miscellaneous
120376,Miscellaneous
120381,Financial Services
120382,Construction & Contractors
120398,Miscellaneous
120405,Miscellaneous
120406,Miscellaneous
120410,Miscellaneous
120435,Miscellaneous
120436,Real Estate
120449,Miscellaneous
120450,Health & Beauty
120456,Miscellaneous
120465,Health & Beauty
120479,Financial Services
120480,Bars & Nightlife
120488,Medical Offices
120489,Pharmacy
120506,Miscellaneous
120511,Restaurants
120513,Restaurants
120523,Restaurants
120534,Miscellaneous
120568,Miscellaneous
120576,Coffee & Tea
120585,Real Estate
120593,Miscellaneous
120602,Miscellaneous
120605,Real Estate
120608,Restaurants
120609,Clothing & Apparel
120632,Bars & Nightlife
120649,Miscellaneous
120652,Health & Beauty
120659,Miscellaneous
120707,Legal Services
120710,Miscellaneous
120716,Miscellaneous
120723,Restaurants
120724,Miscellaneous
120742,Dry Cleaning & Laundry
120752,Medical Offices
120780,Miscellaneous
120781,Pet Services
120790,Miscellaneous
120816,Miscellaneous
120838,Automotive Retail
120851,Miscellaneous
120854,Home & Garden
120862,Pet Services
120875,Health & Beauty
120915,Medical Offices
120916,Bakery & Desserts
120926,Miscellaneous
120964,Miscellaneous
121004,Miscellaneous
121060,Telecommunications
121067,Fast Food
121071,Miscellaneous
121099,Miscellaneous
121102,Miscellaneous
121103,Medical Offices
121115,Medical Offices
121159,Miscellaneous
121184,Specialty Food
121196,Miscellaneous
121229,Miscellaneous
121233,Plumbing & HVAC
121234,Miscellaneous
121235,Construction & Contractors
121242,Medical Offices
121265,Legal Services
121273,Miscellaneous
121274,Restaurants
121300,Medical Offices
121315,Miscellaneous
121364,Business Services
121378,Miscellaneous
121380,Miscellaneous
121381,Hotels & Motels
121382,Restaurants
121384,Miscellaneous
121398,Miscellaneous
121418,Miscellaneous
121425,Hotels & Motels
121426,Miscellaneous
121441,Telecommunications
121444,Bars & Nightlife
121449,Health & Beauty
121451,Health & Beauty
121466,Clothing & Apparel
121478,Miscellaneous
121540,Miscellaneous
121566,Miscellaneous
121606,Miscellaneous
121615,Miscellaneous
121629,Miscellaneous
121637,Miscellaneous
121646,Real Estate
121657,Restaurants
121658,Financial Services
121668,Financial Services
121673,Health & Beauty
121686,Miscellaneous
121725,Miscellaneous
121756,Miscellaneous
121768,Telecommunications
121772,Construction & Contractors
121790,Consulting
121793,Restaurants
121799,Restaurants
121800,Miscellaneous
121810,Restaurants
121811,Miscellaneous
121812,Miscellaneous
121813,Restaurants
121825,Miscellaneous
121860,Miscellaneous
121876,Miscellaneous
121906,Miscellaneous
121922,Restaurants
121923,Restaurants
121928,Financial Services
121966,Miscellaneous
121989,Medical Offices
121992,Health & Beauty
121998,Miscellaneous
122015,Restaurants
122027,Miscellaneous
122097,Coffee & Tea
122101,Miscellaneous
122111,Health & Beauty
122117,Miscellaneous
122120,Real Estate
122129,Telecommunications
122132,Miscellaneous
122136,Miscellaneous
122142,Miscellaneous
122143,Miscellaneous
122179,Miscellaneous
122189,Fitness & Recreation
122196,Miscellaneous
122200,Miscellaneous
122203,Health & Beauty
122206,Miscellaneous
122239,Miscellaneous
122258,Miscellaneous
122311,Travel Services
122347,Restaurants
122358,Miscellaneous
122375,Miscellaneous
122394,Bars & Nightlife
122410,Fast Food
122431,Miscellaneous
122432,Health & Beauty
122444,Specialty Food
122459,Health & Beauty
122464,Business Services
122475,Specialty Retail
122479,Health & Beauty
122481,Construction & Contractors
122511,Medical Offices
122517,Electrical
122549,Miscellaneous
122554,Miscellaneous
122569,Miscellaneous
122571,Health & Beauty
122572,General Merchandise
122581,Health & Beauty
122584,Construction & Contractors
122621,Miscellaneous
122622,Miscellaneous
122625,Miscellaneous
122639,Restaurants
122663,Miscellaneous
122688,Miscellaneous
122764,Restaurants
122768,Miscellaneous
122778,Health & Beauty
122781,Miscellaneous
122791,Miscellaneous
122800,Miscellaneous
122826,Repair & Maintenance
122834,Miscellaneous
122838,Miscellaneous
122840,Miscellaneous
122841,Miscellaneous
122847,Restaurants
122853,Legal Services
122854,Real Estate
122868,Bars & Nightlife
122874,Miscellaneous
122885,Miscellaneous
122893,Miscellaneous
122913,Miscellaneous
122931,Medical Offices
122934,Restaurants
122950,Repair & Maintenance
122969,Miscellaneous
122972,Miscellaneous
122973,Restaurants
122975,Specialty Retail
123015,IT Services
123053,Miscellaneous
123062,Specialty Food
123078,Health & Beauty
123079,Miscellaneous
123081,Restaurants
123108,Automotive Retail
123115,Restaurants
123154,Plumbing & HVAC
123158,Medical Offices
123171,Clothing & Apparel
123176,Travel Services
123182,Business Services
123187,Miscellaneous
123189,Fitness & Recreation
123197,Towing & Roadside
123198,Cleaning Services
123206,Miscellaneous
123207,Miscellaneous
123210,Restaurants
123230,Miscellaneous
123237,Restaurants
123239,Real Estate
123259,Coffee & Tea
123264,Miscellaneous
123306,Construction & Contractors
123315,Telecommunications
123317,Miscellaneous
123322,Miscellaneous
123329,Health & Beauty
123332,Miscellaneous
123341,Miscellaneous
123368,Financial Services
123384,Financial Services
123413,Restaurants
123433,Pharmacy
123436,Bakery & Desserts
123438,Telecommunications
123439,Miscellaneous
123453,Telecommunications
123454,Towing & Roadside
123472,Cleaning Services
123473,Consulting
123481,Medical Offices
123483,Miscellaneous
123488,Health & Beauty
123494,Repair & Maintenance
123518,Miscellaneous
123520,Financial Services
123545,Miscellaneous
123575,Medical Offices
123577,Miscellaneous
123585,Restaurants
123586,Real Estate
123592,Miscellaneous
123610,Miscellaneous
123614,Bars & Nightlife
123644,Coffee & Tea
123645,Sports & Recreation
123648,Clothing & Apparel
123656,Restaurants
123669,Miscellaneous
123671,Restaurants
123689,Miscellaneous
123722,Restaurants
123736,Miscellaneous
123750,Miscellaneous
123756,Miscellaneous
123759,Miscellaneous
123774,Construction & Contractors
123793,Fitness & Recreation
123795,Bars & Nightlife
123800,Miscellaneous
123821,Specialty Food
123827,Financial Services
123831,Repair & Maintenance
123846,Miscellaneous
123848,Restaurants
123852,Automotive Retail
123881,Miscellaneous
123889,Miscellaneous
123902,Miscellaneous
123919,Specialty Retail
123931,Miscellaneous
124014,Miscellaneous
124030,Bars & Nightlife
124045,Sports & Recreation
124075,Miscellaneous
124079,Specialty Food
124124,Miscellaneous
124135,Miscellaneous
124152,Coffee & Tea
124156,Financial Services
124170,Miscellaneous
124183,Miscellaneous
124210,Health & Beauty
124228,Miscellaneous
124255,Health & Beauty
124262,Restaurants
124275,Health & Beauty
124291,Pet Services
124325,Health & Beauty
124341,Miscellaneous
124366,Miscellaneous
124379,Sports & Recreation
124380,Miscellaneous
124393,Fitness & Recreation
124395,Pharmacy
124400,Automotive Retail
124409,Miscellaneous
124412,Miscellaneous
124416,Fast Food
124422,Miscellaneous
124451,Miscellaneous
124459,Restaurants
124471,Miscellaneous
124472,Miscellaneous
124480,Restaurants
124496,Miscellaneous
124510,Miscellaneous
124518,Miscellaneous
124526,Miscellaneous
124532,Clothing & Apparel
124547,Miscellaneous
124548,Restaurants
124550,Miscellaneous
124551,Miscellaneous
124553,Miscellaneous
124561,Miscellaneous
124564,Miscellaneous
124575,Repair & Maintenance
124589,Miscellaneous
124627,Restaurants
124629,Miscellaneous
124646,Fitness & Recreation
124649,Miscellaneous
124650,Miscellaneous
124656,Fast Food
124666,Medical Offices
124669,Miscellaneous
124672,Fast Food
124675,Restaurants
124679,Miscellaneous
124692,Financial Services
124697,Miscellaneous
124704,Coffee & Tea
124726,Miscellaneous
124751,Miscellaneous
124754,Miscellaneous
124773,Miscellaneous
124787,Miscellaneous
124824,Restaurants
124843,Specialty Food
124844,Health & Beauty
124845,Real Estate
124857,Restaurants
124889,Health & Beauty
124905,Restaurants
124940,Bars & Nightlife
124943,Miscellaneous
124948,Financial Services
124952,Events & Venues
124999,Real Estate
125011,Miscellaneous
125021,Pet Services
125023,Restaurants
125028,Miscellaneous
125030,Financial Services
125033,Financial Services
125044,Fitness & Recreation
125065,Health & Beauty
125082,Miscellaneous
125083,Towing & Roadside
125117,Miscellaneous
125120,Plumbing & HVAC
125121,Miscellaneous
125159,Real Estate
125164,Health & Beauty
125168,Miscellaneous
125172,Pet Services
125185,Pharmacy
125208,Miscellaneous
125244,Fitness & Recreation
125246,Specialty Food
125249,Miscellaneous
125256,Miscellaneous
125258,Health & Beauty
125259,Health & Beauty
125282,Automotive Retail
125297,Restaurants
125315,Events & Venues
125322,Miscellaneous
125351,Restaurants
125355,Bars & Nightlife
125380,Restaurants
125381,Bakery & Desserts
125384,Miscellaneous
125406,Pet Services
125410,Miscellaneous
125428,Bars & Nightlife
125447,Restaurants
125453,Fast Food
125459,Medical Offices
125462,Miscellaneous
125463,Miscellaneous
125470,Real Estate
125487,Clothing & Apparel
125512,Financial Services
125519,Miscellaneous
125532,Miscellaneous
125534,Miscellaneous
125573,Business Services
125574,Medical Offices
125578,Health & Beauty
125583,Miscellaneous
125585,Bakery & Desserts
125595,Miscellaneous
125599,Restaurants
125618,Restaurants
125622,Pet Services
125640,Miscellaneous
125645,Health & Beauty
125666,Miscellaneous
125667,Miscellaneous
125688,Health & Beauty
125702,Car Wash & Detailing
125739,Fitness & Recreation
125748,Miscellaneous
125761,Restaurants
125762,Miscellaneous
125766,Miscellaneous
125767,Health & Beauty
125773,Health & Beauty
125776,Plumbing & HVAC
125779,Miscellaneous
125790,Financial Services
125792,Miscellaneous
125795,Hotels & Motels
125857,Miscellaneous
125870,Pet Services
125888,Miscellaneous
125906,Miscellaneous
125934,Miscellaneous
125940,Miscellaneous
125956,Sports & Recreation
125959,Restaurants
125965,Miscellaneous
125969,General Merchandise
125980,Miscellaneous
125983,Fitness & Recreation
125997,Health & Beauty
126001,Miscellaneous
126011,Restaurants
126015,Events & Venues
126042,Miscellaneous
126044,Restaurants
126045,Miscellaneous
126052,Bars & Nightlife
126058,Miscellaneous
126069,Health & Beauty
126071,Miscellaneous
126097,Miscellaneous
126113,Miscellaneous
126153,Miscellaneous
126220,Sports & Recreation
126226,Miscellaneous
126234,Miscellaneous
126237,Miscellaneous
126239,Miscellaneous
126241,Miscellaneous
126248,Miscellaneous
126279,Miscellaneous
126300,Home & Garden
126319,Restaurants
126352,Miscellaneous
126379,Fitness & Recreation
126406,Restaurants
126415,Miscellaneous
126418,Medical Offices
126427,Miscellaneous
126434,Miscellaneous
126466,Restaurants
126490,Repair & Maintenance
126499,Bars & Nightlife
126500,Miscellaneous
126501,Bakery & Desserts
126510,Automotive Retail
126519,Real Estate
126522,Coffee & Tea
126537,Specialty Retail
126551,Health & Beauty
126569,Miscellaneous
126571,Miscellaneous
126577,Health & Beauty
126627,Miscellaneous
126629,Miscellaneous
126654,Miscellaneous
126655,Restaurants
126667,Miscellaneous
126682,Miscellaneous
126695,Repair & Maintenance
126707,Clothing & Apparel
126710,Restaurants
126718,Miscellaneous
126736,Miscellaneous
126766,Car Wash & Detailing
126789,Consulting
126837,Miscellaneous
126840,Bars & Nightlife
126844,Miscellaneous
126860,General Merchandise
126862,Bakery & Desserts
126864,Automotive Retail
126883,Restaurants
126889,Medical Offices
126892,Miscellaneous
126895,Hotels & Motels
126901,Financial Services
126907,Restaurants
126948,Miscellaneous
126964,Miscellaneous
126967,Restaurants
126990,Miscellaneous
126992,Miscellaneous
126999,Miscellaneous
127006,Miscellaneous
127032,Bars & Nightlife
127040,Miscellaneous
127067,Coffee & Tea
127090,Consulting
127105,Specialty Food
127110,Bars & Nightlife
127113,Miscellaneous
127120,Miscellaneous
127125,Miscellaneous
127127,Miscellaneous
127132,Miscellaneous
127134,Miscellaneous
127175,Repair & Maintenance
127200,Pharmacy
127214,Miscellaneous
127218,Miscellaneous
127248,Miscellaneous
127263,Miscellaneous
127267,Restaurants
127268,Repair & Maintenance
127278,Bars & Nightlife
127282,Fast Food
127291,Health & Beauty
127292,Miscellaneous
127303,Restaurants
127309,Health & Beauty
127313,Miscellaneous
127327,Miscellaneous
127360,Restaurants
127362,Health & Beauty
127364,Bars & Nightlife
127370,Miscellaneous
127383,Home & Garden
127386,Automotive Retail
127480,Miscellaneous
127489,Miscellaneous
127494,Coffee & Tea
127499,Miscellaneous
127506,Arts & Entertainment
127529,Restaurants
127530,Miscellaneous
127553,Restaurants
127566,Miscellaneous
127594,Miscellaneous
127658,Telecommunications
127677,Restaurants
127687,Health & Beauty
127709,Miscellaneous
127712,Miscellaneous
127714,Miscellaneous
127731,Pet Services
127734,Miscellaneous
127738,Miscellaneous
127742,Fast Food
127743,Travel Services
127744,Restaurants
127758,Health & Beauty
127760,Miscellaneous
127763,Miscellaneous
127782,Miscellaneous
127783,Miscellaneous
127793,Legal Services
127796,Restaurants
127798,Restaurants
127803,Dry Cleaning & Laundry
127808,Miscellaneous
127821,Miscellaneous
127832,Miscellaneous
127847,Financial Services
127851,Telecommunications
127887,Miscellaneous
127908,Restaurants
127909,Restaurants
127924,Miscellaneous
127925,Miscellaneous
127930,Repair & Maintenance
127935,Health & Beauty
127938,Health & Beauty
127959,Restaurants
128039,Miscellaneous
128065,Miscellaneous
128080,Construction & Contractors
128082,Electrical
128086,Miscellaneous
128103,Miscellaneous
128134,Miscellaneous
128139,Repair & Maintenance
128164,Specialty Food
128172,Bars & Nightlife
128176,Miscellaneous
128190,Restaurants
128191,Restaurants
128208,Miscellaneous
128213,Financial Services
128226,Restaurants
128244,Miscellaneous
128252,Restaurants
128255,Miscellaneous
128263,Financial Services
128312,Miscellaneous
128321,Consulting
128322,Miscellaneous
128333,Specialty Food
128348,Travel Services
128354,Miscellaneous
128375,Automotive Retail
128402,Clothing & Apparel
128415,Restaurants
128442,Miscellaneous
128445,Miscellaneous
128464,Restaurants
128476,Miscellaneous
128516,Dry Cleaning & Laundry
128526,Miscellaneous
128528,Health & Beauty
128538,Restaurants
128540,Miscellaneous
128547,Miscellaneous
128561,Miscellaneous
128567,Miscellaneous
128576,Plumbing & HVAC
128584,Bakery & Desserts
128613,Miscellaneous
128626,Medical Offices
128631,Health & Beauty
128639,Miscellaneous
128647,Restaurants
128671,Miscellaneous
128681,Fitness & Recreation
128714,Miscellaneous
128723,Miscellaneous
128762,Miscellaneous
128771,Miscellaneous
128781,Miscellaneous
128784,Miscellaneous
128796,Telecommunications
128806,Health & Beauty
128827,Restaurants
128842,Miscellaneous
128901,Miscellaneous
128903,Automotive Retail
128925,Business Services
128956,Health & Beauty
128974,Health & Beauty
128985,Miscellaneous
129002,Home & Garden
129013,Coffee & Tea
129041,Restaurants
129042,Miscellaneous
129045,Miscellaneous
129057,Miscellaneous
129065,Health & Beauty
129068,Specialized Healthcare
129080,Miscellaneous
129101,General Merchandise
129138,Business Services
129143,Hotels & Motels
129155,Miscellaneous
129171,Automotive Retail
129213,Restaurants
129261,Bars & Nightlife
129292,Miscellaneous
129303,Real Estate
129304,Health & Beauty
129305,Restaurants
129307,Restaurants
129319,Restaurants
129321,Miscellaneous
129323,Coffee & Tea
129341,Sports & Recreation
129352,Coffee & Tea
129354,Restaurants
129357,Real Estate
129358,Miscellaneous
129380,Health & Beauty
129385,Financial Services
129387,Miscellaneous
129389,Automotive Retail
129412,Business Services
129418,Telecommunications
129421,Miscellaneous
129435,Bakery & Desserts
129436,Restaurants
129464,Pet Services
129488,Medical Offices
129489,Restaurants
129490,Miscellaneous
129496,Telecommunications
129497,Miscellaneous
129498,Restaurants
129512,Health & Beauty
129514,Miscellaneous
129520,Miscellaneous
129534,Arts & Entertainment
129549,Miscellaneous
129552,Specialty Food
129669,Health & Beauty
129693,Restaurants
129707,Restaurants
129712,Specialty Food
129732,Miscellaneous
129733,Miscellaneous
129758,Fitness & Recreation
129788,Arts & Entertainment
129803,Miscellaneous
129812,Miscellaneous
129826,Fitness & Recreation
129843,Miscellaneous
129844,Restaurants
129853,Miscellaneous
129854,Miscellaneous
129863,Miscellaneous
129872,Business Services
129891,Restaurants
129904,Legal Services
129915,Miscellaneous
129923,Specialty Food
129928,Miscellaneous
129963,Miscellaneous
129979,Consulting
130013,Miscellaneous
130026,Tutoring
130048,Restaurants
130064,Fitness & Recreation
130096,Miscellaneous
130114,Bars & Nightlife
130118,Restaurants
130136,Cleaning Services
130139,Medical Offices
130145,Miscellaneous
130174,Restaurants
130176,Pet Services
130178,Miscellaneous
130183,Health & Beauty
130190,Miscellaneous
130192,Miscellaneous
130222,Medical Offices
130235,Restaurants
130237,Miscellaneous
130242,Medical Offices
130252,Bars & Nightlife
130253,Clothing & Apparel
130255,Miscellaneous
130256,Miscellaneous
130257,Bars & Nightlife
130259,Fast Food
130264,Miscellaneous
130289,Coffee & Tea
130301,Miscellaneous
130302,Miscellaneous
130369,Miscellaneous
130373,Restaurants
130432,Medical Offices
130462,Pharmacy
130468,Home & Garden
130469,Miscellaneous
130483,Coffee & Tea
130489,Miscellaneous
130491,Bakery & Desserts
130515,Miscellaneous
130560,Restaurants
130566,Hotels & Motels
130576,Miscellaneous
130598,Miscellaneous
130599,Repair & Maintenance
130621,Miscellaneous
130637,Clothing & Apparel
130657,Miscellaneous
130696,Health & Beauty
130701,Miscellaneous
130717,General Merchandise
130724,Miscellaneous
130727,Miscellaneous
130744,Miscellaneous
130788,Miscellaneous
130792,Medical Offices
130802,Miscellaneous
130826,Miscellaneous
130827,Miscellaneous
130856,Coffee & Tea
130870,Landscaping
130873,Repair & Maintenance
130883,Restaurants
130887,Restaurants
130921,Hotels & Motels
130985,Miscellaneous
130992,Miscellaneous
130994,Miscellaneous
130995,Miscellaneous
131020,Coffee & Tea
131049,Home & Garden
131061,Restaurants
131103,Sports & Recreation
131162,Medical Offices
131163,Bars & Nightlife
131171,Miscellaneous
131178,Clothing & Apparel
131189,Bars & Nightlife
131217,Coffee & Tea
131225,Miscellaneous
131226,Miscellaneous
131244,Bars & Nightlife
131264,Real Estate
131265,Clothing & Apparel
131271,Miscellaneous
131344,Miscellaneous
131346,Miscellaneous
131360,Miscellaneous
131390,Arts & Entertainment
131409,Miscellaneous
131416,Miscellaneous
131424,Cleaning Services
131430,Restaurants
131431,Repair & Maintenance
131437,Miscellaneous
131456,Coffee & Tea
131469,Miscellaneous
131512,Miscellaneous
131513,Miscellaneous
131514,Miscellaneous
131515,Repair & Maintenance
131518,Miscellaneous
131538,Home & Garden
131539,Restaurants
131552,Restaurants
131562,Restaurants
131563,Miscellaneous
131567,Bakery & Desserts
131586,Restaurants
131683,Miscellaneous
131686,Automotive Retail
131712,Miscellaneous
131720,Restaurants
131725,Miscellaneous
131738,Miscellaneous
131739,Repair & Maintenance
131755,Miscellaneous
131756,Miscellaneous
131757,Miscellaneous
131774,Travel Services
131789,Coffee & Tea
131791,Telecommunications
131815,Miscellaneous
131818,Miscellaneous
131826,Car Wash & Detailing
131831,Miscellaneous
131848,Miscellaneous
131852,Miscellaneous
131856,Bars & Nightlife
131858,Miscellaneous
131877,Repair & Maintenance
131883,Health & Beauty
131948,Fast Food
131951,Miscellaneous
131982,Travel Services
131995,Car Wash & Detailing
131996,Cleaning Services
132015,Health & Beauty
132016,Telecommunications
132042,Miscellaneous
132076,Telecommunications
132077,Miscellaneous
132088,Miscellaneous
132092,Restaurants
132095,Fitness & Recreation
132097,Miscellaneous
132129,Fitness & Recreation
132131,Fitness & Recreation
132133,Miscellaneous
132134,Miscellaneous
132147,Miscellaneous
132149,Miscellaneous
132174,Restaurants
132201,Dry Cleaning & Laundry
132222,Sports & Recreation
132228,Miscellaneous
132229,Miscellaneous
132244,Restaurants
132249,Miscellaneous
132262,Miscellaneous
132315,Bars & Nightlife
132333,Fitness & Recreation
132338,Miscellaneous
132343,Medical Offices
132404,Restaurants
132448,Repair & Maintenance
132484,Clothing & Apparel
132531,Miscellaneous
132538,Financial Services
132565,Miscellaneous
132567,Fitness & Recreation
132578,Miscellaneous
132585,Miscellaneous
132587,Miscellaneous
132593,Miscellaneous
132640,Miscellaneous
132646,Miscellaneous
132647,Specialty Retail
132658,Miscellaneous
132662,Restaurants
132715,Miscellaneous
132717,Clothing & Apparel
132735,Health & Beauty
132746,Coffee & Tea
132751,Miscellaneous
132752,Miscellaneous
132754,Hotels & Motels
132759,Restaurants
132762,Miscellaneous
132834,Coffee & Tea
132847,Miscellaneous
132851,Business Services
132907,Specialty Food
132956,Car Wash & Detailing
132971,Miscellaneous
132980,Arts & Entertainment
133000,Clothing & Apparel
133012,Specialty Food
133016,Miscellaneous
133024,Miscellaneous
133042,Coffee & Tea
133058,Coffee & Tea
133060,Restaurants
133085,Miscellaneous
133122,Miscellaneous
133136,Hotels & Motels
133143,Financial Services
133151,Miscellaneous
133162,Coffee & Tea
133178,Miscellaneous
133185,Miscellaneous
133191,Medical Offices
133203,Repair & Maintenance
133208,Miscellaneous
133213,Telecommunications
133225,Miscellaneous
133283,Specialty Food
133284,Restaurants
133289,Restaurants
133295,Miscellaneous
133302,Miscellaneous
133305,Bars & Nightlife
133321,Health & Beauty
133370,Restaurants
133389,Miscellaneous
133428,Clothing & Apparel
133429,Coffee & Tea
133432,Miscellaneous
133451,Miscellaneous
133478,Miscellaneous
133494,Specialty Food
133512,Restaurants
133535,Miscellaneous
133559,Restaurants
133560,Financial Services
133561,Legal Services
133571,Miscellaneous
133574,Miscellaneous
133610,Business Services
133649,Sports & Recreation
133656,Miscellaneous
133666,Miscellaneous
133672,Automotive Retail
133693,Restaurants
133694,Miscellaneous
133704,Telecommunications
133710,Bars & Nightlife
133733,Coffee & Tea
133752,Home & Garden
133792,Fast Food
133793,Miscellaneous
133796,Miscellaneous
133832,Sports & Recreation
133848,Miscellaneous
133865,Schools
133873,Health & Beauty
133874,Miscellaneous
133930,Hotels & Motels
133950,Bakery & Desserts
133964,Miscellaneous
133965,Telecommunications
133970,Miscellaneous
133977,Specialty Food
133990,Miscellaneous
133991,Restaurants
134018,Construction & Contractors
134045,Miscellaneous
134048,Restaurants
134049,Restaurants
134055,Miscellaneous
134070,Miscellaneous
134075,Miscellaneous
134088,Miscellaneous
134119,Health & Beauty
134162,Real Estate
134168,Bars & Nightlife
134186,Restaurants
134216,Miscellaneous
134219,Miscellaneous
134223,Miscellaneous
134240,Miscellaneous
134254,Miscellaneous
134257,Miscellaneous
134263,Miscellaneous
134266,Miscellaneous
134304,Construction & Contractors
134309,Miscellaneous
134314,Miscellaneous
134330,Miscellaneous
134349,Miscellaneous
134351,Miscellaneous
134359,Miscellaneous
134381,Legal Services
134419,Miscellaneous
134424,Dry Cleaning & Laundry
134434,Fast Food
134448,Miscellaneous
134463,Coffee & Tea
134484,Restaurants
134523,Arts & Entertainment
134545,Miscellaneous
134546,Miscellaneous
134568,Bakery & Desserts
134577,Miscellaneous
134578,Miscellaneous
134584,Miscellaneous
134595,Repair & Maintenance
134617,Miscellaneous
134631,Restaurants
134634,Miscellaneous
134642,Repair & Maintenance
134679,Health & Beauty
134690,Health & Beauty
134693,Health & Beauty
134702,Medical Offices
134707,Automotive Retail
134743,Miscellaneous
134765,Miscellaneous
134780,Arts & Entertainment
134827,Pet Services
134842,Miscellaneous
134843,Miscellaneous
134851,Financial Services
134878,Miscellaneous
134887,Miscellaneous
134910,Miscellaneous
134934,Miscellaneous
134942,Telecommunications
134971,Health & Beauty
134976,Miscellaneous
134977,Construction & Contractors
135006,Miscellaneous
135021,Medical Offices
135028,Miscellaneous
135030,Bars & Nightlife
135041,Miscellaneous
135055,Arts & Entertainment
135096,Consulting
135103,Fast Food
135112,Miscellaneous
135125,Construction & Contractors
135218,Medical Offices
135223,Miscellaneous
135272,Miscellaneous
135283,Miscellaneous
135322,Miscellaneous
135333,Miscellaneous
135364,Health & Beauty
135377,Miscellaneous
135383,Specialized Healthcare
135384,Car Wash & Detailing
135401,Fitness & Recreation
135402,IT Services
135406,Miscellaneous
135407,Miscellaneous
135408,Clothing & Apparel
135416,Miscellaneous
135433,Real Estate
135461,Restaurants
135462,Miscellaneous
135469,Medical Offices
135470,Medical Offices
135480,Miscellaneous
135488,Health & Beauty
135502,Schools
135509,Miscellaneous
135510,Telecommunications
135525,Health & Beauty
135556,Bars & Nightlife
135568,Miscellaneous
135575,Miscellaneous
135579,Arts & Entertainment
135580,Arts & Entertainment
135586,Financial Services
135588,Restaurants
135614,Miscellaneous
135618,Miscellaneous
135648,Legal Services
135650,Miscellaneous
135662,Health & Beauty
135679,Pharmacy
135689,Miscellaneous
135697,Plumbing & HVAC
135705,Restaurants
135708,Miscellaneous
135740,Repair & Maintenance
135750,Miscellaneous
135755,Medical Offices
135757,Business Services
135806,Construction & Contractors
135816,Repair & Maintenance
135819,Miscellaneous
135820,Specialty Retail
135825,Restaurants
135843,Specialty Retail
135875,Miscellaneous
135879,Miscellaneous
135887,Miscellaneous
135889,Restaurants
135896,Repair & Maintenance
135909,Miscellaneous
135937,Miscellaneous
135946,Legal Services
135963,Miscellaneous
136014,Health & Beauty
136018,Restaurants
136035,Miscellaneous
136063,Medical Offices
136122,Restaurants
136135,Miscellaneous
136181,Miscellaneous
136195,Medical Offices
136198,Sports & Recreation
136215,Coffee & Tea
136227,Miscellaneous
136239,Specialized Healthcare
136258,Restaurants
136285,Health & Beauty
136293,Medical Offices
136309,Restaurants
136316,Miscellaneous
136318,Miscellaneous
136324,Coffee & Tea
136339,Miscellaneous
136359,Restaurants
136363,Miscellaneous
136392,Travel Services
136421,Miscellaneous
136450,Restaurants
136454,Miscellaneous
136455,Pet Services
136461,Miscellaneous
136483,Miscellaneous
136484,Miscellaneous
136501,Medical Offices
136505,Bars & Nightlife
136511,Coffee & Tea
136522,Bars & Nightlife
136543,Miscellaneous
136551,Medical Offices
136568,Miscellaneous
136583,Miscellaneous
136590,Medical Offices
136617,Miscellaneous
136623,Restaurants
136633,Legal Services
136642,Travel Services
136679,Miscellaneous
136680,Telecommunications
136714,Miscellaneous
136735,Miscellaneous
136746,Miscellaneous
136757,Construction & Contractors
136774,Telecommunications
136776,Miscellaneous
136786,Miscellaneous
136789,Miscellaneous
136794,Miscellaneous
136796,Repair & Maintenance
136814,Schools
136824,Real Estate
136832,Specialty Food
136857,Miscellaneous
136879,Miscellaneous
136883,Miscellaneous
136886,Financial Services
136914,Miscellaneous
136919,Health & Beauty
136920,Miscellaneous
136921,Specialized Healthcare
136927,Miscellaneous
136928,Miscellaneous
136937,Financial Services
136942,Bars & Nightlife
136961,Miscellaneous
136966,Plumbing & HVAC
136987,Miscellaneous
137012,Restaurants
137014,Sports & Recreation
137033,Miscellaneous
137045,Automotive Retail
137054,Fitness & Recreation
137059,Financial Services
137076,Miscellaneous
137078,Bars & Nightlife
137080,Miscellaneous
137110,Home & Garden
137131,Miscellaneous
137159,Miscellaneous
137160,Miscellaneous
137178,Miscellaneous
137191,Restaurants
137197,Miscellaneous
137202,Miscellaneous
137206,Automotive Retail
137209,Bakery & Desserts
137221,Miscellaneous
137233,Miscellaneous
137254,Miscellaneous
137259,Miscellaneous
137268,Pet Services
137298,Towing & Roadside
137300,Miscellaneous
137324,Home & Garden
137367,Legal Services
137388,Health & Beauty
137403,Miscellaneous
137422,Financial Services
137431,Miscellaneous
137432,Specialized Healthcare
137433,Miscellaneous
137435,Restaurants
137436,Restaurants
137446,Miscellaneous
137465,Miscellaneous
137480,Fitness & Recreation
137496,Miscellaneous
137514,Miscellaneous
137526,Miscellaneous
137545,Financial Services
137633,Miscellaneous
137689,Miscellaneous
137701,Miscellaneous
137720,Repair & Maintenance
137725,Hotels & Motels
137737,Construction & Contractors
137741,Bars & Nightlife
137757,Miscellaneous
137762,Fitness & Recreation
137766,Restaurants
137777,Clothing & Apparel
137796,Miscellaneous
137799,Miscellaneous
137924,Miscellaneous
137926,Miscellaneous
137981,Pharmacy
137986,Miscellaneous
137994,Miscellaneous
138023,Health & Beauty
138032,Miscellaneous
138070,Miscellaneous
138117,Construction & Contractors
138119,Miscellaneous
138166,Miscellaneous
138183,Bars & Nightlife
138190,Miscellaneous
138191,Miscellaneous
138216,Clothing & Apparel
138228,Miscellaneous
138235,Medical Offices
138242,Miscellaneous
138252,Miscellaneous
138254,Health & Beauty
138267,Medical Offices
138268,Miscellaneous
138287,Miscellaneous
138297,Specialty Food
138305,Miscellaneous
138310,Restaurants
138316,Pet Services
138328,Specialty Food
138347,Fitness & Recreation
138350,Miscellaneous
138365,Restaurants
138366,Specialty Food
138379,Miscellaneous
138403,Construction & Contractors
138406,Miscellaneous
138433,Events & Venues
138444,Miscellaneous
138458,Legal Services
138459,Miscellaneous
138479,Miscellaneous
138499,Miscellaneous
138503,Specialized Healthcare
138521,Miscellaneous
138547,Bars & Nightlife
138551,Miscellaneous
138577,Events & Venues
138580,Miscellaneous
138581,Miscellaneous
138593,Miscellaneous
138595,Miscellaneous
138596,Fitness & Recreation
138599,Fitness & Recreation
138698,Cleaning Services
138700,Events & Venues
138710,Miscellaneous
138711,Miscellaneous
138713,Financial Services
138714,Miscellaneous
138724,Miscellaneous
138733,Miscellaneous
138804,Coffee & Tea
138805,Miscellaneous
138806,Miscellaneous
138809,Legal Services
138823,Miscellaneous
138825,Business Services
138839,Medical Offices
138844,Miscellaneous
138847,Arts & Entertainment
138876,Financial Services
138880,Miscellaneous
138888,Arts & Entertainment
138904,Automotive Retail
138922,Health & Beauty
138923,Miscellaneous
138949,Miscellaneous
138951,Health & Beauty
138960,Medical Offices
138966,Miscellaneous
138978,Miscellaneous
138988,Health & Beauty
139004,Medical Offices
139017,Medical Offices
139031,Construction & Contractors
139050,Schools
139056,Miscellaneous
139070,Miscellaneous
139080,Coffee & Tea
139096,Miscellaneous
139105,Miscellaneous
139117,Restaurants
139120,Miscellaneous
139125,Restaurants
139126,Financial Services
139170,Clothing & Apparel
139208,Restaurants
139222,Specialized Healthcare
139226,Legal Services
139241,Financial Services
139250,Clothing & Apparel
139251,Schools
139255,Coffee & Tea
139262,Miscellaneous
139266,Miscellaneous
139274,Financial Services
139295,Miscellaneous
139313,Miscellaneous
139318,Medical Offices
139327,Specialty Food
139342,Home & Garden
139344,Health & Beauty
139355,Specialized Healthcare
139383,Restaurants
139403,Miscellaneous
139410,Miscellaneous
139414,Bakery & Desserts
139434,Financial Services
139472,Business Services
139498,Financial Services
139541,Miscellaneous
139552,Restaurants
139554,Miscellaneous
139556,Miscellaneous
139561,Miscellaneous
139574,Health & Beauty
139594,Miscellaneous
139598,Miscellaneous
139604,Telecommunications
139654,Real Estate
139670,Miscellaneous
139707,Miscellaneous
139718,Bars & Nightlife
139723,Clothing & Apparel
139731,Restaurants
139734,Clothing & Apparel
139755,Bakery & Desserts
139756,Miscellaneous
139759,Health & Beauty
139777,Miscellaneous
139780,Legal Services
139804,Home & Garden
139815,Miscellaneous
139824,Miscellaneous
139845,Sports & Recreation
139849,Miscellaneous
139860,Restaurants
139882,Miscellaneous
139885,Miscellaneous
139919,Miscellaneous
139942,Bars & Nightlife
139946,Miscellaneous
139948,Miscellaneous
139955,Miscellaneous
139975,Miscellaneous
139990,Restaurants
139992,Miscellaneous
140008,Miscellaneous
140028,Car Wash & Detailing
140033,Medical Offices
140034,Miscellaneous
140035,Financial Services
140054,Miscellaneous
140080,Restaurants
140092,Miscellaneous
140113,Consulting
140115,Coffee & Tea
140116,Miscellaneous
140130,Miscellaneous
140131,Clothing & Apparel
140133,Miscellaneous
140139,Specialized Healthcare
140144,Miscellaneous
140152,Miscellaneous
140159,Miscellaneous
140167,Miscellaneous
140178,Miscellaneous
140209,Miscellaneous
140212,Bars & Nightlife
140215,Construction & Contractors
140219,Sports & Recreation
140249,Miscellaneous
140260,Miscellaneous
140265,Miscellaneous
140277,Restaurants
140279,Miscellaneous
140334,General Merchandise
140353,Miscellaneous
140363,Telecommunications
140376,IT Services
140380,Automotive Retail
140388,Restaurants
140406,Bars & Nightlife
140407,Medical Offices
140412,Arts & Entertainment
140418,Clothing & Apparel
140426,Miscellaneous
140427,Legal Services
140433,Miscellaneous
140437,Miscellaneous
140450,Restaurants
140451,Miscellaneous
140459,Bars & Nightlife
140461,Medical Offices
140462,Restaurants
140477,Miscellaneous
140482,Miscellaneous
140491,Miscellaneous
140498,Travel Services
140499,Clothing & Apparel
140511,Health & Beauty
140518,Miscellaneous
140520,Restaurants
140526,Towing & Roadside
140544,Miscellaneous
140566,Miscellaneous
140595,Miscellaneous
140604,Health & Beauty
140609,Miscellaneous
140617,Specialty Food
140632,Miscellaneous
140643,Coffee & Tea
140661,Repair & Maintenance
140667,Coffee & Tea
140672,Miscellaneous
140678,Pharmacy
140684,Bakery & Desserts
140699,Miscellaneous
140714,Health & Beauty
140731,Specialty Food
140744,Dry Cleaning & Laundry
140765,Fitness & Recreation
140767,Miscellaneous
140771,Coffee & Tea
140778,Miscellaneous
140782,Miscellaneous
140784,Miscellaneous
140786,Financial Services
140788,Miscellaneous
140789,Miscellaneous
140794,Miscellaneous
140814,Restaurants
140821,Restaurants
140848,Events & Venues
140862,Arts & Entertainment
140904,Events & Venues
140908,Schools
140920,Financial Services
140934,Miscellaneous
140957,Miscellaneous
140984,Miscellaneous
141004,Financial Services
141006,Miscellaneous
141007,Miscellaneous
141008,Specialized Healthcare
141016,Miscellaneous
141046,Miscellaneous
141070,Specialty Food
141088,Miscellaneous
141115,Coffee & Tea
141119,Restaurants
141122,Miscellaneous
141167,Coffee & Tea
141170,Bars & Nightlife
141187,Restaurants
141202,Restaurants
141203,Sports & Recreation
141221,Medical Offices
141232,Miscellaneous
141270,Miscellaneous
141272,Miscellaneous
141290,Health & Beauty
141297,Bars & Nightlife
141304,Miscellaneous
141350,Miscellaneous
141360,Coffee & Tea
141387,Coffee & Tea
141406,Restaurants
141417,Restaurants
141420,Business Services
141424,Repair & Maintenance
141454,Health & Beauty
141490,Miscellaneous
141532,Miscellaneous
141553,Miscellaneous
141554,Miscellaneous
141586,Bars & Nightlife
141592,Clothing & Apparel
141625,Miscellaneous
141647,Bars & Nightlife
141660,Miscellaneous
141664,Miscellaneous
141666,Business Services
141671,Health & Beauty
141684,Consulting
141700,Restaurants
141705,Miscellaneous
141710,Restaurants
141713,Miscellaneous
141714,Coffee & Tea
141721,Miscellaneous
141724,Miscellaneous
141733,Miscellaneous
141754,Miscellaneous
141799,Medical Offices
141800,Construction & Contractors
141812,Restaurants
141841,Home & Garden
141843,Miscellaneous
141854,Miscellaneous
141880,Medical Offices
141883,Health & Beauty
141889,Bars & Nightlife
141897,Miscellaneous
141918,Restaurants
141928,Towing & Roadside
141936,Miscellaneous
141957,Miscellaneous
141960,Restaurants
141993,Real Estate
142008,Restaurants
142009,Coffee & Tea
142022,Miscellaneous
142028,Miscellaneous
142030,Miscellaneous
142034,Restaurants
142037,Specialized Healthcare
142038,Miscellaneous
142069,Financial Services
142070,Health & Beauty
142073,Restaurants
142090,Fitness & Recreation
142112,Miscellaneous
142140,Miscellaneous
142218,Miscellaneous
142222,Miscellaneous
142225,Health & Beauty
142232,Construction & Contractors
142268,Health & Beauty
142287,Miscellaneous
142290,Automotive Retail
142297,Restaurants
142298,Medical Offices
142306,Health & Beauty
142320,Electrical
142333,Travel Services
142364,Medical Offices
142368,Legal Services
142374,Miscellaneous
142444,Coffee & Tea
142446,Miscellaneous
142448,Restaurants
142461,Events & Venues
142462,Miscellaneous
142481,Schools
142525,Bakery & Desserts
142532,Health & Beauty
142541,Miscellaneous
142542,Miscellaneous
142557,Miscellaneous
142560,Repair & Maintenance
142561,Miscellaneous
142567,Automotive Retail
142591,Bakery & Desserts
142605,Restaurants
142630,Miscellaneous
142658,Miscellaneous
142662,General Merchandise
142663,Pharmacy
142677,Repair & Maintenance
142692,Miscellaneous
142693,IT Services
142694,Automotive Retail
142700,Restaurants
142749,Bakery & Desserts
142754,Miscellaneous
142772,Coffee & Tea
142809,Miscellaneous
142827,Real Estate
142828,Miscellaneous
142829,Miscellaneous
142852,Coffee & Tea
142853,Financial Services
142878,Miscellaneous
142882,Restaurants
142884,Financial Services
142897,Miscellaneous
142898,Miscellaneous
142899,Miscellaneous
142908,Miscellaneous
142933,Miscellaneous
142945,Fast Food
142960,Business Services
142972,Restaurants
143019,Miscellaneous
143047,Restaurants
143072,Health & Beauty
143074,Clothing & Apparel
143090,Miscellaneous
143096,Miscellaneous
143108,Bakery & Desserts
143114,Plumbing & HVAC
143115,Miscellaneous
143124,Miscellaneous
143152,Coffee & Tea
143153,Restaurants
143155,Miscellaneous
143156,Restaurants
143158,Bars & Nightlife
143164,Miscellaneous
143168,Miscellaneous
143202,Schools
143204,Miscellaneous
143215,Consulting
143218,Miscellaneous
143225,Miscellaneous
143226,Miscellaneous
143229,Miscellaneous
143234,Bars & Nightlife
143267,Restaurants
143279,Miscellaneous
143283,Restaurants
143297,Restaurants
143300,Health & Beauty
143313,Restaurants
143331,Health & Beauty
143337,Miscellaneous
143349,Miscellaneous
143371,Miscellaneous
143398,Specialty Retail
143411,Miscellaneous
143424,Fitness & Recreation
143433,Miscellaneous
143434,Bars & Nightlife
143438,Construction & Contractors
143440,Specialty Food
143441,Construction & Contractors
143461,Miscellaneous
143472,Fast Food
143475,Miscellaneous
143491,Coffee & Tea
143498,Repair & Maintenance
143501,Real Estate
143517,Miscellaneous
143532,Fitness & Recreation
143535,Travel Services
143550,Real Estate
143570,Miscellaneous
143585,Miscellaneous
143599,Consulting
143613,Specialty Food
143623,Restaurants
143632,Miscellaneous
143638,Restaurants
143691,Construction & Contractors
143717,Automotive Retail
143722,Financial Services
143736,Medical Offices
143752,Miscellaneous
143761,Specialized Healthcare
143769,Financial Services
143789,Repair & Maintenance
143796,Bars & Nightlife
143815,Miscellaneous
143839,Miscellaneous
143845,Legal Services
143848,Miscellaneous
143856,Bakery & Desserts
143877,Miscellaneous
143902,Miscellaneous
143906,Financial Services
143929,Schools
143961,Miscellaneous
143971,Miscellaneous
143972,Health & Beauty
143974,Miscellaneous
143985,Miscellaneous
143987,Travel Services
143996,Clothing & Apparel
143997,Bars & Nightlife
143998,Health & Beauty
143999,Repair & Maintenance
144022,Miscellaneous
144023,Miscellaneous
144042,Miscellaneous
144064,Restaurants
144065,Financial Services
144072,Financial Services
144083,Miscellaneous
144100,Miscellaneous
144138,Sports & Recreation
144152,Health & Beauty
144171,Pet Services
144188,Restaurants
144212,Miscellaneous
144217,Miscellaneous
144225,Coffee & Tea
144226,Miscellaneous
144231,Miscellaneous
144243,Telecommunications
144261,Coffee & Tea
144268,Restaurants
144270,Fitness & Recreation
144291,Miscellaneous
144301,Miscellaneous
144317,Restaurants
144325,Legal Services
144329,Miscellaneous
144378,Restaurants
144408,Sports & Recreation
144415,Miscellaneous
144434,Miscellaneous
144466,Repair & Maintenance
144474,Miscellaneous
144479,Miscellaneous
144491,Health & Beauty
144512,Financial Services
144523,Restaurants
144552,Restaurants
144572,Repair & Maintenance
144592,Financial Services
144595,Real Estate
144596,Bars & Nightlife
144597,Repair & Maintenance
144624,Miscellaneous
144625,Medical Offices
144667,Miscellaneous
144669,Health & Beauty
144670,Financial Services
144685,Repair & Maintenance
144714,Repair & Maintenance
144718,Bars & Nightlife
144735,Home & Garden
144764,Miscellaneous
144768,Medical Offices
144769,Miscellaneous
144810,Coffee & Tea
144812,Miscellaneous
144820,Miscellaneous
144829,Miscellaneous
144834,Specialized Healthcare
144852,Restaurants
144854,Medical Offices
144872,Restaurants
144881,Coffee & Tea
144889,Miscellaneous
144912,Restaurants
144955,Repair & Maintenance
144964,Miscellaneous
144984,Restaurants
144997,Miscellaneous
144999,Pet Services
145007,Bakery & Desserts
145023,Miscellaneous
145034,Real Estate
145039,Car Wash & Detailing
145040,Telecommunications
145044,Miscellaneous
145050,Miscellaneous
145054,Miscellaneous
145080,Miscellaneous
145088,Restaurants
145097,Business Services
145105,Bars & Nightlife
145106,Pet Services
145156,Real Estate
145168,Miscellaneous
145172,Home & Garden
145174,Restaurants
145177,Financial Services
145180,Restaurants
145187,Specialty Food
145212,Miscellaneous
145214,Repair & Maintenance
145219,Miscellaneous
145233,Miscellaneous
145238,Miscellaneous
145243,Miscellaneous
145245,Health & Beauty
145247,Medical Offices
145252,Restaurants
145259,Miscellaneous
145260,Hotels & Motels
145268,Events & Venues
145271,Medical Offices
145275,Miscellaneous
145346,Restaurants
145365,Miscellaneous
145399,Miscellaneous
145421,Coffee & Tea
145431,Miscellaneous
145432,Miscellaneous
145446,Restaurants
145452,Events & Venues
145457,Telecommunications
145464,Automotive Retail
145466,Miscellaneous
145519,Miscellaneous
145520,Medical Offices
145521,Miscellaneous
145530,Specialty Retail
145550,Miscellaneous
145555,Bakery & Desserts
145561,Bars & Nightlife
145567,Miscellaneous
145604,Specialized Healthcare
145633,Miscellaneous
145644,Miscellaneous
145676,Restaurants
145677,Miscellaneous
145687,Miscellaneous
145705,Business Services
145710,Health & Beauty
145717,Miscellaneous
145720,Automotive Retail
145782,Miscellaneous
145792,Health & Beauty
145798,Miscellaneous
145815,Financial Services
145820,Mental Health
145834,Health & Beauty
145835,Miscellaneous
145864,Restaurants
145879,Miscellaneous
145884,Clothing & Apparel
145912,Miscellaneous
145932,Miscellaneous
145936,Restaurants
145940,Miscellaneous
145956,Specialty Food
145975,Miscellaneous
146001,Specialty Food
146027,Miscellaneous
146030,Miscellaneous
146035,Miscellaneous
146054,Bakery & Desserts
146064,Restaurants
146074,Home & Garden
146087,Miscellaneous
146089,Health & Beauty
146095,Restaurants
146107,Repair & Maintenance
146124,Medical Offices
146127,Coffee & Tea
146128,Pet Services
146130,Business Services
146131,Miscellaneous
146137,Car Wash & Detailing
146138,Restaurants
146159,Miscellaneous
146160,Miscellaneous
146162,Miscellaneous
146183,Restaurants
146185,Restaurants
146189,Bars & Nightlife
146196,Restaurants
146203,Miscellaneous
146212,Miscellaneous
146238,Health & Beauty
146250,Construction & Contractors
146252,Miscellaneous
146277,Miscellaneous
146293,Restaurants
146296,Bars & Nightlife
146302,Miscellaneous
146303,Miscellaneous
146308,Miscellaneous
146327,Miscellaneous
146352,Miscellaneous
146353,Restaurants
146356,Miscellaneous
146357,Miscellaneous
146361,Miscellaneous
146376,Pharmacy
146392,Specialty Retail
146413,Miscellaneous
146436,Miscellaneous
146483,Health & Beauty
146506,Bars & Nightlife
146520,General Merchandise
146531,Restaurants
146537,Miscellaneous
146539,Miscellaneous
146548,Health & Beauty
146549,Pet Services
146572,Miscellaneous
146588,Miscellaneous
146589,Miscellaneous
146591,Miscellaneous
146593,Miscellaneous
146637,Miscellaneous
146672,Financial Services
146673,Miscellaneous
146703,Miscellaneous
146705,Hotels & Motels
146743,Miscellaneous
146745,Miscellaneous
146746,Miscellaneous
146773,Health & Beauty
146792,Bakery & Desserts
146801,Miscellaneous
146815,Miscellaneous
146867,Restaurants
146870,Miscellaneous
146873,Miscellaneous
146903,Restaurants
146911,Restaurants
146944,Miscellaneous
146956,Coffee & Tea
146958,Miscellaneous
146967,Coffee & Tea
146985,Automotive Retail
147003,Fast Food
147019,Miscellaneous
147020,Financial Services
147044,Clothing & Apparel
147065,Coffee & Tea
147071,Restaurants
147094,Restaurants
147099,Restaurants
147112,Health & Beauty
147120,Bars & Nightlife
147137,Health & Beauty
147138,Miscellaneous
147140,Repair & Maintenance
147158,Arts & Entertainment
147174,Health & Beauty
147181,Restaurants
147253,Bars & Nightlife
147276,Miscellaneous
147287,Repair & Maintenance
147297,Miscellaneous
147316,Coffee & Tea
147317,Health & Beauty
147331,Automotive Retail
147333,Miscellaneous
147336,Medical Offices
147348,Miscellaneous
147366,Miscellaneous
147367,Restaurants
147373,Health & Beauty
147375,Real Estate
147396,Arts & Entertainment
147398,Medical Offices
147451,Miscellaneous
147488,Restaurants
147510,Miscellaneous
147513,Restaurants
147514,Restaurants
147530,Restaurants
147563,Specialty Food
147566,Sports & Recreation
147567,Miscellaneous
147588,Coffee & Tea
147608,Health & Beauty
147619,Health & Beauty
147659,Miscellaneous
147675,Miscellaneous
147676,Health & Beauty
147681,Restaurants
147700,Coffee & Tea
147739,Coffee & Tea
147748,Pet Services
147750,Real Estate
147766,Miscellaneous
147789,Miscellaneous
147793,Miscellaneous
147798,Restaurants
147806,Miscellaneous
147813,Restaurants
147819,Miscellaneous
147842,Financial Services
147850,Restaurants
147860,Schools
147870,Miscellaneous
147913,Restaurants
147923,Miscellaneous
147931,Miscellaneous
147932,Miscellaneous
147944,Restaurants
147962,Bars & Nightlife
147963,Repair & Maintenance
147964,Miscellaneous
148009,Miscellaneous
148016,Miscellaneous
148017,Miscellaneous
148025,Restaurants
148027,Miscellaneous
148030,Miscellaneous
148038,Restaurants
148072,Fitness & Recreation
148085,Miscellaneous
148096,General Merchandise
148100,Restaurants
148129,Miscellaneous
148131,Miscellaneous
148151,Restaurants
148186,Hotels & Motels
148191,Miscellaneous
148192,Pet Services
148218,Miscellaneous
148236,Restaurants
148239,Automotive Retail
148246,Restaurants
148248,Miscellaneous
148259,Bakery & Desserts
148260,Miscellaneous
148261,Miscellaneous
148263,Medical Offices
148268,Business Services
148297,Miscellaneous
148299,Miscellaneous
148301,Events & Venues
148323,Bars & Nightlife
148332,Miscellaneous
148350,Telecommunications
148359,Specialty Food
148363,Car Wash & Detailing
148380,Bars & Nightlife
148419,Miscellaneous
148428,Restaurants
148446,Specialty Retail
148449,Restaurants
148476,Miscellaneous
148483,Medical Offices
148485,Coffee & Tea
148506,Health & Beauty
148547,Car Wash & Detailing
148549,Miscellaneous
148602,Clothing & Apparel
148620,Health & Beauty
148645,Automotive Retail
148668,Miscellaneous
148685,Restaurants
148694,Medical Offices
148727,Health & Beauty
148729,Coffee & Tea
148754,Coffee & Tea
148779,Electrical
148790,Medical Offices
148792,Restaurants
148795,Miscellaneous
148810,Miscellaneous
148826,Miscellaneous
148827,Restaurants
148840,Restaurants
148851,Miscellaneous
148852,Miscellaneous
148853,Fitness & Recreation
148871,Coffee & Tea
148877,Miscellaneous
148891,Restaurants
148895,Bars & Nightlife
148898,Miscellaneous
148901,Legal Services
148908,Health & Beauty
148916,Automotive Retail
148917,Health & Beauty
148921,Restaurants
148924,Coffee & Tea
148957,Miscellaneous
148958,Hotels & Motels
148959,Health & Beauty
148960,Miscellaneous
148969,Arts & Entertainment
148985,Clothing & Apparel
148986,Miscellaneous
149010,Miscellaneous
149017,Bars & Nightlife
149027,Miscellaneous
149044,Miscellaneous
149053,Specialty Food
149054,Specialty Food
149055,Miscellaneous
149056,Miscellaneous
149079,Bakery & Desserts
149145,Miscellaneous
149156,Miscellaneous
149162,Schools
149193,Miscellaneous
149197,Restaurants
149228,Restaurants
149234,Miscellaneous
149238,Miscellaneous
149243,Coffee & Tea
149249,Dry Cleaning & Laundry
149265,Miscellaneous
149280,Restaurants
149292,Miscellaneous
149294,Specialty Food
149295,Miscellaneous
149296,Restaurants
149336,Miscellaneous
149338,Bakery & Desserts
149343,Miscellaneous
149346,Miscellaneous
149351,Miscellaneous
149360,Coffee & Tea
149367,Restaurants
149387,Bars & Nightlife
149396,Miscellaneous
149398,Health & Beauty
149434,Restaurants
149439,Hotels & Motels
149478,Miscellaneous
149479,Clothing & Apparel
149490,Miscellaneous
149501,Miscellaneous
149563,Car Wash & Detailing
149567,Miscellaneous
149615,Clothing & Apparel
149623,Medical Offices
149629,Miscellaneous
149683,Medical Offices
149701,Miscellaneous
149719,Restaurants
149746,Miscellaneous
149756,Miscellaneous
149757,Specialty Retail
149771,Fitness & Recreation
149774,Clothing & Apparel
149784,Bars & Nightlife
149795,Miscellaneous
149805,Restaurants
149806,Restaurants
149825,Miscellaneous
149855,Health & Beauty
149875,Miscellaneous
149932,Restaurants
149938,Restaurants
149970,Financial Services
150032,Restaurants
150053,Restaurants
150066,Miscellaneous
150068,Miscellaneous
150069,Restaurants
150070,Miscellaneous
150072,Health & Beauty
150102,Telecommunications
150136,Miscellaneous
150159,Hotels & Motels
150189,Restaurants
150192,Miscellaneous
150203,Sports & Recreation
150207,Miscellaneous
150208,Automotive Retail
150235,Coffee & Tea
150243,Hotels & Motels
150256,Miscellaneous
150257,Bars & Nightlife
150303,Sports & Recreation
150327,Restaurants
150340,Restaurants
150347,Hotels & Motels
150349,Miscellaneous
150375,Arts & Entertainment
150386,Arts & Entertainment
150399,Miscellaneous
150408,Restaurants
150435,Miscellaneous
150438,Telecommunications
150444,Miscellaneous
150463,Coffee & Tea
150466,Restaurants
150501,Towing & Roadside
150511,Health & Beauty
150519,Pet Services
150520,Pet Services
150530,Miscellaneous
150544,Miscellaneous
150545,Health & Beauty
150567,Restaurants
150588,Miscellaneous
150604,Car Wash & Detailing
150605,General Merchandise
150607,Miscellaneous
150609,Miscellaneous
150618,General Merchandise
150619,Restaurants
150628,Miscellaneous
150640,Miscellaneous
150643,Miscellaneous
150645,Restaurants
150655,Miscellaneous
150657,Arts & Entertainment
150663,Miscellaneous
150681,Miscellaneous
150705,Miscellaneous
150751,Bars & Nightlife
150780,Miscellaneous
150793,Miscellaneous
150812,Bars & Nightlife
150836,Restaurants
150856,IT Services
150860,Repair & Maintenance
150874,Coffee & Tea
150881,Legal Services
150882,Miscellaneous
150901,Miscellaneous
150904,Bars & Nightlife
150910,Miscellaneous
150937,IT Services
150939,Restaurants
150964,Coffee & Tea
150967,Legal Services
150968,Miscellaneous
150991,Miscellaneous
151004,Miscellaneous
151047,Miscellaneous
151049,Miscellaneous
151052,Travel Services
151058,Arts & Entertainment
151070,Bars & Nightlife
151094,Miscellaneous
151102,Medical Offices
151111,Miscellaneous
151130,Health & Beauty
151132,Miscellaneous
151155,Miscellaneous
151157,Miscellaneous
151171,Health & Beauty
151187,Miscellaneous
151200,Schools
151201,Schools
151215,Miscellaneous
151247,Health & Beauty
151249,Bars & Nightlife
151257,Health & Beauty
151267,Clothing & Apparel
151293,Bakery & Desserts
151295,Miscellaneous
151360,Miscellaneous
151361,Construction & Contractors
151385,Telecommunications
151401,Miscellaneous
151418,Miscellaneous
151419,Plumbing & HVAC
151431,Miscellaneous
151450,Miscellaneous
151476,Miscellaneous
151492,Miscellaneous
151503,Business Services
151509,Dry Cleaning & Laundry
151528,Health & Beauty
151535,Miscellaneous
151537,Medical Offices
151566,Miscellaneous
151572,Miscellaneous
151588,Specialty Food
151632,Arts & Entertainment
151652,Miscellaneous
151657,Medical Offices
151665,Home & Garden
151666,Miscellaneous
151670,Fast Food
151688,Medical Offices
151690,Electrical
151699,Health & Beauty
151701,Plumbing & HVAC
151705,Medical Offices
151733,Plumbing & HVAC
151793,Medical Offices
151804,Automotive Retail
151821,Real Estate
151840,Miscellaneous
151845,Health & Beauty
151877,Miscellaneous
151912,Miscellaneous
151914,Miscellaneous
151933,Events & Venues
151939,Legal Services
151943,Miscellaneous
151945,Coffee & Tea
151957,Clothing & Apparel
151972,Miscellaneous
151974,Miscellaneous
151980,Miscellaneous
151982,Miscellaneous
151991,Fast Food
151992,Miscellaneous
151997,Miscellaneous
152008,Specialty Retail
152023,Miscellaneous
152029,Construction & Contractors
152041,Miscellaneous
152043,Medical Offices
152065,Miscellaneous
152080,Restaurants
152096,Miscellaneous
152118,Miscellaneous
152119,Miscellaneous
152132,Specialty Food
152133,Health & Beauty
152140,Fitness & Recreation
152159,Miscellaneous
152179,Coffee & Tea
152199,Miscellaneous
152201,Miscellaneous
152222,Miscellaneous
152227,Repair & Maintenance
152228,Health & Beauty
152232,Fast Food
152244,Miscellaneous
152250,Miscellaneous
152251,Home & Garden
152259,Repair & Maintenance
152262,Construction & Contractors
152267,Fitness & Recreation
152281,Bars & Nightlife
152307,Miscellaneous
152345,Miscellaneous
152358,Miscellaneous
152378,Health & Beauty
152405,Health & Beauty
152415,Miscellaneous
152433,Coffee & Tea
152451,Miscellaneous
152461,Consulting
152472,Miscellaneous
152474,Medical Offices
152485,Miscellaneous
152496,Health & Beauty
152544,Miscellaneous
152562,Miscellaneous
152571,Bakery & Desserts
152591,Financial Services
152607,Miscellaneous
152608,Miscellaneous
152663,Financial Services
152681,Medical Offices
152707,Miscellaneous
152709,Clothing & Apparel
152729,Miscellaneous
152731,Fitness & Recreation
152746,Miscellaneous
152768,Miscellaneous
152786,Construction & Contractors
152787,Miscellaneous
152814,Repair & Maintenance
152818,Miscellaneous
152833,Miscellaneous
152837,Dry Cleaning & Laundry
152853,Financial Services
152857,Restaurants
152884,Miscellaneous
152885,Telecommunications
152889,Medical Offices
152894,Medical Offices
152932,Construction & Contractors
152936,Miscellaneous
152985,Medical Offices
152993,Miscellaneous
152995,Miscellaneous
153026,General Merchandise
153058,Restaurants
153067,Miscellaneous
153077,Pharmacy
153094,Miscellaneous
153120,Fast Food
153132,Miscellaneous
153154,Miscellaneous
153161,Automotive Retail
153213,Restaurants
153229,Construction & Contractors
153232,Miscellaneous
153236,Health & Beauty
153237,Miscellaneous
153254,Construction & Contractors
153257,Miscellaneous
153266,Miscellaneous
153267,Repair & Maintenance
153270,Miscellaneous
153283,Arts & Entertainment
153286,Specialty Food
153303,Miscellaneous
153306,Miscellaneous
153316,Miscellaneous
153318,Telecommunications
153320,Miscellaneous
153375,Fast Food
153382,Legal Services
153409,Automotive Retail
153415,Miscellaneous
153422,Restaurants
153431,Health & Beauty
153456,Miscellaneous
153459,Restaurants
153464,Repair & Maintenance
153474,Miscellaneous
153479,Financial Services
153500,Miscellaneous
153505,Bars & Nightlife
153509,Health & Beauty
153520,Miscellaneous
153534,Miscellaneous
153552,Real Estate
153575,Real Estate
153576,Dry Cleaning & Laundry
153592,Miscellaneous
153601,Miscellaneous
153603,Travel Services
153630,Specialty Retail
153631,Dry Cleaning & Laundry
153638,Restaurants
153647,Fitness & Recreation
153660,Automotive Retail
153675,Real Estate
153692,Miscellaneous
153711,Miscellaneous
153715,Restaurants
153724,Financial Services
153732,Medical Offices
153755,Medical Offices
153769,Restaurants
153772,Health & Beauty
153786,Miscellaneous
153794,Bars & Nightlife
153883,Plumbing & HVAC
153886,Health & Beauty
153895,Miscellaneous
153896,Miscellaneous
153913,Travel Services
153930,Medical Offices
153941,Health & Beauty
153947,Restaurants
153954,Miscellaneous
153958,Specialized Healthcare
153964,Medical Offices
153968,Medical Offices
153978,Miscellaneous
153986,Miscellaneous
154001,Telecommunications
154002,Health & Beauty
154003,Restaurants
154007,Specialty Food
154039,Miscellaneous
154044,Hotels & Motels
154051,Miscellaneous
154059,Medical Offices
154067,Telecommunications
154071,Plumbing & HVAC
154112,Clothing & Apparel
154114,General Merchandise
154126,Miscellaneous
154129,Restaurants
154137,Sports & Recreation
154141,Medical Offices
154145,Miscellaneous
154156,Miscellaneous
154158,Miscellaneous
154172,Restaurants
154175,Miscellaneous
154221,Business Services
154277,Miscellaneous
154318,Miscellaneous
154321,Miscellaneous
154341,Miscellaneous
154343,Repair & Maintenance
154362,Bars & Nightlife
154374,Miscellaneous
154381,Legal Services
154386,Hotels & Motels
154400,Miscellaneous
154415,Real Estate
154421,Bars & Nightlife
154430,Restaurants
154434,Hotels & Motels
154439,Health & Beauty
154440,Miscellaneous
154459,Miscellaneous
154461,IT Services
154531,Miscellaneous
154537,Financial Services
154592,Miscellaneous
154614,Medical Offices
154618,Coffee & Tea
154629,Miscellaneous
154659,Miscellaneous
154710,Miscellaneous
154726,Medical Offices
154733,Health & Beauty
154749,Restaurants
154755,Miscellaneous
154758,Schools
154763,Miscellaneous
154764,Miscellaneous
154768,Health & Beauty
154772,Bars & Nightlife
154783,Landscaping
154790,Financial Services
154807,Legal Services
154813,Miscellaneous
154829,Sports & Recreation
154861,Travel Services
154865,Miscellaneous
154882,Bars & Nightlife
154885,Events & Venues
154907,Construction & Contractors
154923,Bars & Nightlife
154926,Repair & Maintenance
154933,Pet Services
154949,Restaurants
154962,Miscellaneous
154970,Financial Services
154984,Miscellaneous
155047,Home & Garden
155055,Construction & Contractors
155069,Health & Beauty
155070,Miscellaneous
155071,Miscellaneous
155078,Pharmacy
155080,Specialty Food
155083,Fast Food
155094,Miscellaneous
155116,Clothing & Apparel
155126,Real Estate
155128,Miscellaneous
155135,Coffee & Tea
155162,Legal Services
155163,Miscellaneous
155189,Miscellaneous
155209,Bakery & Desserts
155244,Fitness & Recreation
155292,Construction & Contractors
155309,Miscellaneous
155310,Miscellaneous
155311,Financial Services
155322,Miscellaneous
155327,Miscellaneous
155347,Dry Cleaning & Laundry
155355,Miscellaneous
155389,Travel Services
155396,Restaurants
155411,Miscellaneous
155413,Health & Beauty
155423,Financial Services
155450,Automotive Retail
155462,Financial Services
155466,General Merchandise
155501,Miscellaneous
155508,Miscellaneous
155519,Miscellaneous
155565,Medical Offices
155608,Miscellaneous
155641,Financial Services
155675,Real Estate
155687,Specialty Food
155694,Specialty Food
155725,Miscellaneous
155747,Miscellaneous
155752,Miscellaneous
155765,Restaurants
155776,Miscellaneous
155777,Medical Offices
155795,Miscellaneous
155810,Miscellaneous
155853,Bars & Nightlife
155879,Restaurants
155881,Miscellaneous
155902,Miscellaneous
155904,Repair & Maintenance
155934,Miscellaneous
155964,Automotive Retail
155971,Construction & Contractors
155986,Miscellaneous
156004,Miscellaneous
156020,Fitness & Recreation
156028,Miscellaneous
156039,Miscellaneous
156064,Miscellaneous
156092,Health & Beauty
156130,Restaurants
156143,Miscellaneous
156152,Miscellaneous
156156,Miscellaneous
156157,Miscellaneous
156179,Miscellaneous
156180,Miscellaneous
156182,Car Wash & Detailing
156183,Miscellaneous
156203,Health & Beauty
156213,Health & Beauty
156227,Automotive Retail
156236,Restaurants
156250,Health & Beauty
156256,Miscellaneous
156264,Miscellaneous
156294,Restaurants
156297,Miscellaneous
156299,Miscellaneous
156305,Restaurants
156310,Restaurants
156319,Miscellaneous
156344,Coffee & Tea
156357,Miscellaneous
156375,Specialized Healthcare
156376,Restaurants
156378,Miscellaneous
156380,Repair & Maintenance
156395,Miscellaneous
156402,Restaurants
156440,Miscellaneous
156449,Medical Offices
156458,Miscellaneous
156479,Restaurants
156491,Health & Beauty
156504,Medical Offices
156505,Miscellaneous
156512,Financial Services
156530,Financial Services
156541,Miscellaneous
156557,Fitness & Recreation
156570,Restaurants
156578,Bakery & Desserts
156583,Consulting
156594,Miscellaneous
156597,Miscellaneous
156613,Miscellaneous
156637,Automotive Retail
156682,Restaurants
156703,Miscellaneous
156707,Pet Services
156717,Restaurants
156759,Miscellaneous
156781,Miscellaneous
156798,Miscellaneous
156805,Car Wash & Detailing
156816,Restaurants
156833,Pet Services
156837,Miscellaneous
156846,Medical Offices
156856,Miscellaneous
156874,Miscellaneous
156887,Miscellaneous
156906,Miscellaneous
156917,Health & Beauty
156929,Miscellaneous
156952,Restaurants
156977,Restaurants
156979,Miscellaneous
156985,Arts & Entertainment
156994,Legal Services
156999,Miscellaneous
157002,Clothing & Apparel
157042,Miscellaneous
157044,Miscellaneous
157047,Miscellaneous
157050,Bars & Nightlife
157061,Fast Food
157063,Miscellaneous
157072,Sports & Recreation
157077,Miscellaneous
157096,Miscellaneous
157120,Miscellaneous
157130,Bakery & Desserts
157156,Miscellaneous
157169,Miscellaneous
157181,Miscellaneous
157183,Miscellaneous
157184,Miscellaneous
157190,Specialty Retail
157214,Coffee & Tea
157217,Hotels & Motels
157238,Restaurants
157243,Health & Beauty
157246,Clothing & Apparel
157262,Miscellaneous
157288,Health & Beauty
157314,Miscellaneous
157349,Health & Beauty
157356,Consulting
157368,Real Estate
157378,Miscellaneous
157390,Health & Beauty
157405,Health & Beauty
157409,Real Estate
157418,Miscellaneous
157436,Mental Health
157441,Miscellaneous
157443,Medical Offices
157444,Miscellaneous
157445,Miscellaneous
157447,Miscellaneous
157467,Miscellaneous
157496,Construction & Contractors
157508,Miscellaneous
157509,Electrical
157526,Miscellaneous
157540,Health & Beauty
157546,Restaurants
157554,Miscellaneous
157579,Restaurants
157582,Miscellaneous
157585,Miscellaneous
157590,Miscellaneous
157591,Miscellaneous
157607,Miscellaneous
157608,Miscellaneous
157610,Dry Cleaning & Laundry
157632,Miscellaneous
157635,Miscellaneous
157639,Miscellaneous
157655,Miscellaneous
157663,Health & Beauty
157674,Restaurants
157679,Miscellaneous
157690,Arts & Entertainment
157711,Specialty Food
157733,Miscellaneous
157738,Restaurants
157765,Miscellaneous
157770,Specialty Retail
157779,Miscellaneous
157802,Miscellaneous
157803,Miscellaneous
157817,Miscellaneous
157852,Bars & Nightlife
157862,Miscellaneous
157863,Miscellaneous
157869,General Merchandise
157880,Miscellaneous
157894,Miscellaneous
157897,Restaurants
157916,Miscellaneous
157950,Construction & Contractors
157951,Restaurants
157955,Medical Offices
157960,General Merchandise
157964,Bakery & Desserts
157972,Miscellaneous
157981,Miscellaneous
157989,Automotive Retail
158000,Restaurants
158006,Miscellaneous
158051,Repair & Maintenance
158103,Specialty Food
158117,Plumbing & HVAC
158122,Miscellaneous
158128,Miscellaneous
158136,Miscellaneous
158140,Restaurants
158202,Sports & Recreation
158230,Towing & Roadside
158235,Miscellaneous
158252,Restaurants
158257,Coffee & Tea
158258,Miscellaneous
158293,Clothing & Apparel
158316,Miscellaneous
158325,Arts & Entertainment
158356,Health & Beauty
158364,Miscellaneous
158381,Fast Food
158382,IT Services
158395,Miscellaneous
158415,Specialty Food
158423,Health & Beauty
158450,Miscellaneous
158454,Miscellaneous
158463,Miscellaneous
158469,Miscellaneous
158515,Financial Services
158541,Health & Beauty
158544,Miscellaneous
158548,Telecommunications
158551,Miscellaneous
158553,Medical Offices
158568,Restaurants
158570,Pet Services
158576,Landscaping
158578,Consulting
158599,Hotels & Motels
158602,Miscellaneous
158610,Construction & Contractors
158618,Coffee & Tea
158620,Miscellaneous
158627,Medical Offices
158629,Miscellaneous
158630,Health & Beauty
158638,Bars & Nightlife
158640,Miscellaneous
158654,Miscellaneous
158665,Automotive Retail
158668,Automotive Retail
158707,Miscellaneous
158739,Miscellaneous
158786,Miscellaneous
158791,Miscellaneous
158795,Miscellaneous
158812,Miscellaneous
158821,Legal Services
158826,Miscellaneous
158845,Miscellaneous
158848,Miscellaneous
158859,Miscellaneous
158898,Home & Garden
158913,Car Wash & Detailing
158916,Miscellaneous
158928,Specialty Food
158932,Miscellaneous
158944,Fast Food
158952,Miscellaneous
158969,Repair & Maintenance
158971,Miscellaneous
158974,Miscellaneous
158987,Health & Beauty
158988,Fitness & Recreation
158996,Miscellaneous
159018,Restaurants
159023,Medical Offices
159058,Restaurants
159059,Events & Venues
159075,Travel Services
159079,Miscellaneous
159126,Fitness & Recreation
159127,Miscellaneous
159167,Health & Beauty
159170,Medical Offices
159194,Miscellaneous
159205,Miscellaneous
159221,Miscellaneous
159232,Miscellaneous
159238,Medical Offices
159247,Repair & Maintenance
159277,Repair & Maintenance
159349,Specialty Food
159373,Miscellaneous
159390,Arts & Entertainment
159412,Coffee & Tea
159429,Medical Offices
159431,Miscellaneous
159435,Miscellaneous
159453,Miscellaneous
159460,Health & Beauty
159462,Restaurants
159463,Clothing & Apparel
159464,Telecommunications
159465,Miscellaneous
159473,Miscellaneous
159476,Miscellaneous
159490,Restaurants
159500,Miscellaneous
159529,Construction & Contractors
159537,Miscellaneous
159562,Miscellaneous
159576,Miscellaneous
159591,Miscellaneous
159594,Miscellaneous
159595,Financial Services
159628,Miscellaneous
159641,Miscellaneous
159644,IT Services
159664,Health & Beauty
159675,Restaurants
159693,Real Estate
159699,Miscellaneous
159710,Miscellaneous
159719,Telecommunications
159743,IT Services
159763,Health & Beauty
159767,Health & Beauty
159771,Construction & Contractors
159773,Miscellaneous
159779,Telecommunications
159784,Miscellaneous
159793,Fitness & Recreation
159805,Fitness & Recreation
159810,Business Services
159839,Automotive Retail
159861,Miscellaneous
159863,Telecommunications
159869,Miscellaneous
159870,Dry Cleaning & Laundry
159885,Miscellaneous
159890,Miscellaneous
159893,Miscellaneous
159895,Miscellaneous
159948,Miscellaneous
159958,Miscellaneous
159966,Miscellaneous
159985,Restaurants
159987,Telecommunications
159989,Miscellaneous
160021,Miscellaneous
160028,Miscellaneous
160030,Miscellaneous
160081,Miscellaneous
160083,Restaurants
160099,Health & Beauty
160107,Restaurants
160115,Bars & Nightlife
160118,Miscellaneous
160162,Fitness & Recreation
160167,Clothing & Apparel
160199,Repair & Maintenance
160203,Health & Beauty
160204,Bars & Nightlife
160207,Miscellaneous
160231,Fitness & Recreation
160247,Miscellaneous
160251,Medical Offices
160278,Restaurants
160281,Miscellaneous
160331,Health & Beauty
160338,Clothing & Apparel
160340,Arts & Entertainment
160344,Miscellaneous
160361,Bars & Nightlife
160369,Miscellaneous
160370,Miscellaneous
160376,Clothing & Apparel
160377,Miscellaneous
160389,Miscellaneous
160398,Miscellaneous
160402,Restaurants
160411,Miscellaneous
160413,Miscellaneous
160424,Miscellaneous
160429,Miscellaneous
160430,Restaurants
160436,Bars & Nightlife
160454,Miscellaneous
160471,Miscellaneous
160488,Specialty Food
160514,Restaurants
160536,Health & Beauty
160540,Bars & Nightlife
160541,Coffee & Tea
160542,Miscellaneous
160559,Repair & Maintenance
160569,Arts & Entertainment
160575,Health & Beauty
160601,Miscellaneous
160621,Miscellaneous
160669,Miscellaneous
160679,Miscellaneous
160685,Miscellaneous
160749,Restaurants
160752,Restaurants
160761,Miscellaneous
160774,Specialty Food
160810,Miscellaneous
160852,Miscellaneous
160855,Fast Food
160875,Miscellaneous
160896,Restaurants
160899,Restaurants
160925,Miscellaneous
160942,Health & Beauty
160945,Miscellaneous
160949,Restaurants
160981,Restaurants
161016,Financial Services
161044,Health & Beauty
161049,Miscellaneous
161050,Miscellaneous
161055,Fast Food
161068,Bars & Nightlife
161099,Coffee & Tea
161102,Telecommunications
161112,Bakery & Desserts
161124,Miscellaneous
161208,Restaurants
161216,Real Estate
161241,Miscellaneous
161244,Events & Venues
161247,Miscellaneous
161251,Restaurants
161253,Miscellaneous
161258,Plumbing & HVAC
161263,Miscellaneous
161328,Travel Services
161343,Travel Services
161348,Coffee & Tea
161410,Miscellaneous
161412,Miscellaneous
161415,Miscellaneous
161417,Medical Offices
161424,Miscellaneous
161428,Restaurants
161445,Restaurants
161459,Business Services
161494,Pet Services
161499,Coffee & Tea
161509,Miscellaneous
161523,Miscellaneous
161536,Miscellaneous
161546,Medical Offices
161547,Financial Services
161566,Medical Offices
161568,Restaurants
161577,Bars & Nightlife
161583,Travel Services
161604,Repair & Maintenance
161605,Miscellaneous
161608,Miscellaneous
161610,Miscellaneous
161618,Automotive Retail
161633,Restaurants
161635,Miscellaneous
161654,Miscellaneous
161659,Fitness & Recreation
161661,Miscellaneous
161662,Miscellaneous
161673,Restaurants
161674,Miscellaneous
161679,Bars & Nightlife
161680,Miscellaneous
161687,Miscellaneous
161689,Repair & Maintenance
161749,Restaurants
161770,Legal Services
161784,Coffee & Tea
161796,Miscellaneous
161797,Miscellaneous
161805,Restaurants
161810,Miscellaneous
161817,Bars & Nightlife
161825,Medical Offices
161828,Restaurants
161835,Restaurants
161839,Miscellaneous
161846,Miscellaneous
161850,Restaurants
161856,Miscellaneous
161879,Miscellaneous
161906,Telecommunications
161908,Clothing & Apparel
161921,Miscellaneous
161929,Health & Beauty
161940,Health & Beauty
161984,Miscellaneous
161987,Health & Beauty
161989,Miscellaneous
161994,Miscellaneous
161995,Miscellaneous
162025,Telecommunications
162034,Miscellaneous
162035,Fast Food
162051,Arts & Entertainment
162054,Restaurants
162056,Miscellaneous
162060,Miscellaneous
162072,Restaurants
162086,Repair & Maintenance
162119,Miscellaneous
162125,Specialty Retail
162134,Bakery & Desserts
162142,Miscellaneous
162160,Events & Venues
162166,Miscellaneous
162169,Specialized Healthcare
162173,Restaurants
162179,Restaurants
162199,Bars & Nightlife
162205,Specialty Food
162221,Miscellaneous
162239,Miscellaneous
162256,Health & Beauty
162265,Miscellaneous
162304,Health & Beauty
162317,Miscellaneous
162319,Miscellaneous
162322,Miscellaneous
162337,Miscellaneous
162372,Specialty Retail
162383,Restaurants
162398,Medical Offices
162399,Miscellaneous
162405,Restaurants
162407,Miscellaneous
162422,Legal Services
162448,Restaurants
162459,Health & Beauty
162463,Restaurants
162479,Restaurants
162484,Miscellaneous
162496,Business Services
162560,Coffee & Tea
162567,Miscellaneous
162568,Restaurants
162571,Automotive Retail
162578,Restaurants
162613,Miscellaneous
162624,Miscellaneous
162628,Medical Offices
162636,Miscellaneous
162641,Miscellaneous
162650,Miscellaneous
162659,Automotive Retail
162678,Miscellaneous
162680,Restaurants
162681,Restaurants
162682,Miscellaneous
162689,Clothing & Apparel
162697,Miscellaneous
162705,Clothing & Apparel
162713,Fitness & Recreation
162714,Miscellaneous
162728,Miscellaneous
162739,Miscellaneous
162740,Clothing & Apparel
162744,Miscellaneous
162782,Miscellaneous
162801,Restaurants
162834,Miscellaneous
162837,Car Wash & Detailing
162849,Coffee & Tea
162865,Miscellaneous
162874,Restaurants
162878,Miscellaneous
162956,Repair & Maintenance
162957,Miscellaneous
162976,Miscellaneous
162987,Miscellaneous
162991,Miscellaneous
162992,Miscellaneous
162995,Restaurants
163003,Restaurants
163004,Restaurants
163014,Health & Beauty
163028,Repair & Maintenance
163031,Home & Garden
163037,Miscellaneous
163068,Specialized Healthcare
163070,Restaurants
163073,Miscellaneous
163083,Bakery & Desserts
163090,Health & Beauty
163097,Health & Beauty
163121,Home & Garden
163141,Repair & Maintenance
163152,General Merchandise
163167,Miscellaneous
163171,Miscellaneous
163172,Restaurants
163180,Miscellaneous
163182,Miscellaneous
163183,Miscellaneous
163227,Miscellaneous
163259,Miscellaneous
163276,Construction & Contractors
163284,Specialty Retail
163298,Repair & Maintenance
163317,Restaurants
163319,Miscellaneous
163320,Miscellaneous
163327,Repair & Maintenance
163328,Miscellaneous
163329,Miscellaneous
163340,Dry Cleaning & Laundry
163361,Arts & Entertainment
163363,Miscellaneous
163380,Specialty Food
163390,Miscellaneous
163395,Miscellaneous
163402,Miscellaneous
163405,Automotive Retail
163443,Miscellaneous
163477,Miscellaneous
163482,Coffee & Tea
163489,Pet Services
163497,Miscellaneous
163516,Miscellaneous
163540,Miscellaneous
163563,Business Services
163606,Miscellaneous
163616,Restaurants
163622,Coffee & Tea
163645,Miscellaneous
163647,Restaurants
163657,Restaurants
163664,Bakery & Desserts
163668,Repair & Maintenance
163684,Miscellaneous
163685,Miscellaneous
163700,Miscellaneous
163707,Coffee & Tea
163716,Miscellaneous
163722,Hotels & Motels
163732,Clothing & Apparel
163771,Miscellaneous
163778,Towing & Roadside
163791,Childcare
163796,Health & Beauty
163818,Specialty Food
163819,Telecommunications
163821,Miscellaneous
163824,Miscellaneous
163837,Bakery & Desserts
163868,Schools
163869,Miscellaneous
163870,Miscellaneous
163886,Hotels & Motels
163890,Repair & Maintenance
163904,Restaurants
163905,Miscellaneous
163913,Financial Services
163932,Miscellaneous
163951,Restaurants
163978,Clothing & Apparel
164001,Miscellaneous
164013,Repair & Maintenance
164028,Miscellaneous
164032,Restaurants
164034,Miscellaneous
164049,Miscellaneous
164051,Miscellaneous
164065,Miscellaneous
164067,Miscellaneous
164076,Restaurants
164077,Miscellaneous
164078,Fitness & Recreation
164100,Miscellaneous
164116,Sports & Recreation
164118,Fast Food
164122,Miscellaneous
164123,Pet Services
164165,Miscellaneous
164201,Consulting
164214,Restaurants
164229,Fitness & Recreation
164246,Car Wash & Detailing
164250,Telecommunications
164287,Miscellaneous
164291,Miscellaneous
164298,Miscellaneous
164312,Restaurants
164314,Miscellaneous
164321,Financial Services
164355,Miscellaneous
164383,Bars & Nightlife
164385,Restaurants
164436,Restaurants
164437,Miscellaneous
164468,Miscellaneous
164475,Restaurants
164508,Miscellaneous
164519,Restaurants
164522,Bakery & Desserts
164530,Restaurants
164533,Miscellaneous
164534,Medical Offices
164540,Miscellaneous
164545,Legal Services
164556,Miscellaneous
164562,Miscellaneous
164579,Restaurants
164581,Restaurants
164585,Miscellaneous
164598,Health & Beauty
164625,Restaurants
164640,Coffee & Tea
164671,Sports & Recreation
164693,Bars & Nightlife
164710,Miscellaneous
164736,Miscellaneous
164753,Medical Offices
164762,Specialty Food
164770,Miscellaneous
164773,Restaurants
164786,Coffee & Tea
164796,Restaurants
164805,Restaurants
164815,Bakery & Desserts
164816,Coffee & Tea
164867,Bars & Nightlife
164890,Bars & Nightlife
164901,Miscellaneous
164906,Miscellaneous
164913,Miscellaneous
164918,Miscellaneous
164940,Miscellaneous
164942,Coffee & Tea
164947,Miscellaneous
164953,Clothing & Apparel
164970,Miscellaneous
164979,Miscellaneous
164987,Specialty Retail
164995,Repair & Maintenance
165032,Miscellaneous
165048,Business Services
165058,Miscellaneous
165076,Restaurants
165077,Restaurants
165083,Fast Food
165089,Construction & Contractors
165090,Health & Beauty
165091,Miscellaneous
165117,Miscellaneous
165128,Restaurants
165133,Miscellaneous
165177,Specialty Food
165180,Miscellaneous
165201,Car Wash & Detailing
165205,Miscellaneous
165212,Bars & Nightlife
165243,Legal Services
165260,Miscellaneous
165286,Bars & Nightlife
165288,Health & Beauty
165310,Miscellaneous
165353,Coffee & Tea
165375,Clothing & Apparel
165376,Clothing & Apparel
165405,Miscellaneous
165457,Miscellaneous
165502,Restaurants
165518,Health & Beauty
165520,Miscellaneous
165521,Miscellaneous
165522,Telecommunications
165530,Specialty Food
165556,Restaurants
165558,Restaurants
165569,Bars & Nightlife
165611,Business Services
165634,Bars & Nightlife
165663,Miscellaneous
165692,Miscellaneous
165699,Miscellaneous
165711,Restaurants
165715,Hotels & Motels
165717,Home & Garden
165719,Miscellaneous
165729,Hotels & Motels
165732,Home & Garden
165737,Miscellaneous
165745,Schools
165766,Bakery & Desserts
165794,Restaurants
165800,Restaurants
165887,Miscellaneous
165928,Miscellaneous
165965,Miscellaneous
165977,Health & Beauty
165999,Miscellaneous
166008,Bakery & Desserts
166017,Miscellaneous
166025,Health & Beauty
166032,Miscellaneous
166033,Miscellaneous
166040,Bars & Nightlife
166043,Miscellaneous
166052,Car Wash & Detailing
166062,IT Services
166086,Restaurants
166088,Fast Food
166090,Pharmacy
166093,Bars & Nightlife
166095,Restaurants
166100,Miscellaneous
166109,Coffee & Tea
166113,Miscellaneous
166139,Miscellaneous
166161,Health & Beauty
166172,Bars & Nightlife
166183,Restaurants
166211,Restaurants
166223,Miscellaneous
166231,Car Wash & Detailing
166248,Miscellaneous
166249,Miscellaneous
166270,Miscellaneous
166271,Miscellaneous
166273,Miscellaneous
166291,Miscellaneous
166331,Miscellaneous
166332,Miscellaneous
166335,Coffee & Tea
166336,Restaurants
166347,Health & Beauty
166371,Business Services
166402,Business Services
166429,Restaurants
166458,Miscellaneous
166477,Sports & Recreation
166512,Miscellaneous
166513,General Merchandise
166518,Clothing & Apparel
166528,Hotels & Motels
166533,Restaurants
166549,Clothing & Apparel
166554,Miscellaneous
166563,Miscellaneous
166583,Miscellaneous
166584,Travel Services
166586,Miscellaneous
166595,Miscellaneous
166621,Clothing & Apparel
166626,Miscellaneous
166635,Miscellaneous
166636,Miscellaneous
166650,Miscellaneous
166651,Miscellaneous
166653,Miscellaneous
166654,Medical Offices
166670,Restaurants
166694,Automotive Retail
166697,Fast Food
166700,Miscellaneous
166701,Miscellaneous
166703,Miscellaneous
166708,Fitness & Recreation
166724,Miscellaneous
166739,Health & Beauty
166742,Specialty Food
166789,Miscellaneous
166799,General Merchandise
166808,Miscellaneous
166809,Miscellaneous
166823,Restaurants
166826,Coffee & Tea
166831,Specialty Retail
166846,Financial Services
166854,Miscellaneous
166864,Miscellaneous
166872,Fast Food
166883,Restaurants
166884,Bars & Nightlife
166890,Miscellaneous
166902,Restaurants
166907,Miscellaneous
166912,Miscellaneous
166932,Restaurants
166933,Miscellaneous
166942,Hotels & Motels
166950,Miscellaneous
166951,Restaurants
166965,Pharmacy
166978,Specialty Food
166981,Health & Beauty
166996,Medical Offices
167010,Miscellaneous
167062,Miscellaneous
167094,General Merchandise
167113,Restaurants
167118,Restaurants
167141,Miscellaneous
167147,Specialty Food
167150,Miscellaneous
167153,Miscellaneous
167155,Bars & Nightlife
167156,Bars & Nightlife
167162,Coffee & Tea
167208,Telecommunications
167209,Miscellaneous
167214,Sports & Recreation
167217,Medical Offices
167219,Bars & Nightlife
167220,Miscellaneous
167225,General Merchandise
167240,Financial Services
167243,Coffee & Tea
167244,Miscellaneous
167245,Miscellaneous
167251,Miscellaneous
167258,Specialty Food
167260,Bakery & Desserts
167261,Medical Offices
167264,Home & Garden
167266,Miscellaneous
167269,Miscellaneous
167273,Coffee & Tea
167274,Bakery & Desserts
167278,Miscellaneous
167309,Miscellaneous
167324,Bars & Nightlife
167327,Restaurants
167334,Miscellaneous
167352,Miscellaneous
167362,Restaurants
167368,Specialty Food
167370,Business Services
167377,Miscellaneous
167386,General Merchandise
167388,Automotive Retail
167390,Automotive Retail
167391,Miscellaneous
167392,Miscellaneous
167403,Miscellaneous
167406,Miscellaneous
167429,Coffee & Tea
167438,Miscellaneous
167463,Specialty Food
167465,Arts & Entertainment
167468,Restaurants
167469,Events & Venues
167472,Miscellaneous
167477,Miscellaneous
167516,Miscellaneous
167517,Hotels & Motels
167539,Miscellaneous
167540,Restaurants
167556,Miscellaneous
167586,Miscellaneous
167602,Miscellaneous
167610,Miscellaneous
167613,Coffee & Tea
167614,Miscellaneous
167618,Miscellaneous
167653,Miscellaneous
167655,Miscellaneous
167659,Miscellaneous
167693,Bars & Nightlife
167699,Restaurants
167761,Miscellaneous
167799,Miscellaneous
167804,Real Estate
167816,Fitness & Recreation
167837,Miscellaneous
167841,Restaurants
167872,Miscellaneous
167885,Miscellaneous
167902,Miscellaneous
167903,Miscellaneous
167969,IT Services
167971,Miscellaneous
168035,Restaurants
168045,Miscellaneous
168053,Sports & Recreation
168066,Automotive Retail
168071,Schools
168080,Travel Services
168098,Bars & Nightlife
168100,Miscellaneous
168110,Restaurants
168126,Schools
168138,Miscellaneous
168177,Clothing & Apparel
168181,Miscellaneous
168189,Miscellaneous
168212,Miscellaneous
168237,Miscellaneous
168238,Miscellaneous
168243,Miscellaneous
168283,Miscellaneous
168290,Construction & Contractors
168297,Real Estate
168315,Pharmacy
168322,Miscellaneous
168327,Miscellaneous
168358,Miscellaneous
168387,Miscellaneous
168392,Miscellaneous
168417,Miscellaneous
168424,Miscellaneous
168432,Sports & Recreation
168433,Miscellaneous
168455,Miscellaneous
168465,Miscellaneous
168470,Real Estate
168518,Miscellaneous
168533,Miscellaneous
168535,Health & Beauty
168551,Miscellaneous
168557,Miscellaneous
168559,Health & Beauty
168560,Repair & Maintenance
168602,Miscellaneous
168626,Automotive Retail
168629,Financial Services
168659,Restaurants
168664,Construction & Contractors
168667,Miscellaneous
168673,Health & Beauty
168705,Miscellaneous
168726,Miscellaneous
168737,IT Services
168754,Miscellaneous
168760,Miscellaneous
168763,Miscellaneous
168768,Bars & Nightlife
168774,Telecommunications
168785,Miscellaneous
168823,Bakery & Desserts
168827,Health & Beauty
168833,Restaurants
168840,Car Wash & Detailing
168858,Automotive Retail
168859,Miscellaneous
168864,Business Services
168899,Miscellaneous
168910,Clothing & Apparel
168919,Medical Offices
168969,Miscellaneous
168978,Miscellaneous
168979,Miscellaneous
168996,Medical Offices
169002,Restaurants
169005,Miscellaneous
169020,Business Services
169037,Miscellaneous
169067,Restaurants
169073,Restaurants
169092,Restaurants
169125,Miscellaneous
169134,Miscellaneous
169140,Miscellaneous
169144,Cleaning Services
169147,Mental Health
169152,Real Estate
169158,Miscellaneous
169163,Medical Offices
169170,Towing & Roadside
169174,Restaurants
169213,IT Services
169219,Miscellaneous
169233,Financial Services
169235,Miscellaneous
169247,Miscellaneous
169262,Miscellaneous
169302,Restaurants
169303,Miscellaneous
169314,Restaurants
169327,Miscellaneous
169328,Miscellaneous
169330,Miscellaneous
169331,Miscellaneous
169332,Miscellaneous
169344,Miscellaneous
169352,Miscellaneous
169376,Miscellaneous
169388,Telecommunications
169411,Miscellaneous
169412,Miscellaneous
169419,Pharmacy
169421,Health & Beauty
169426,Medical Offices
169430,Restaurants
169434,Arts & Entertainment
169447,Home & Garden
169493,Medical Offices
169495,Miscellaneous
169497,Miscellaneous
169500,Miscellaneous
169523,Coffee & Tea
169529,Medical Offices
169546,Bars & Nightlife
169558,Restaurants
169559,Specialty Food
169569,Miscellaneous
169594,Miscellaneous
169595,Medical Offices
169596,Miscellaneous
169606,Miscellaneous
169629,Restaurants
169632,Miscellaneous
169636,Miscellaneous
169639,Miscellaneous
169645,Miscellaneous
169650,Legal Services
169691,Miscellaneous
169692,Miscellaneous
169711,Miscellaneous
169721,Financial Services
169727,Towing & Roadside
169728,Coffee & Tea
169739,Telecommunications
169781,Miscellaneous
169783,Miscellaneous
169785,Restaurants
169788,Miscellaneous
169792,Clothing & Apparel
169800,Miscellaneous
169817,Miscellaneous
169824,Miscellaneous
169845,Miscellaneous
169871,Miscellaneous
169890,Miscellaneous
169917,Miscellaneous
169922,Miscellaneous
169952,Miscellaneous
169956,Health & Beauty
169967,Health & Beauty
169974,Specialty Retail
170019,Health & Beauty
170020,Specialized Healthcare
170027,Restaurants
170045,Health & Beauty
170047,Miscellaneous
170061,Miscellaneous
170067,Bars & Nightlife
170068,Specialty Food
170077,Pet Services
170097,Miscellaneous
170117,Miscellaneous
170132,Miscellaneous
170162,Clothing & Apparel
170215,Health & Beauty
170289,Health & Beauty
170308,Cleaning Services
170324,Financial Services
170347,Car Wash & Detailing
170366,Restaurants
170389,Miscellaneous
170390,Dry Cleaning & Laundry
170392,Specialty Food
170395,Miscellaneous
170396,Travel Services
170407,Miscellaneous
170430,Miscellaneous
170444,Miscellaneous
170446,Restaurants
170465,Restaurants
170474,Clothing & Apparel
170485,Specialty Food
170486,Restaurants
170488,Restaurants
170502,Restaurants
170510,Clothing & Apparel
170528,Financial Services
170541,Schools
170576,Health & Beauty
170592,Miscellaneous
170595,Miscellaneous
170619,Miscellaneous
170628,Miscellaneous
170637,Miscellaneous
170652,Restaurants
170653,Miscellaneous
170671,Travel Services
170682,Towing & Roadside
170685,Miscellaneous
170690,Health & Beauty
170694,Landscaping
170707,Specialty Retail
170718,Repair & Maintenance
170729,Miscellaneous
170738,Construction & Contractors
170748,Miscellaneous
170757,Miscellaneous
170766,Pet Services
170767,Miscellaneous
170783,Miscellaneous
170797,Miscellaneous
170817,Miscellaneous
170820,Miscellaneous
170847,Miscellaneous
170852,Miscellaneous
170872,Restaurants
170873,Miscellaneous
170886,Miscellaneous
170890,Miscellaneous
170893,Restaurants
170901,Miscellaneous
170907,Bars & Nightlife
170914,Legal Services
170930,Miscellaneous
170953,Pet Services
170989,Miscellaneous
171017,Miscellaneous
171048,Miscellaneous
171068,Miscellaneous
171085,Real Estate
171092,Financial Services
171104,Miscellaneous
171116,Restaurants
171141,Miscellaneous
171142,Health & Beauty
171152,Miscellaneous
171159,Miscellaneous
171178,Miscellaneous
171190,Travel Services
171199,Arts & Entertainment
171200,Pharmacy
171207,Health & Beauty
171208,Restaurants
171261,Pet Services
171265,Clothing & Apparel
171283,Restaurants
171287,Health & Beauty
171299,Health & Beauty
171330,Miscellaneous
171349,Miscellaneous
171358,Restaurants
171360,Miscellaneous
171371,Miscellaneous
171376,Construction & Contractors
171377,Restaurants
171386,Medical Offices
171391,Restaurants
171392,Miscellaneous
171434,Health & Beauty
171462,Financial Services
171465,Restaurants
171467,Bars & Nightlife
171524,Miscellaneous
171557,Restaurants
171558,Miscellaneous
171568,Health & Beauty
171572,Miscellaneous
171592,Specialty Retail
171608,Health & Beauty
171616,Clothing & Apparel
171618,Bakery & Desserts
171627,Miscellaneous
171638,Fast Food
171665,Clothing & Apparel
171682,Restaurants
171719,Health & Beauty
171744,Health & Beauty
171745,Repair & Maintenance
171754,Miscellaneous
171757,Miscellaneous
171772,Miscellaneous
171778,Real Estate
171789,Miscellaneous
171837,Miscellaneous
171857,Travel Services
171885,Medical Offices
171889,Coffee & Tea
171893,Restaurants
171903,Miscellaneous
171915,Home & Garden
171933,Restaurants
171963,Restaurants
171965,Miscellaneous
172002,Miscellaneous
172012,Miscellaneous
172013,Miscellaneous
172014,Telecommunications
172042,Specialty Retail
172050,Miscellaneous
172053,Restaurants
172058,Clothing & Apparel
172084,Miscellaneous
172095,Health & Beauty
172123,Miscellaneous
172151,Miscellaneous
172153,Miscellaneous
172154,Bars & Nightlife
172155,Construction & Contractors
172161,Miscellaneous
172164,Restaurants
172173,Legal Services
172180,Miscellaneous
172181,Miscellaneous
172198,Restaurants
172208,Restaurants
172221,Fitness & Recreation
172222,Clothing & Apparel
172223,Miscellaneous
172253,Health & Beauty
172262,Specialty Retail
172271,Miscellaneous
172280,Pet Services
172283,Health & Beauty
172291,Repair & Maintenance
172294,Telecommunications
172296,Restaurants
172300,Miscellaneous
172326,Miscellaneous
172337,Restaurants
172361,Restaurants
172417,Specialty Retail
172443,Clothing & Apparel
172448,Miscellaneous
172462,Miscellaneous
172469,Miscellaneous
172475,Medical Offices
172518,Miscellaneous
172537,Miscellaneous
172549,Miscellaneous
172551,Legal Services
172554,Miscellaneous
172591,Medical Offices
172593,Miscellaneous
172595,Home & Garden
172620,Miscellaneous
172635,Financial Services
172637,Miscellaneous
172641,Miscellaneous
172681,Miscellaneous
172695,Miscellaneous
172705,Fitness & Recreation
172762,Real Estate
172788,Miscellaneous
172793,Miscellaneous
172838,Financial Services
172851,Telecommunications
172854,Miscellaneous
172869,Repair & Maintenance
172901,Dry Cleaning & Laundry
172902,Miscellaneous
172903,Real Estate
172904,Telecommunications
172912,Specialty Food
172926,Clothing & Apparel
172946,Sports & Recreation
172977,Clothing & Apparel
172997,Health & Beauty
173005,Telecommunications
173006,Miscellaneous
173013,Plumbing & HVAC
173017,Miscellaneous
173023,Real Estate
173030,Miscellaneous
173037,Miscellaneous
173040,Fast Food
173059,Miscellaneous
173086,Miscellaneous
173095,Bars & Nightlife
173107,Travel Services
173126,Miscellaneous
173136,Restaurants
173184,Financial Services
173205,Miscellaneous
173206,Financial Services
173207,Miscellaneous
173219,Miscellaneous
173231,Miscellaneous
173326,Miscellaneous
173383,Specialty Retail
173391,Restaurants
173396,Restaurants
173414,Miscellaneous
173434,Bars & Nightlife
173445,Medical Offices
173448,Miscellaneous
173463,Miscellaneous
173492,Health & Beauty
173493,Restaurants
173514,Miscellaneous
173528,Bars & Nightlife
173531,Miscellaneous
173534,Restaurants
173548,Restaurants
173567,Bars & Nightlife
173575,Telecommunications
173587,Miscellaneous
173597,Miscellaneous
173603,Towing & Roadside
173614,Financial Services
173633,Restaurants
173634,Restaurants
173639,Automotive Retail
173669,Miscellaneous
173670,Construction & Contractors
173682,Health & Beauty
173705,Home & Garden
173709,Miscellaneous
173743,Miscellaneous
173758,Car Wash & Detailing
173771,Miscellaneous
173772,Miscellaneous
173787,Miscellaneous
173811,Restaurants
173818,Restaurants
173826,Restaurants
173839,Restaurants
173852,Bars & Nightlife
173867,Miscellaneous
173868,Miscellaneous
173876,Restaurants
173902,Miscellaneous
173910,Restaurants
173929,Repair & Maintenance
173939,Miscellaneous
173942,Miscellaneous
173947,Health & Beauty
173961,Repair & Maintenance
173987,Miscellaneous
173999,Financial Services
174013,Miscellaneous
174020,Restaurants
174028,Health & Beauty
174035,Miscellaneous
174040,Construction & Contractors
174057,Miscellaneous
174069,Miscellaneous
174074,Restaurants
174102,Health & Beauty
174123,Miscellaneous
174143,Miscellaneous
174164,Miscellaneous
174172,Medical Offices
174173,Specialty Food
174208,Real Estate
174226,Sports & Recreation
174242,Miscellaneous
174264,Medical Offices
174297,Miscellaneous
174305,Fitness & Recreation
174308,Health & Beauty
174326,Coffee & Tea
174355,Health & Beauty
174383,Specialty Food
174393,Repair & Maintenance
174402,Health & Beauty
174406,Restaurants
174437,Automotive Retail
174446,Miscellaneous
174447,Miscellaneous
174451,Miscellaneous
174454,Repair & Maintenance
174465,Car Wash & Detailing
174500,Restaurants
174506,Miscellaneous
174510,Car Wash & Detailing
174522,Restaurants
174530,Bars & Nightlife
174537,Miscellaneous
174538,Miscellaneous
174539,Health & Beauty
174548,Miscellaneous
174560,Miscellaneous
174574,Miscellaneous
174579,Hotels & Motels
174580,Miscellaneous
174595,Miscellaneous
174619,Miscellaneous
174654,Hotels & Motels
174666,Miscellaneous
174667,Miscellaneous
174670,Bars & Nightlife
174679,Restaurants
174684,Health & Beauty
174692,Restaurants
174717,Miscellaneous
174721,Miscellaneous
174723,Miscellaneous
174734,Miscellaneous
174741,Miscellaneous
174752,Miscellaneous
174769,Coffee & Tea
174794,Miscellaneous
174799,Clothing & Apparel
174803,Miscellaneous
174829,Miscellaneous
174840,Miscellaneous
174856,Specialty Food
174876,Fitness & Recreation
174897,Restaurants
174936,Clothing & Apparel
174944,Miscellaneous
174960,Miscellaneous
174975,Miscellaneous
174992,Repair & Maintenance
174997,Miscellaneous
175019,Legal Services
175020,Restaurants
175021,Restaurants
175049,Automotive Retail
175052,Restaurants
175097,Bars & Nightlife
175099,Restaurants
175111,Fast Food
175156,Restaurants
175158,Restaurants
175162,Miscellaneous
175172,Miscellaneous
175178,Events & Venues
175192,Miscellaneous
175198,Clothing & Apparel
175206,Restaurants
175210,Medical Offices
175242,Restaurants
175249,Clothing & Apparel
175252,Mental Health
175269,Restaurants
175276,Repair & Maintenance
175290,Repair & Maintenance
175299,Miscellaneous
175308,Miscellaneous
175310,Miscellaneous
175315,Restaurants
175325,Miscellaneous
175339,Fast Food
175350,Bars & Nightlife
175359,Miscellaneous
175363,Home & Garden
175374,Health & Beauty
175406,Real Estate
175434,Miscellaneous
175456,Telecommunications
175459,Consulting
175460,Miscellaneous
175469,Miscellaneous
175474,Construction & Contractors
175480,Miscellaneous
175483,Miscellaneous
175503,Restaurants
175509,Miscellaneous
175515,Schools
175543,Miscellaneous
175544,Construction & Contractors
175554,Hotels & Motels
175557,Miscellaneous
175568,Plumbing & HVAC
175579,Restaurants
175613,Bars & Nightlife
175632,Events & Venues
175635,Miscellaneous
175653,Telecommunications
175665,Bars & Nightlife
175703,Restaurants
175712,Miscellaneous
175717,Restaurants
175741,Restaurants
175743,Legal Services
175745,Health & Beauty
175760,Towing & Roadside
175781,Miscellaneous
175785,Miscellaneous
175812,Real Estate
175829,Miscellaneous
175830,Miscellaneous
175842,Health & Beauty
175845,Miscellaneous
175847,Restaurants
175855,Electrical
175859,Miscellaneous
175861,Home & Garden
175863,Repair & Maintenance
175874,Construction & Contractors
175892,Automotive Retail
175914,Miscellaneous
175917,Miscellaneous
175922,Business Services
175934,Miscellaneous
175938,Miscellaneous
175946,Miscellaneous
175950,Miscellaneous
175955,Bars & Nightlife
175969,Health & Beauty
175994,Automotive Retail
175995,Miscellaneous
176000,Miscellaneous
176014,Miscellaneous
176016,Real Estate
176025,Bakery & Desserts
176054,Travel Services
176073,Specialty Food
176088,Miscellaneous
176104,Construction & Contractors
176107,Miscellaneous
176113,Miscellaneous
176119,Miscellaneous
176152,Repair & Maintenance
176159,Legal Services
176181,Miscellaneous
176182,Miscellaneous
176193,Miscellaneous
176204,Legal Services
176216,Specialty Retail
176219,Miscellaneous
176220,Financial Services
176233,Miscellaneous
176243,Bars & Nightlife
176251,Specialty Food
176279,Miscellaneous
176295,Miscellaneous
176306,Miscellaneous
176320,Health & Beauty
176329,Repair & Maintenance
176347,Specialty Retail
176374,Miscellaneous
176405,Miscellaneous
176414,Bars & Nightlife
176417,Miscellaneous
176422,Miscellaneous
176426,Construction & Contractors
176429,Fitness & Recreation
176498,Fitness & Recreation
176503,Health & Beauty
176530,Miscellaneous
176531,Automotive Retail
176556,Health & Beauty
176560,Restaurants
176603,Restaurants
176620,Restaurants
176621,Miscellaneous
176679,Repair & Maintenance
176681,Miscellaneous
176683,Health & Beauty
176694,Events & Venues
176712,Miscellaneous
176714,Miscellaneous
176737,Coffee & Tea
176738,Miscellaneous
176740,Home & Garden
176752,Miscellaneous
176779,Miscellaneous
176781,Fitness & Recreation
176789,Miscellaneous
176798,Miscellaneous
176881,Health & Beauty
176909,Restaurants
176914,Miscellaneous
176915,Health & Beauty
176934,Restaurants
176937,Clothing & Apparel
176950,Coffee & Tea
176959,Miscellaneous
176975,Miscellaneous
177009,Miscellaneous
177021,Miscellaneous
177025,Miscellaneous
177026,Miscellaneous
177029,Financial Services
177034,Medical Offices
177039,Miscellaneous
177044,Miscellaneous
177052,Events & Venues
177056,Pharmacy
177070,Arts & Entertainment
177073,Clothing & Apparel
177092,Specialty Food
177105,Restaurants
177122,Clothing & Apparel
177146,Miscellaneous
177148,Miscellaneous
177159,Miscellaneous
177176,Bars & Nightlife
177182,Health & Beauty
177185,Miscellaneous
177188,Miscellaneous
177201,Fast Food
177212,Miscellaneous
177216,Bakery & Desserts
177233,Bars & Nightlife
177256,Miscellaneous
177258,Miscellaneous
177278,Miscellaneous
177281,Coffee & Tea
177297,Specialized Healthcare
177299,Events & Venues
177302,Miscellaneous
177305,Cleaning Services
177316,Health & Beauty
177324,Pet Services
177345,Restaurants
177350,Coffee & Tea
177352,Miscellaneous
177388,Miscellaneous
177400,Health & Beauty
177425,Consulting
177469,Bars & Nightlife
177510,Miscellaneous
177571,Miscellaneous
177575,Miscellaneous
177583,Arts & Entertainment
177592,Miscellaneous
177601,Restaurants
177612,Miscellaneous
177636,Coffee & Tea
177662,Miscellaneous
177673,Fitness & Recreation
177679,Repair & Maintenance
177685,Miscellaneous
177697,Health & Beauty
177711,Restaurants
177721,Automotive Retail
177724,Miscellaneous
177735,Miscellaneous
177737,Miscellaneous
177762,Miscellaneous
177766,Automotive Retail
177778,Restaurants
177786,Pet Services
177790,Restaurants
177793,Miscellaneous
177809,Miscellaneous
177823,Restaurants
177844,Coffee & Tea
177857,Telecommunications
177910,Automotive Retail
177911,Miscellaneous
177922,Health & Beauty
177925,Miscellaneous
177943,Miscellaneous
177951,Car Wash & Detailing
177953,Miscellaneous
177966,Bars & Nightlife
177970,Landscaping
177971,Medical Offices
177972,Miscellaneous
177991,Restaurants
177996,Miscellaneous
177997,Medical Offices
178003,Miscellaneous
178032,Miscellaneous
178093,Bakery & Desserts
178134,Miscellaneous
178150,General Merchandise
178163,Restaurants
178169,Bars & Nightlife
178208,Fast Food
178216,Construction & Contractors
178225,Miscellaneous
178233,Miscellaneous
178235,Miscellaneous
178239,Miscellaneous
178249,Financial Services
178252,Miscellaneous
178296,Miscellaneous
178301,Miscellaneous
178325,Construction & Contractors
178354,Miscellaneous
178357,Restaurants
178369,Miscellaneous
178373,Consulting
178391,Miscellaneous
178392,Health & Beauty
178404,Miscellaneous
178439,Restaurants
178443,IT Services
178456,Miscellaneous
178476,Restaurants
178477,Fast Food
178500,Medical Offices
178510,Miscellaneous
178520,Miscellaneous
178524,Miscellaneous
178527,Coffee & Tea
178530,Repair & Maintenance
178532,Repair & Maintenance
178534,Medical Offices
178535,Miscellaneous
178539,Specialty Retail
178568,Clothing & Apparel
178572,Miscellaneous
178598,Restaurants
178616,Miscellaneous
178629,Specialty Retail
178653,Miscellaneous
178655,Real Estate
178675,Miscellaneous
178692,Schools
178711,Health & Beauty
178714,Miscellaneous
178720,IT Services
178723,Miscellaneous
178740,Miscellaneous
178741,Miscellaneous
178745,Miscellaneous
178749,Miscellaneous
178765,Restaurants
178780,Miscellaneous
178789,Events & Venues
178801,Restaurants
178834,Miscellaneous
178846,Restaurants
178855,Miscellaneous
178869,Miscellaneous
178877,Pharmacy
178887,Miscellaneous
178888,Miscellaneous
178923,Miscellaneous
178925,Restaurants
178927,Sports & Recreation
178971,Restaurants
179000,Bars & Nightlife
179024,Telecommunications
179026,Miscellaneous
179055,Restaurants
179064,Restaurants
179079,Schools
179080,Miscellaneous
179090,Miscellaneous
179126,Clothing & Apparel
179128,Coffee & Tea
179135,Health & Beauty
179139,Coffee & Tea
179143,Bars & Nightlife
179146,Restaurants
179149,Restaurants
179150,Hotels & Motels
179151,Miscellaneous
179167,Business Services
179168,Miscellaneous
179170,Bakery & Desserts
179172,Miscellaneous
179198,Miscellaneous
179208,Health & Beauty
179225,Miscellaneous
179229,Fast Food
179233,Car Wash & Detailing
179270,Health & Beauty
179274,Specialty Food
179302,Miscellaneous
179319,Restaurants
179322,Coffee & Tea
179324,Miscellaneous
179337,Miscellaneous
179378,Miscellaneous
179386,Bars & Nightlife
179390,Events & Venues
179419,Medical Offices
179421,Miscellaneous
179449,Miscellaneous
179450,Miscellaneous
179474,Restaurants
179478,Miscellaneous
179481,Miscellaneous
179489,Restaurants
179490,Fitness & Recreation
179492,Restaurants
179498,Miscellaneous
179505,Restaurants
179509,Bars & Nightlife
179518,Miscellaneous
179526,Arts & Entertainment
179531,Restaurants
179546,Miscellaneous
179552,Restaurants
179570,Fitness & Recreation
179577,Pet Services
179624,Sports & Recreation
179631,Restaurants
179636,Health & Beauty
179648,Miscellaneous
179652,Construction & Contractors
179660,Miscellaneous
179673,Restaurants
179698,Restaurants
179699,Bakery & Desserts
179708,Financial Services
179709,Telecommunications
179724,Specialty Food
179725,Car Wash & Detailing
179759,Miscellaneous
179764,Telecommunications
179766,Restaurants
179768,Miscellaneous
179803,Miscellaneous
179812,Miscellaneous
179822,Automotive Retail
179823,Miscellaneous
179826,Miscellaneous
179841,Specialty Food
179851,Miscellaneous
179862,Coffee & Tea
179865,Miscellaneous
179868,Restaurants
179869,Financial Services
179886,Miscellaneous
179904,Miscellaneous
179905,Miscellaneous
179906,Restaurants
179910,Fast Food
179915,Restaurants
179916,Miscellaneous
179917,Miscellaneous
179984,Restaurants
179992,Miscellaneous
180012,Miscellaneous
180013,Sports & Recreation
180024,Miscellaneous
180025,Miscellaneous
180050,Miscellaneous
180052,Miscellaneous
180053,Miscellaneous
180070,Miscellaneous
180087,Miscellaneous
180092,Restaurants
180093,Legal Services
180106,Construction & Contractors
180107,Miscellaneous
180113,Miscellaneous
180122,Miscellaneous
180129,Miscellaneous
180130,Bakery & Desserts
180132,Miscellaneous
180140,Miscellaneous
180141,Miscellaneous
180162,Towing & Roadside
180167,Clothing & Apparel
180177,Medical Offices
180251,Fast Food
180271,Miscellaneous
180286,Arts & Entertainment
180306,Bars & Nightlife
180327,Automotive Retail
180344,Miscellaneous
180347,Events & Venues
180354,Health & Beauty
180382,Automotive Retail
180387,Restaurants
180417,Electrical
180418,Restaurants
180426,Miscellaneous
180430,Miscellaneous
180449,Miscellaneous
180468,Restaurants
180476,Restaurants
180485,Miscellaneous
180497,Miscellaneous
180507,Miscellaneous
180513,Health & Beauty
180528,Miscellaneous
180529,Specialty Food
180535,Miscellaneous
180552,Restaurants
180553,Miscellaneous
180554,Miscellaneous
180555,Miscellaneous
180583,Miscellaneous
180591,Restaurants
180614,Miscellaneous
180619,Dry Cleaning & Laundry
180665,Miscellaneous
180666,Miscellaneous
180668,Health & Beauty
180674,Real Estate
180677,Bars & Nightlife
180678,Clothing & Apparel
180690,Restaurants
180691,Restaurants
180731,Arts & Entertainment
180735,Coffee & Tea
180739,Restaurants
180747,Clothing & Apparel
180755,Pet Services
180758,Miscellaneous
180763,Bars & Nightlife
180768,Miscellaneous
180769,Miscellaneous
180778,Miscellaneous
180788,Miscellaneous
180815,Miscellaneous
180820,Restaurants
180830,Miscellaneous
180837,Restaurants
180841,Restaurants
180852,Coffee & Tea
180854,Restaurants
180855,Miscellaneous
180866,Miscellaneous
180892,Restaurants
180908,Health & Beauty
180910,Medical Offices
180931,Miscellaneous
180932,Restaurants
180933,Restaurants
180934,Miscellaneous
180952,Miscellaneous
180961,Restaurants
180999,Miscellaneous
181034,Miscellaneous
181035,Electrical
181050,Coffee & Tea
181070,Events & Venues
181075,Miscellaneous
181100,Real Estate
181126,Miscellaneous
181144,Miscellaneous
181184,Financial Services
181194,Miscellaneous
181223,Miscellaneous
181229,Automotive Retail
181230,Fast Food
181234,Restaurants
181238,Miscellaneous
181239,Coffee & Tea
181272,Bars & Nightlife
181301,Bakery & Desserts
181305,Repair & Maintenance
181307,Health & Beauty
181334,Clothing & Apparel
181362,Miscellaneous
181363,Specialty Food
181374,Miscellaneous
181396,Health & Beauty
181404,Health & Beauty
181406,Coffee & Tea
181409,Restaurants
181431,Restaurants
181435,Miscellaneous
181437,Miscellaneous
181443,Clothing & Apparel
181454,Bakery & Desserts
181460,Miscellaneous
181490,Health & Beauty
181521,Restaurants
181527,Miscellaneous
181540,Coffee & Tea
181580,Specialty Food
181594,Specialty Food
181625,Miscellaneous
181632,Miscellaneous
181639,Miscellaneous
181661,Miscellaneous
181663,Coffee & Tea
181720,Childcare
181730,Miscellaneous
181766,Repair & Maintenance
181767,Specialty Retail
181775,Schools
181784,Miscellaneous
181797,Restaurants
181810,Restaurants
181829,Miscellaneous
181831,Legal Services
181858,Automotive Retail
181877,Miscellaneous
181884,Restaurants
181896,Miscellaneous
181897,Miscellaneous
181899,Miscellaneous
181900,Miscellaneous
181939,Restaurants
181942,Miscellaneous
181950,Miscellaneous
181958,Bars & Nightlife
181960,Restaurants
181969,Health & Beauty
181991,Restaurants
181992,Home & Garden
182017,Restaurants
182036,Restaurants
182051,Health & Beauty
182055,Restaurants
182068,Restaurants
182075,Specialty Food
182076,Bars & Nightlife
182081,Real Estate
182090,Financial Services
182096,Miscellaneous
182128,IT Services
182158,Miscellaneous
182177,Miscellaneous
182195,Automotive Retail
182212,Miscellaneous
182220,Bars & Nightlife
182226,Miscellaneous
182245,Construction & Contractors
182264,Restaurants
182269,Health & Beauty
182289,Restaurants
182299,Medical Offices
182307,Restaurants
182308,Miscellaneous
182311,Specialty Food
182322,Miscellaneous
182351,Miscellaneous
182368,Miscellaneous
182377,Miscellaneous
182419,Miscellaneous
182423,Miscellaneous
182438,Automotive Retail
182499,Miscellaneous
182501,Health & Beauty
182503,Miscellaneous
182519,Restaurants
182557,Miscellaneous
182592,Restaurants
182601,Pet Services
182602,Fast Food
182614,Miscellaneous
182621,Miscellaneous
182622,Health & Beauty
182624,Miscellaneous
182655,Sports & Recreation
182659,Financial Services
182677,Medical Offices
182680,Specialty Food
182692,Miscellaneous
182693,Restaurants
182694,Miscellaneous
182703,Telecommunications
182706,Bakery & Desserts
182717,Repair & Maintenance
182725,Miscellaneous
182742,Restaurants
182744,Coffee & Tea
182747,Fast Food
182749,Fitness & Recreation
182769,Medical Offices
182782,Miscellaneous
182794,Bars & Nightlife
182847,Miscellaneous
182849,Miscellaneous
182859,Miscellaneous
182874,Miscellaneous
182882,Bars & Nightlife
182884,Fast Food
182905,Miscellaneous
182927,Miscellaneous
182939,Miscellaneous
182964,Fast Food
182965,Miscellaneous
183007,Restaurants
183019,Restaurants
183039,Miscellaneous
183040,Automotive Retail
183080,Miscellaneous
183088,Miscellaneous
183093,Bars & Nightlife
183102,Fitness & Recreation
183105,Miscellaneous
183147,Bakery & Desserts
183214,Miscellaneous
183216,Travel Services
183221,Restaurants
183227,Restaurants
183232,Miscellaneous
183250,Miscellaneous
183281,Miscellaneous
183285,Specialty Food
183327,Miscellaneous
183329,Miscellaneous
183348,Sports & Recreation
183368,Miscellaneous
183380,Business Services
183381,Restaurants
183385,Specialty Food
183395,Fitness & Recreation
183396,Miscellaneous
183401,Miscellaneous
183425,Miscellaneous
183428,Restaurants
183460,Miscellaneous
183490,Miscellaneous
183496,Bars & Nightlife
183502,Restaurants
183590,Coffee & Tea
183618,Miscellaneous
183621,Restaurants
183652,Clothing & Apparel
183658,Miscellaneous
183659,Sports & Recreation
183661,Miscellaneous
183720,Miscellaneous
183723,Restaurants
183735,Specialty Food
183758,Restaurants
183766,Miscellaneous
183776,Miscellaneous
183852,Restaurants
183860,Medical Offices
183880,Miscellaneous
183882,Miscellaneous
183885,Restaurants
183897,Miscellaneous
183903,Restaurants
183904,Specialty Food
183911,Fast Food
183922,Bakery & Desserts
183929,Miscellaneous
183983,Bars & Nightlife
183987,Miscellaneous
184020,Health & Beauty
184023,Miscellaneous
184036,Miscellaneous
184058,Miscellaneous
184071,Miscellaneous
184114,Health & Beauty
184141,Miscellaneous
184147,Restaurants
184148,Miscellaneous
184158,IT Services
184174,Miscellaneous
184189,Restaurants
184230,Restaurants
184238,Hotels & Motels
184253,Financial Services
184264,Miscellaneous
184268,Financial Services
184270,Health & Beauty
184281,Arts & Entertainment
184282,Miscellaneous
184315,General Merchandise
184316,Specialty Food
184319,Repair & Maintenance
184324,Restaurants
184325,Restaurants
184334,Miscellaneous
184340,Miscellaneous
184341,Specialty Food
184357,Miscellaneous
184365,Miscellaneous
184370,Bars & Nightlife
184375,Real Estate
184380,Miscellaneous
184382,Clothing & Apparel
184383,Miscellaneous
184397,Medical Offices
184412,Health & Beauty
184416,Health & Beauty
184419,Bakery & Desserts
184422,Miscellaneous
184425,Sports & Recreation
184432,Miscellaneous
184443,General Merchandise
184455,Clothing & Apparel
184459,Coffee & Tea
184460,Restaurants
184463,Sports & Recreation
184466,Clothing & Apparel
184467,Hotels & Motels
184478,Clothing & Apparel
184479,Miscellaneous
184485,Miscellaneous
184486,Miscellaneous
184511,Automotive Retail
184512,Miscellaneous
184537,Miscellaneous
184547,Hotels & Motels
184553,Miscellaneous
184597,Arts & Entertainment
184598,Miscellaneous
184599,Restaurants
184602,Bakery & Desserts
184645,Hotels & Motels
184646,Bakery & Desserts
184648,Arts & Entertainment
184676,General Merchandise
184686,Miscellaneous
184706,Hotels & Motels
184719,Real Estate
184728,Miscellaneous
184739,Repair & Maintenance
184740,Bars & Nightlife
184741,Bars & Nightlife
184762,Fast Food
184804,Schools
184811,Construction & Contractors
184838,Health & Beauty
184839,Restaurants
184840,Miscellaneous
184842,Miscellaneous
184859,Miscellaneous
184869,Miscellaneous
184871,Miscellaneous
184874,Miscellaneous
184884,Fitness & Recreation
184928,Construction & Contractors
184934,Miscellaneous
184961,Health & Beauty
184962,Miscellaneous
184964,Miscellaneous
184977,Miscellaneous
184987,Events & Venues
184988,Miscellaneous
184989,Miscellaneous
184994,Fitness & Recreation
185040,Miscellaneous
185153,Plumbing & HVAC
185157,Miscellaneous
185171,Miscellaneous
185174,Miscellaneous
185178,Restaurants
185183,Electrical
185201,Health & Beauty
185206,Miscellaneous
185267,Miscellaneous
185293,Coffee & Tea
185317,Cleaning Services
185333,Miscellaneous
185371,Legal Services
185392,Bars & Nightlife
185432,Specialty Food
185440,Miscellaneous
185482,Miscellaneous
185489,Miscellaneous
185498,Health & Beauty
185508,Legal Services
185540,Miscellaneous
185554,Miscellaneous
185555,Miscellaneous
185567,Medical Offices
185585,Miscellaneous
185606,Miscellaneous
185625,Miscellaneous
185626,Miscellaneous
185640,Medical Offices
185646,Miscellaneous
185655,Real Estate
185656,Repair & Maintenance
185661,Miscellaneous
185673,Miscellaneous
185676,Miscellaneous
185680,Miscellaneous
185681,Miscellaneous
185687,Miscellaneous
185703,Fitness & Recreation
185723,Miscellaneous
185725,Home & Garden
185741,Medical Offices
185746,Construction & Contractors
185763,IT Services
185764,Miscellaneous
185799,Miscellaneous
185814,Miscellaneous
185821,Miscellaneous
185824,Restaurants
185826,Miscellaneous
185843,Miscellaneous
185853,Miscellaneous
185863,Real Estate
185879,Miscellaneous
185897,Specialized Healthcare
185898,Miscellaneous
185902,Home & Garden
185908,Miscellaneous
185926,Miscellaneous
185956,General Merchandise
185985,Restaurants
185994,Coffee & Tea
185995,Miscellaneous
186018,Miscellaneous
186033,Specialty Food
186039,Health & Beauty
186041,Towing & Roadside
186044,Miscellaneous
186055,IT Services
186056,Specialized Healthcare
186059,Restaurants
186089,Miscellaneous
186099,Health & Beauty
186103,Miscellaneous
186108,Bakery & Desserts
186114,Automotive Retail
186119,Health & Beauty
186121,Miscellaneous
186139,Consulting
186140,Real Estate
186142,Medical Offices
186145,Miscellaneous
186148,Miscellaneous
186161,Miscellaneous
186176,Telecommunications
186179,Medical Offices
186180,Miscellaneous
186183,Specialty Retail
186186,Miscellaneous
186226,Miscellaneous
186242,Health & Beauty
186246,Dry Cleaning & Laundry
186265,Miscellaneous
186266,Automotive Retail
186282,Miscellaneous
186301,Miscellaneous
186306,Fitness & Recreation
186311,Restaurants
186324,Health & Beauty
186326,Car Wash & Detailing
186340,Bakery & Desserts
186342,Miscellaneous
186375,Miscellaneous
186381,Construction & Contractors
186399,Miscellaneous
186401,Repair & Maintenance
186411,Bars & Nightlife
186449,Miscellaneous
186450,Fitness & Recreation
186465,Medical Offices
186470,Miscellaneous
186521,Health & Beauty
186522,Childcare
186537,Health & Beauty
186544,Health & Beauty
186566,Miscellaneous
186567,Financial Services
186589,Legal Services
186591,Coffee & Tea
186593,Legal Services
186594,Miscellaneous
186602,Home & Garden
186607,Miscellaneous
186625,Miscellaneous
186627,Miscellaneous
186640,Miscellaneous
186647,Health & Beauty
186650,Miscellaneous
186653,Miscellaneous
186700,Miscellaneous
186724,Miscellaneous
186752,Medical Offices
186766,Miscellaneous
186775,Miscellaneous
186779,Miscellaneous
186805,Miscellaneous
186812,Miscellaneous
186845,Miscellaneous
186869,Construction & Contractors
186889,Medical Offices
186951,Miscellaneous
186957,Miscellaneous
186996,Miscellaneous
187008,Miscellaneous
187013,Miscellaneous
187020,Clothing & Apparel
187023,Mental Health
187027,Restaurants
187037,Miscellaneous
187080,Specialty Food
187132,Miscellaneous
187143,Miscellaneous
187147,Financial Services
187175,Miscellaneous
187183,Miscellaneous
187217,Miscellaneous
187229,Restaurants
187248,Schools
187255,Miscellaneous
187266,Miscellaneous
187286,Miscellaneous
187300,Health & Beauty
187318,Miscellaneous
187333,Clothing & Apparel
187355,Financial Services
187379,Miscellaneous
187388,Medical Offices
187389,Miscellaneous
187392,Repair & Maintenance
187394,Health & Beauty
187398,Repair & Maintenance
187405,Miscellaneous
187412,Fitness & Recreation
187426,Miscellaneous
187434,Miscellaneous
187449,Telecommunications
187477,Miscellaneous
187513,Real Estate
187522,Telecommunications
187523,Financial Services
187550,Medical Offices
187558,Miscellaneous
187596,Clothing & Apparel
187609,Real Estate
187629,Miscellaneous
187644,Health & Beauty
187650,Automotive Retail
187652,Medical Offices
187672,Miscellaneous
187675,Restaurants
187681,Miscellaneous
187696,Health & Beauty
187700,Miscellaneous
187704,Financial Services
187709,Telecommunications
187712,Restaurants
187725,Legal Services
187731,Miscellaneous
187739,Miscellaneous
187745,Miscellaneous
187752,Coffee & Tea
187756,Coffee & Tea
187784,Consulting
187815,Specialty Food
187816,Restaurants
187838,Financial Services
187852,Financial Services
187882,Financial Services
187885,Health & Beauty
187903,Medical Offices
187917,Restaurants
187921,Telecommunications
187948,Miscellaneous
187954,Restaurants
187959,Medical Offices
187961,Medical Offices
187977,Miscellaneous
187978,Miscellaneous
187980,Specialty Food
188014,Miscellaneous
188027,Miscellaneous
188032,Restaurants
188034,Schools
188048,Miscellaneous
188075,Miscellaneous
188104,Restaurants
188122,Restaurants
188124,Health & Beauty
188131,Miscellaneous
188157,Miscellaneous
188158,Health & Beauty
188170,Health & Beauty
188181,Miscellaneous
188211,Miscellaneous
188216,Business Services
188231,Miscellaneous
188259,Specialty Food
188274,Miscellaneous
188290,Consulting
188301,Miscellaneous
188304,Miscellaneous
188338,Miscellaneous
188380,Miscellaneous
188387,Bars & Nightlife
188404,Restaurants
188407,Events & Venues
188417,Miscellaneous
188421,Health & Beauty
188452,Miscellaneous
188470,Legal Services
188524,Business Services
188529,Health & Beauty
188538,Home & Garden
188554,Miscellaneous
188555,Restaurants
188573,Health & Beauty
188599,Miscellaneous
188611,Miscellaneous
188619,Schools
188620,Miscellaneous
188621,Business Services
188653,Repair & Maintenance
188777,Miscellaneous
188812,Miscellaneous
188813,Miscellaneous
188836,Miscellaneous
188853,Construction & Contractors
188856,Miscellaneous
188858,Clothing & Apparel
188864,Automotive Retail
188877,Miscellaneous
188878,Miscellaneous
188879,Fitness & Recreation
188921,Miscellaneous
188945,Clothing & Apparel
188983,Miscellaneous
188987,Miscellaneous
188991,Coffee & Tea
189006,Miscellaneous
189007,Restaurants
189020,Bars & Nightlife
189035,Miscellaneous
189054,Pet Services
189055,Restaurants
189078,Restaurants
189085,Repair & Maintenance
189127,Restaurants
189134,Specialty Retail
189158,Restaurants
189176,Miscellaneous
189182,Specialty Food
189185,Restaurants
189211,Miscellaneous
189212,Miscellaneous
189230,Miscellaneous
189300,Coffee & Tea
189353,Health & Beauty
189378,Miscellaneous
189394,Miscellaneous
189403,Legal Services
189416,Miscellaneous
189446,Restaurants
189459,Repair & Maintenance
189476,Miscellaneous
189500,Miscellaneous
189515,Miscellaneous
189576,Restaurants
189599,Bars & Nightlife
189617,Miscellaneous
189624,Restaurants
189629,Bakery & Desserts
189647,Business Services
189654,Hotels & Motels
189659,Miscellaneous
189661,Miscellaneous
189679,Clothing & Apparel
189682,Miscellaneous
189692,General Merchandise
189704,Restaurants
189721,Coffee & Tea
189723,Medical Offices
189733,Coffee & Tea
189734,Arts & Entertainment
189735,Electrical
189739,Miscellaneous
189749,Health & Beauty
189760,Miscellaneous
189761,Restaurants
189766,Specialty Food
189773,Miscellaneous
189780,Miscellaneous
189797,Restaurants
189816,Towing & Roadside
189858,Restaurants
189865,Clothing & Apparel
189874,Miscellaneous
189882,Repair & Maintenance
189901,Hotels & Motels
189902,Medical Offices
189927,Fitness & Recreation
189931,Construction & Contractors
189939,Miscellaneous
189940,Plumbing & HVAC
189941,Miscellaneous
189978,Clothing & Apparel
189993,Miscellaneous
189994,Restaurants
190004,Miscellaneous
190016,Financial Services
190019,Medical Offices
190030,Miscellaneous
190032,Miscellaneous
190035,Medical Offices
190057,Landscaping
190072,Miscellaneous
190106,Miscellaneous
190131,Bars & Nightlife
190138,Miscellaneous
190154,Miscellaneous
190170,Restaurants
190174,Miscellaneous
190177,Miscellaneous
190183,Health & Beauty
190186,Fitness & Recreation
190239,Car Wash & Detailing
190248,Miscellaneous
190273,Miscellaneous
190282,Miscellaneous
190288,Automotive Retail
190305,Miscellaneous
190314,Medical Offices
190360,Restaurants
190375,Restaurants
190384,Miscellaneous
190424,Miscellaneous
190427,Miscellaneous
190430,Miscellaneous
190431,Automotive Retail
190432,Legal Services
190441,Bars & Nightlife
190448,Miscellaneous
190451,Repair & Maintenance
190459,Construction & Contractors
190473,Repair & Maintenance
190485,Miscellaneous
190495,Repair & Maintenance
190528,Health & Beauty
190532,Restaurants
190561,Miscellaneous
190565,Health & Beauty
190573,Financial Services
190614,Car Wash & Detailing
190616,Miscellaneous
190623,Sports & Recreation
190628,Miscellaneous
190648,Miscellaneous
190649,Construction & Contractors
190673,Fitness & Recreation
190682,Miscellaneous
190685,Miscellaneous
190688,Miscellaneous
190698,Clothing & Apparel
190703,Cleaning Services
190710,Bakery & Desserts
190714,Clothing & Apparel
190745,Miscellaneous
190748,Fitness & Recreation
190761,Miscellaneous
190780,Travel Services
190786,Miscellaneous
190788,Bars & Nightlife
190819,Restaurants
190824,Miscellaneous
190827,Miscellaneous
190853,Events & Venues
190857,Construction & Contractors
190874,Miscellaneous
190877,Health & Beauty
190880,Miscellaneous
190903,Miscellaneous
190927,Miscellaneous
190937,Miscellaneous
190940,Health & Beauty
190979,Miscellaneous
191012,Travel Services
191013,Schools
191033,Health & Beauty
191035,Miscellaneous
191058,Miscellaneous
191066,Coffee & Tea
191096,Restaurants
191148,Fast Food
191160,Restaurants
191167,Miscellaneous
191182,Automotive Retail
191186,Miscellaneous
191188,Miscellaneous
191204,Specialty Food
191237,Medical Offices
191238,Restaurants
191248,Car Wash & Detailing
191288,Restaurants
191300,Bakery & Desserts
191308,Miscellaneous
191310,Miscellaneous
191314,Coffee & Tea
191315,Miscellaneous
191339,Arts & Entertainment
191353,Financial Services
191358,Pharmacy
191371,Miscellaneous
191417,Schools
191419,Medical Offices
191427,Miscellaneous
191428,Legal Services
191430,Legal Services
191431,Bars & Nightlife
191438,Restaurants
191448,Miscellaneous
191453,Miscellaneous
191455,Specialty Food
191464,Miscellaneous
191481,Electrical
191487,Health & Beauty
191504,Miscellaneous
191505,Tutoring
191528,Construction & Contractors
191546,Miscellaneous
191582,Miscellaneous
191596,Specialty Food
191620,Miscellaneous
191646,Miscellaneous
191662,Miscellaneous
191679,Miscellaneous
191691,Miscellaneous
191700,Miscellaneous
191708,Restaurants
191745,Health & Beauty
191756,Miscellaneous
191775,Plumbing & HVAC
191778,Bakery & Desserts
191786,Restaurants
191799,Restaurants
191809,Restaurants
191825,Miscellaneous
191829,Pet Services
191831,Health & Beauty
191838,Restaurants
191841,Arts & Entertainment
191880,Miscellaneous
191896,Miscellaneous
191899,Miscellaneous
191900,Miscellaneous
191904,Miscellaneous
191940,Miscellaneous
191943,Construction & Contractors
191946,Miscellaneous
191947,Towing & Roadside
191955,Specialty Food
191964,Specialty Food
191967,Fitness & Recreation
191978,Bars & Nightlife
191979,Coffee & Tea
191989,Miscellaneous
192019,Miscellaneous
192020,Miscellaneous
192021,Miscellaneous
192041,Miscellaneous
192044,Miscellaneous
192057,Repair & Maintenance
192097,Repair & Maintenance
192106,Miscellaneous
192129,Miscellaneous
192136,Medical Offices
192151,Medical Offices
192175,Legal Services
192177,Restaurants
192179,Coffee & Tea
192180,Miscellaneous
192189,Miscellaneous
192198,Miscellaneous
192200,Repair & Maintenance
192215,Legal Services
192226,Business Services
192227,Miscellaneous
192231,Telecommunications
192242,Restaurants
192245,Miscellaneous
192250,Health & Beauty
192267,Miscellaneous
192275,Miscellaneous
192277,Bars & Nightlife
192284,Miscellaneous
192297,Restaurants
192301,Sports & Recreation
192304,Restaurants
192326,Telecommunications
192338,Restaurants
192363,Home & Garden
192385,Hotels & Motels
192398,Clothing & Apparel
192400,Miscellaneous
192413,Miscellaneous
192419,Financial Services
192427,Miscellaneous
192428,Coffee & Tea
192443,Miscellaneous
192453,Restaurants
192468,Miscellaneous
192469,Restaurants
192482,Coffee & Tea
192486,Miscellaneous
192522,Miscellaneous
192525,Miscellaneous
192536,Real Estate
192538,Pharmacy
192591,Restaurants
192616,Miscellaneous
192617,Health & Beauty
192668,Repair & Maintenance
192709,Telecommunications
192711,Car Wash & Detailing
192721,Restaurants
192729,Fast Food
192757,Restaurants
192771,Miscellaneous
192785,Miscellaneous
192807,Miscellaneous
192832,Miscellaneous
192846,Miscellaneous
192878,Restaurants
192887,Health & Beauty
192895,Miscellaneous
192898,Restaurants
192921,Coffee & Tea
192943,Miscellaneous
192950,Automotive Retail
192955,Medical Offices
192956,Miscellaneous
192963,Miscellaneous
192981,Coffee & Tea
192998,Miscellaneous
193002,Miscellaneous
193005,Health & Beauty
193006,Health & Beauty
193011,Miscellaneous
193020,Home & Garden
193069,Automotive Retail
193086,Miscellaneous
193087,Repair & Maintenance
193090,Miscellaneous
193097,Medical Offices
193109,Fast Food
193122,Miscellaneous
193136,Bakery & Desserts
193177,Specialized Healthcare
193194,Health & Beauty
193203,Miscellaneous
193221,Repair & Maintenance
193255,Repair & Maintenance
193264,Miscellaneous
193269,Miscellaneous
193296,Coffee & Tea
193305,Clothing & Apparel
193307,Miscellaneous
193324,Restaurants
193330,Health & Beauty
193335,Bars & Nightlife
193347,Health & Beauty
193350,Restaurants
193367,Miscellaneous
193370,Restaurants
193386,Coffee & Tea
193402,Bars & Nightlife
193405,Miscellaneous
193412,Restaurants
193442,Miscellaneous
193444,Restaurants
193449,Sports & Recreation
193457,Miscellaneous
193478,Coffee & Tea
193490,Miscellaneous
193498,Health & Beauty
193508,Miscellaneous
193523,Financial Services
193538,Schools
193565,Business Services
193567,Health & Beauty
193571,Consulting
193575,Restaurants
193601,Miscellaneous
193604,Fitness & Recreation
193645,Restaurants
193668,Miscellaneous
193684,Specialty Food
193696,Miscellaneous
193700,Restaurants
193715,Specialty Retail
193752,Miscellaneous
193761,Miscellaneous
193778,Financial Services
193795,Miscellaneous
193798,Electrical
193847,Restaurants
193865,Restaurants
193866,General Merchandise
193886,Bars & Nightlife
193907,Restaurants
193940,Miscellaneous
193951,Specialty Food
193959,Restaurants
193980,Miscellaneous
193985,Restaurants
193989,Legal Services
194002,Clothing & Apparel
194005,Miscellaneous
194011,Miscellaneous
194032,Miscellaneous
194068,Miscellaneous
194085,Health & Beauty
194090,Miscellaneous
194124,Business Services
194131,Car Wash & Detailing
194146,Health & Beauty
194150,Legal Services
194162,Restaurants
194194,Miscellaneous
194202,Coffee & Tea
194208,Restaurants
194243,Fast Food
194252,Miscellaneous
194258,Restaurants
194289,Restaurants
194291,Miscellaneous
194333,Miscellaneous
194334,Fast Food
194337,Restaurants
194355,Restaurants
194358,Restaurants
194363,Miscellaneous
194364,Miscellaneous
194384,Miscellaneous
194388,Miscellaneous
194403,Restaurants
194432,Miscellaneous
194460,Miscellaneous
194461,Restaurants
194464,Miscellaneous
194465,Miscellaneous
194466,Miscellaneous
194471,General Merchandise
194530,Miscellaneous
194532,Specialty Food
194541,Miscellaneous
194542,Miscellaneous
194555,Miscellaneous
194558,Restaurants
194559,Restaurants
194560,IT Services
194566,Health & Beauty
194593,Restaurants
194598,Coffee & Tea
194664,Financial Services
194676,Miscellaneous
194695,Mental Health
194698,Real Estate
194728,Miscellaneous
194737,Schools
194749,Construction & Contractors
194757,Bars & Nightlife
194758,Miscellaneous
194773,Specialty Food
194783,Clothing & Apparel
194792,Miscellaneous
194797,Bars & Nightlife
194803,Specialty Food
194819,Miscellaneous
194897,Automotive Retail
194906,Repair & Maintenance
194913,Miscellaneous
194924,Restaurants
194932,Miscellaneous
194944,Clothing & Apparel
194954,Bakery & Desserts
194956,Restaurants
194967,Restaurants
194971,Telecommunications
194993,Bakery & Desserts
195003,Restaurants
195100,Restaurants
195126,Restaurants
195149,Miscellaneous
195156,Miscellaneous
195164,Miscellaneous
195167,Miscellaneous
195179,Miscellaneous
195180,Restaurants
195186,Miscellaneous
195189,Telecommunications
195210,Fast Food
195220,Bakery & Desserts
195247,Fast Food
195262,Coffee & Tea
195263,Miscellaneous
195269,Miscellaneous
195271,Fast Food
195297,Coffee & Tea
195304,Telecommunications
195309,Medical Offices
195350,Restaurants
195397,Miscellaneous
195404,Miscellaneous
195417,Clothing & Apparel
195424,Miscellaneous
195439,Miscellaneous
195449,Miscellaneous
195454,Repair & Maintenance
195458,Miscellaneous
195472,Specialty Retail
195506,Miscellaneous
195540,Repair & Maintenance
195546,Restaurants
195556,Miscellaneous
195571,Restaurants
195616,Miscellaneous
195629,Restaurants
195682,Miscellaneous
195693,Miscellaneous
195701,Miscellaneous
195763,Restaurants
195766,Miscellaneous
195832,Pet Services
195878,Coffee & Tea
195879,Health & Beauty
195885,Restaurants
195888,Restaurants
195910,Miscellaneous
195947,Miscellaneous
195953,Miscellaneous
195956,Restaurants
195966,Restaurants
195968,Restaurants
195980,Arts & Entertainment
196004,Restaurants
196008,Restaurants
196020,Fitness & Recreation
196023,Restaurants
196058,Restaurants
196067,Miscellaneous
196074,Health & Beauty
196087,Coffee & Tea
196120,Home & Garden
196121,Restaurants
196178,Dry Cleaning & Laundry
196180,Restaurants
196214,Miscellaneous
196216,Miscellaneous
196220,Miscellaneous
196222,Coffee & Tea
196250,Miscellaneous
196278,Health & Beauty
196284,Health & Beauty
196290,Restaurants
196321,Miscellaneous
196332,Restaurants
196341,Restaurants
196353,Restaurants
196354,Restaurants
196373,Miscellaneous
196387,Miscellaneous
196398,Miscellaneous
196422,Restaurants
196423,Restaurants
196433,Restaurants
196459,Restaurants
196460,Restaurants
196467,Miscellaneous
196471,Medical Offices
196501,Health & Beauty
196506,Automotive Retail
196521,Miscellaneous
196551,Miscellaneous
196558,Specialty Food
196593,Miscellaneous
196596,Restaurants
196607,Miscellaneous
196614,Restaurants
196652,Fast Food
196687,Miscellaneous
196697,Restaurants
196715,Restaurants
196726,Real Estate
196744,Legal Services
196758,Miscellaneous
196766,Restaurants
196774,Home & Garden
196827,Miscellaneous
196831,Miscellaneous
196884,Real Estate
196887,Miscellaneous
196900,Miscellaneous
196917,Restaurants
196945,Miscellaneous
196946,Miscellaneous
196953,Restaurants
196960,Miscellaneous
196965,Restaurants
196985,Restaurants
196998,Hotels & Motels
197006,IT Services
197026,Restaurants
197030,Restaurants
197043,Miscellaneous
197066,Automotive Retail
197068,Coffee & Tea
197069,Miscellaneous
197071,Miscellaneous
197102,General Merchandise
197124,Miscellaneous
197127,Fitness & Recreation
197132,Hotels & Motels
197168,Clothing & Apparel
197179,Miscellaneous
197226,Restaurants
197229,Miscellaneous
197250,Fast Food
197251,Restaurants
197263,Bars & Nightlife
197267,Restaurants
197279,Medical Offices
197283,Automotive Retail
197287,Miscellaneous
197296,Automotive Retail
197316,Car Wash & Detailing
197322,Telecommunications
197325,Health & Beauty
197327,Health & Beauty
197328,Miscellaneous
197354,Specialized Healthcare
197366,Restaurants
197372,Miscellaneous
197378,Miscellaneous
197387,Restaurants
197406,Miscellaneous
197424,Restaurants
197440,Miscellaneous
197453,Miscellaneous
197466,Miscellaneous
197480,Miscellaneous
197481,Miscellaneous
197482,Financial Services
197498,Clothing & Apparel
197502,Clothing & Apparel
197512,Health & Beauty
197518,Real Estate
197531,Health & Beauty
197539,Real Estate
197586,Financial Services
197587,Restaurants
197591,Miscellaneous
197631,Medical Offices
197646,Miscellaneous
197674,Repair & Maintenance
197701,Miscellaneous
197702,Restaurants
197711,Financial Services
197715,Miscellaneous
197740,Events & Venues
197772,Health & Beauty
197801,Business Services
197807,Miscellaneous
197809,Miscellaneous
197815,Restaurants
197837,Health & Beauty
197851,Miscellaneous
197858,Schools
197867,Fast Food
197868,General Merchandise
197874,Restaurants
197879,Restaurants
197883,Restaurants
197892,Fast Food
197893,Miscellaneous
197895,Specialty Food
197931,Miscellaneous
197969,Miscellaneous
197971,Miscellaneous
197973,Miscellaneous
197988,Health & Beauty
197989,Events & Venues
198005,Miscellaneous
198019,Arts & Entertainment
198021,Restaurants
198022,Restaurants
198023,Miscellaneous
198028,Miscellaneous
198033,Restaurants
198034,Coffee & Tea
198039,Miscellaneous
198046,Hotels & Motels
198047,Arts & Entertainment
198049,Miscellaneous
198059,Bars & Nightlife
198102,Miscellaneous
198123,Miscellaneous
198125,Miscellaneous
198131,General Merchandise
198169,Coffee & Tea
198188,Fitness & Recreation
198208,Coffee & Tea
198212,Miscellaneous
198214,Hotels & Motels
198216,Events & Venues
198220,Miscellaneous
198248,Miscellaneous
198261,Repair & Maintenance
198271,Restaurants
198278,Bars & Nightlife
198281,Miscellaneous
198293,Miscellaneous
198296,Restaurants
198303,Financial Services
198313,Miscellaneous
198317,Health & Beauty
198322,Specialty Retail
198328,Specialty Retail
198339,Medical Offices
198349,Bars & Nightlife
198384,Miscellaneous
198394,Home & Garden
198424,Legal Services
198440,Business Services
198456,Clothing & Apparel
198466,Miscellaneous
198478,Miscellaneous
198491,Miscellaneous
198509,Bars & Nightlife
198527,Miscellaneous
198532,Miscellaneous
198534,Miscellaneous
198554,Health & Beauty
198567,Miscellaneous
198581,Restaurants
198599,Bars & Nightlife
198642,Miscellaneous
198657,Miscellaneous
198670,Automotive Retail
198689,Restaurants
198696,Miscellaneous
198697,Miscellaneous
198704,Health & Beauty
198705,Miscellaneous
198735,Restaurants
198750,Restaurants
198765,Miscellaneous
198766,Specialty Retail
198772,Restaurants
198775,Health & Beauty
198782,Hotels & Motels
198788,Health & Beauty
198795,Restaurants
198807,Restaurants
198810,Restaurants
198833,Restaurants
198840,Real Estate
198848,Health & Beauty
198876,Coffee & Tea
198899,Repair & Maintenance
198908,Miscellaneous
198938,Miscellaneous
198942,Miscellaneous
198946,Miscellaneous
198956,Restaurants
198962,Miscellaneous
198967,Bars & Nightlife
198969,Restaurants
198971,Restaurants
198980,Miscellaneous
198984,Bakery & Desserts
199007,Miscellaneous
199008,Coffee & Tea
199013,Miscellaneous
199027,Automotive Retail
199054,Electrical
199061,Miscellaneous
199069,Restaurants
199074,Medical Offices
199080,Car Wash & Detailing
199108,Restaurants
199109,Restaurants
199117,Miscellaneous
199134,Miscellaneous
199138,Events & Venues
199150,Medical Offices
199156,Coffee & Tea
199172,Specialty Food
199180,Miscellaneous
199189,Miscellaneous
199199,Miscellaneous
199212,Restaurants
199222,Sports & Recreation
199226,Towing & Roadside
199236,Specialty Retail
199243,Telecommunications
199244,Bars & Nightlife
199249,Miscellaneous
199253,Miscellaneous
199285,Restaurants
199287,Arts & Entertainment
199292,Fast Food
199303,Fast Food
199308,Miscellaneous
199314,Restaurants
199333,Miscellaneous
199334,Restaurants
199340,Restaurants
199341,Miscellaneous
199348,Miscellaneous
199349,Pet Services
199350,Miscellaneous
199426,Miscellaneous
199429,Coffee & Tea
199440,Miscellaneous
199445,Fitness & Recreation
199460,Miscellaneous
199462,General Merchandise
199474,Miscellaneous
199538,Automotive Retail
199540,Miscellaneous
199542,Restaurants
199563,Restaurants
199619,Specialty Retail
199623,General Merchandise
199633,Events & Venues
199650,Miscellaneous
199656,Coffee & Tea
199662,Miscellaneous
199670,Restaurants
199673,Miscellaneous
199682,Miscellaneous
199687,Bakery & Desserts
199702,Miscellaneous
199736,Repair & Maintenance
199758,Miscellaneous
199764,Health & Beauty
199769,Miscellaneous
199814,Miscellaneous
199826,Restaurants
199848,Miscellaneous
199860,Health & Beauty
199871,Miscellaneous
199877,Miscellaneous
199896,Legal Services
199899,Miscellaneous
199904,Restaurants
199926,Legal Services
199983,Miscellaneous
200010,Fitness & Recreation
200021,Miscellaneous
200052,Miscellaneous
200060,Miscellaneous
200090,Legal Services
200106,Coffee & Tea
200122,Restaurants
200130,Miscellaneous
200139,Restaurants
200140,Restaurants
200143,Medical Offices
200156,Business Services
200161,Miscellaneous
200172,Restaurants
200173,Miscellaneous
200177,Miscellaneous
200212,Health & Beauty
200213,Fast Food
200246,Restaurants
200256,Miscellaneous
200262,Miscellaneous
200265,Miscellaneous
200266,Coffee & Tea
200271,Restaurants
200275,Coffee & Tea
200280,Coffee & Tea
200281,Miscellaneous
200302,Restaurants
200303,Miscellaneous
200370,Car Wash & Detailing
200484,Business Services
200487,Restaurants
200499,Construction & Contractors
200517,Miscellaneous
200523,Miscellaneous
200536,Restaurants
200554,Miscellaneous
200566,Miscellaneous
200569,Miscellaneous
200574,Specialty Food
200576,IT Services
200584,Construction & Contractors
200608,Restaurants
200616,Miscellaneous
200621,Miscellaneous
200623,Miscellaneous
200624,Fitness & Recreation
200626,Cleaning Services
200632,Miscellaneous
200635,Miscellaneous
200640,Coffee & Tea
200672,General Merchandise
200694,Restaurants
200707,Miscellaneous
200709,Restaurants
200740,Consulting
200750,General Merchandise
200760,Plumbing & HVAC
200768,Miscellaneous
200808,Restaurants
200816,Miscellaneous
200826,Miscellaneous
200838,Miscellaneous
200842,Health & Beauty
200875,Miscellaneous
200882,Miscellaneous
200896,Restaurants
200897,Specialty Food
200903,Miscellaneous
200918,Miscellaneous
200924,Automotive Retail
200930,Miscellaneous
200933,Miscellaneous
200971,Miscellaneous
200986,Restaurants
201011,Fitness & Recreation
201046,Miscellaneous
201077,Miscellaneous
201079,Sports & Recreation
201089,Coffee & Tea
201090,Miscellaneous
201097,Real Estate
201106,Business Services
201118,Miscellaneous
201122,Fitness & Recreation
201152,Restaurants
201159,Miscellaneous
201165,Miscellaneous
201167,Miscellaneous
201180,Miscellaneous
201181,Specialty Retail
201182,Miscellaneous
201186,Automotive Retail
201190,Miscellaneous
201192,Schools
201200,Clothing & Apparel
201243,Restaurants
201257,Miscellaneous
201299,Bars & Nightlife
201316,Miscellaneous
201317,Repair & Maintenance
201331,Health & Beauty
201339,Fast Food
201348,Miscellaneous
201350,Miscellaneous
201355,Restaurants
201431,Miscellaneous
201433,Miscellaneous
201456,Miscellaneous
201468,Restaurants
201469,Miscellaneous
201482,Clothing & Apparel
201502,Hotels & Motels
201508,Specialty Retail
201518,Health & Beauty
201519,Hotels & Motels
201539,Health & Beauty
201546,Miscellaneous
201563,Bars & Nightlife
201564,Restaurants
201579,Bars & Nightlife
201606,Health & Beauty
201608,Home & Garden
201620,Miscellaneous
201644,Miscellaneous
201653,Miscellaneous
201654,Coffee & Tea
201674,Miscellaneous
201681,Automotive Retail
201691,Miscellaneous
201739,Restaurants
201740,Bakery & Desserts
201785,Miscellaneous
201790,Restaurants
201797,Miscellaneous
201801,Specialty Food
201817,Specialty Food
201823,Bars & Nightlife
201832,Miscellaneous
201835,Restaurants
201838,Dry Cleaning & Laundry
201857,Bars & Nightlife
201866,Miscellaneous
201889,Specialty Food
201893,Restaurants
201897,Miscellaneous
201899,Restaurants
201906,Repair & Maintenance
201952,Miscellaneous
201961,Miscellaneous
201974,Miscellaneous
201978,Fitness & Recreation
201995,Telecommunications
202001,Restaurants
202002,Restaurants
202017,Repair & Maintenance
202043,Miscellaneous
202069,Restaurants
202085,Specialty Retail
202089,Clothing & Apparel
202101,Miscellaneous
202112,Towing & Roadside
202191,Clothing & Apparel
202201,Restaurants
202210,Miscellaneous
202223,Miscellaneous
202258,Restaurants
202269,Miscellaneous
202277,Restaurants
202280,Specialty Retail
202284,Medical Offices
202297,Restaurants
202308,Hotels & Motels
202313,Pet Services
202315,Schools
202317,Fitness & Recreation
202352,Miscellaneous
202356,Restaurants
202357,Miscellaneous
202361,Telecommunications
202375,Restaurants
202377,Legal Services
202384,Health & Beauty
202391,Miscellaneous
202424,Restaurants
202459,Repair & Maintenance
202465,Miscellaneous
202492,Restaurants
202494,Construction & Contractors
202496,Events & Venues
202528,Miscellaneous
202533,Landscaping
202534,Health & Beauty
202539,Miscellaneous
202556,Automotive Retail
202559,Bakery & Desserts
202567,General Merchandise
202573,Miscellaneous
202594,Miscellaneous
202626,Restaurants
202637,Restaurants
202643,Miscellaneous
202649,Restaurants
202675,Medical Offices
202680,Miscellaneous
202708,Coffee & Tea
202745,Restaurants
202751,Restaurants
202752,Coffee & Tea
202785,Car Wash & Detailing
202800,Restaurants
202814,Restaurants
202823,Restaurants
202829,Restaurants
202854,Miscellaneous
202856,Clothing & Apparel
202860,Home & Garden
202862,Medical Offices
202869,Construction & Contractors
202873,Specialty Food
202876,Automotive Retail
202887,Home & Garden
202896,Miscellaneous
202901,Miscellaneous
202902,Coffee & Tea
202934,Miscellaneous
202935,Restaurants
202966,Miscellaneous
202969,Coffee & Tea
202974,Miscellaneous
202991,Restaurants
202994,Restaurants
203047,Miscellaneous
203071,Bars & Nightlife
203081,Restaurants
203088,Coffee & Tea
203096,Restaurants
203109,Restaurants
203112,Fast Food
203116,Restaurants
203124,Restaurants
203126,Restaurants
203143,Miscellaneous
203159,Restaurants
203168,Miscellaneous
203172,Restaurants
203177,Restaurants
203182,Restaurants
203188,Restaurants
203190,Restaurants
203194,Automotive Retail
203204,Restaurants
203219,Miscellaneous
203232,Repair & Maintenance
203246,General Merchandise
203247,Bars & Nightlife
203266,Restaurants
203308,Bars & Nightlife
203329,Coffee & Tea
203332,Miscellaneous
203333,Restaurants
203356,Miscellaneous
203363,Miscellaneous
203373,Hotels & Motels
203389,Restaurants
203396,Restaurants
203415,Coffee & Tea
203435,Bars & Nightlife
203459,Medical Offices
203466,Restaurants
203467,Restaurants
203474,Health & Beauty
203513,Restaurants
203518,Restaurants
203533,Miscellaneous
203538,Hotels & Motels
203559,Specialized Healthcare
203560,Restaurants
203564,Restaurants
203580,Restaurants
203593,Restaurants
203603,Restaurants
203618,Home & Garden
203620,Restaurants
203641,Restaurants
203650,Miscellaneous
203661,Restaurants
203662,Restaurants
203666,Restaurants
203681,Miscellaneous
203686,Financial Services
203712,Specialty Food
203718,Restaurants
203755,Hotels & Motels
203758,Restaurants
203767,Bars & Nightlife
203802,Restaurants
203829,Restaurants
203842,Restaurants
203843,Coffee & Tea
203854,Restaurants
203861,Hotels & Motels
203880,Hotels & Motels
203885,Restaurants
203886,Miscellaneous
203915,Miscellaneous
203919,Medical Offices
203935,Restaurants
203937,Restaurants
203951,Restaurants
204009,Coffee & Tea
204023,Restaurants
204036,Restaurants
204053,Hotels & Motels
204061,Miscellaneous
204069,Restaurants
204083,Restaurants
204128,Miscellaneous
204134,General Merchandise
204143,Restaurants
204145,Restaurants
204150,Restaurants
204154,Coffee & Tea
204156,Health & Beauty
204162,Restaurants
204179,Miscellaneous
204184,Miscellaneous
204188,Restaurants
204206,Miscellaneous
204211,Restaurants
204212,Restaurants
204213,Miscellaneous
204214,Restaurants
204242,Restaurants
204249,Car Wash & Detailing
204259,Hotels & Motels
204264,Miscellaneous
204275,Miscellaneous
204285,Restaurants
204293,Miscellaneous
204323,Restaurants
204394,Miscellaneous
204397,Restaurants
204400,Restaurants
204403,Miscellaneous
204412,Restaurants
204436,Restaurants
204439,Miscellaneous
204445,Bars & Nightlife
204447,Restaurants
204468,Coffee & Tea
204491,Miscellaneous
204509,Restaurants
204535,Restaurants
204541,Health & Beauty
204556,Miscellaneous
204566,Bakery & Desserts
204576,Health & Beauty
204604,Fitness & Recreation
204614,Hotels & Motels
204632,Miscellaneous
204651,Health & Beauty
204666,Restaurants
204668,Fast Food
204675,Miscellaneous
204676,Car Wash & Detailing
204684,Specialty Food
204694,Clothing & Apparel
204713,Miscellaneous
204729,Pet Services
204730,Fast Food
204749,Health & Beauty
204758,Miscellaneous
204762,Restaurants
204765,Restaurants
204780,Miscellaneous
204796,Bars & Nightlife
204816,Miscellaneous
204818,Restaurants
204825,Miscellaneous
204826,Miscellaneous
204833,Miscellaneous
204862,Restaurants
204865,Restaurants
204871,Health & Beauty
204875,Miscellaneous
204919,Miscellaneous
204973,Schools
204989,Miscellaneous
205004,Restaurants
205005,General Merchandise
205007,Bars & Nightlife
205011,Restaurants
205060,Fitness & Recreation
205075,Medical Offices
205099,Miscellaneous
205146,Medical Offices
205161,Miscellaneous
205162,Restaurants
205169,Miscellaneous
205179,Fast Food
205191,Coffee & Tea
205194,Miscellaneous
205197,Miscellaneous
205212,Miscellaneous
205215,Restaurants
205219,Miscellaneous
205242,Restaurants
205261,Restaurants
205285,Restaurants
205318,Miscellaneous
205325,Miscellaneous
205327,Miscellaneous
205338,Miscellaneous
205350,Miscellaneous
205369,Bakery & Desserts
205393,Restaurants
205410,Bars & Nightlife
205415,Restaurants
205457,Restaurants
205463,Miscellaneous
205474,Bars & Nightlife
205479,Miscellaneous
205499,Telecommunications
205521,Restaurants
205529,Restaurants
205544,Dry Cleaning & Laundry
205551,Restaurants
205568,Miscellaneous
205578,Medical Offices
205622,Miscellaneous
205624,Miscellaneous
205625,Miscellaneous
205669,Miscellaneous
205686,Coffee & Tea
205689,Miscellaneous
205701,Fast Food
205710,Specialized Healthcare
205711,Miscellaneous
205713,Restaurants
205714,Miscellaneous
205716,Restaurants
205748,Restaurants
205755,Restaurants
205766,Miscellaneous
205780,Miscellaneous
205788,Restaurants
205810,Restaurants
205828,Miscellaneous
205842,Landscaping
205844,Miscellaneous
205871,Hotels & Motels
205873,Medical Offices
205896,Medical Offices
205902,Miscellaneous
205939,Miscellaneous
205948,Restaurants
205968,Hotels & Motels
205970,Clothing & Apparel
205977,Miscellaneous
205993,Coffee & Tea
206008,Restaurants
206011,Miscellaneous
206017,Fast Food
206046,Restaurants
206048,Automotive Retail
206055,Restaurants
206060,Miscellaneous
206065,Miscellaneous
206077,Restaurants
206110,Miscellaneous
206111,Miscellaneous
206120,Restaurants
206163,Restaurants
206180,Miscellaneous
206213,Miscellaneous
206247,Miscellaneous
206248,Miscellaneous
206291,Sports & Recreation
206292,Restaurants
206304,Hotels & Motels
206305,Restaurants
206312,Consulting
206313,Specialty Food
206334,Specialty Food
206347,Car Wash & Detailing
206348,Restaurants
206358,Restaurants
206362,Restaurants
206393,Health & Beauty
206408,Restaurants
206413,Restaurants
206415,Medical Offices
206437,Miscellaneous
206444,Car Wash & Detailing
206462,Clothing & Apparel
206470,Fast Food
206496,Miscellaneous
206538,Restaurants
206565,Restaurants
206598,Miscellaneous
206616,Restaurants
206622,Consulting
206647,Miscellaneous
206648,Miscellaneous
206651,Miscellaneous
206656,Bars & Nightlife
206658,Miscellaneous
206672,Miscellaneous
206699,Restaurants
206708,Miscellaneous
206742,Miscellaneous
206771,Restaurants
206784,Miscellaneous
206794,Sports & Recreation
206801,Miscellaneous
206818,Health & Beauty
206821,IT Services
206841,Clothing & Apparel
206853,Clothing & Apparel
206883,Miscellaneous
206884,Miscellaneous
206947,Medical Offices
206953,Financial Services
206958,Restaurants
207014,Restaurants
207029,Fast Food
207046,Bars & Nightlife
207063,Restaurants
207064,Miscellaneous
207079,Coffee & Tea
207107,Restaurants
207115,Arts & Entertainment
207144,Restaurants
207149,Miscellaneous
207182,Miscellaneous
207198,Clothing & Apparel
207201,Restaurants
207202,Telecommunications
207209,Restaurants
207233,Miscellaneous
207247,Coffee & Tea
207251,Pet Services
207252,Miscellaneous
207265,Health & Beauty
207268,Construction & Contractors
207282,Miscellaneous
207289,Restaurants
207290,Coffee & Tea
207305,Telecommunications
207320,Restaurants
207325,Health & Beauty
207332,Restaurants
207335,Miscellaneous
207346,Restaurants
207370,Specialty Food
207374,Miscellaneous
207375,Miscellaneous
207387,Miscellaneous
207400,Restaurants
207407,Miscellaneous
207408,Miscellaneous
207424,Hotels & Motels
207437,Restaurants
207467,Towing & Roadside
207469,Miscellaneous
207480,Restaurants
207481,Miscellaneous
207495,Cleaning Services
207496,Miscellaneous
207508,Coffee & Tea
207513,Sports & Recreation
207537,Restaurants
207582,Repair & Maintenance
207583,Medical Offices
207587,Miscellaneous
207590,Miscellaneous
207611,Miscellaneous
207612,Medical Offices
207623,Cleaning Services
207626,Miscellaneous
207632,Miscellaneous
207636,Restaurants
207667,Restaurants
207672,Restaurants
207674,Sports & Recreation
207680,Events & Venues
207708,Restaurants
207710,Restaurants
207724,Restaurants
207737,Miscellaneous
207754,Restaurants
207760,Fitness & Recreation
207771,Health & Beauty
207781,Specialty Food
207799,Health & Beauty
207807,Miscellaneous
207825,Coffee & Tea
207847,Miscellaneous
207867,Restaurants
207872,Miscellaneous
207885,Miscellaneous
207889,Miscellaneous
207890,Automotive Retail
207893,Miscellaneous
207937,Restaurants
207947,Pet Services
207958,Restaurants
207964,Miscellaneous
207977,Restaurants
208009,Miscellaneous
208033,Health & Beauty
208042,Restaurants
208060,Construction & Contractors
208067,Hotels & Motels
208076,Consulting
208087,Restaurants
208098,Financial Services
208121,Miscellaneous
208163,Restaurants
208180,Miscellaneous
208187,Legal Services
208191,Miscellaneous
208233,Miscellaneous
208249,Real Estate
208269,Fast Food
208270,Coffee & Tea
208285,Miscellaneous
208294,Miscellaneous
208318,Miscellaneous
208348,Miscellaneous
208349,Arts & Entertainment
208389,Restaurants
208393,Travel Services
208404,Repair & Maintenance
208435,Miscellaneous
208443,Miscellaneous
208448,Medical Offices
208462,Restaurants
208466,Restaurants
208491,Miscellaneous
208497,Fast Food
208504,Travel Services
208514,Restaurants
208517,Real Estate
208524,Automotive Retail
208529,Restaurants
208531,Real Estate
208536,Miscellaneous
208547,Miscellaneous
208548,Miscellaneous
208569,Coffee & Tea
208572,Restaurants
208579,Health & Beauty
208591,Coffee & Tea
208596,Hotels & Motels
208602,Miscellaneous
208612,Home & Garden
208621,Bars & Nightlife
208628,Restaurants
208633,Telecommunications
208638,Restaurants
208647,Bars & Nightlife
208655,Miscellaneous
208665,Miscellaneous
208696,Hotels & Motels
208707,Hotels & Motels
208726,Restaurants
208742,Miscellaneous
208743,Coffee & Tea
208750,Miscellaneous
208780,Repair & Maintenance
208787,Restaurants
208795,Miscellaneous
208802,Restaurants
208803,Miscellaneous
208823,Home & Garden
208828,Bars & Nightlife
208839,Restaurants
208861,Restaurants
208878,Miscellaneous
208890,Miscellaneous
208906,Restaurants
208950,Miscellaneous
208965,Bars & Nightlife
208966,Restaurants
208987,Repair & Maintenance
208996,Restaurants
209010,Restaurants
209046,Miscellaneous
209057,Restaurants
209074,Hotels & Motels
209099,Restaurants
209104,Miscellaneous
209136,Schools
209139,Miscellaneous
209167,Specialty Food
209174,Miscellaneous
209184,Restaurants
209191,Coffee & Tea
209220,Bars & Nightlife
209221,Restaurants
209233,Restaurants
209247,Miscellaneous
209260,Restaurants
209292,Health & Beauty
209296,Restaurants
209297,Coffee & Tea
209306,Repair & Maintenance
209316,Miscellaneous
209317,Financial Services
209355,Hotels & Motels
209361,Automotive Retail
209388,Miscellaneous
209395,Events & Venues
209399,Miscellaneous
209402,Restaurants
209461,Specialty Retail
209462,Miscellaneous
209469,Miscellaneous
209489,Miscellaneous
209494,Miscellaneous
209511,Miscellaneous
209523,Miscellaneous
209526,Repair & Maintenance
209547,Fitness & Recreation
209548,Restaurants
209594,Miscellaneous
209610,Repair & Maintenance
209625,Miscellaneous
209630,Miscellaneous
209648,Miscellaneous
209692,Restaurants
209694,Miscellaneous
209696,Miscellaneous
209699,Restaurants
209711,Restaurants
209717,Legal Services
209720,Plumbing & HVAC
209730,Pharmacy
209733,Restaurants
209739,Plumbing & HVAC
209746,General Merchandise
209754,Bakery & Desserts
209755,Restaurants
209771,Bars & Nightlife
209781,Events & Venues
209783,Miscellaneous
209789,Miscellaneous
209819,Health & Beauty
209838,Telecommunications
209845,Restaurants
209861,Coffee & Tea
209873,Miscellaneous
209881,Miscellaneous
209893,Miscellaneous
209898,Medical Offices
209912,Electrical
209924,Miscellaneous
209925,Restaurants
209945,Miscellaneous
209966,Restaurants
209979,Miscellaneous
210002,Miscellaneous
210016,Restaurants
210029,Medical Offices
210044,Financial Services
210052,Miscellaneous
210069,Travel Services
210112,Health & Beauty
210116,Health & Beauty
210125,Miscellaneous
210146,Restaurants
210159,Construction & Contractors
210167,Financial Services
210188,Restaurants
210196,Health & Beauty
210210,Restaurants
210236,Restaurants
210253,Construction & Contractors
210266,Restaurants
210281,Miscellaneous
210292,Automotive Retail
210328,Hotels & Motels
210330,Miscellaneous
210334,Coffee & Tea
210382,Coffee & Tea
210415,Miscellaneous
210418,Miscellaneous
210461,Miscellaneous
210466,Restaurants
210468,Restaurants
210495,Restaurants
210508,Clothing & Apparel
210532,Miscellaneous
210538,Miscellaneous
210544,Miscellaneous
210559,Miscellaneous
210560,Health & Beauty
210564,Restaurants
210583,Miscellaneous
210593,Fast Food
210600,Clothing & Apparel
210605,Miscellaneous
210621,Miscellaneous
210637,Fast Food
210638,Restaurants
210664,Restaurants
210682,Miscellaneous
210686,Hotels & Motels
210687,Restaurants
210691,Miscellaneous
210713,Alternative Lodging
210729,Hotels & Motels
210752,Restaurants
210755,Automotive Retail
210757,Medical Offices
210767,Clothing & Apparel
210783,Restaurants
210787,Car Wash & Detailing
210796,Hotels & Motels
210807,Miscellaneous
210816,Consulting
210824,Restaurants
210826,Miscellaneous
210840,Coffee & Tea
210867,Restaurants
210868,Restaurants
210874,Restaurants
210882,Restaurants
210898,Car Wash & Detailing
210917,Restaurants
210932,Specialty Food
210945,Health & Beauty
210960,Fast Food
210971,Restaurants
210982,Home & Garden
210998,Restaurants
211000,Restaurants
211004,Bars & Nightlife
211018,Restaurants
211028,Miscellaneous
211029,Restaurants
211062,Restaurants
211065,Miscellaneous
211067,Miscellaneous
211075,Miscellaneous
211083,Miscellaneous
211095,Restaurants
211101,Repair & Maintenance
211102,Coffee & Tea
211103,Miscellaneous
211133,Miscellaneous
211134,Restaurants
211141,Hotels & Motels
211151,Restaurants
211160,Restaurants
211174,Restaurants
211192,Restaurants
211202,Hotels & Motels
211219,Restaurants
211222,Arts & Entertainment
211233,Restaurants
211243,Restaurants
211254,Restaurants
211266,Restaurants
211279,Restaurants
211298,Restaurants
211303,Sports & Recreation
211317,Coffee & Tea
211326,Restaurants
211332,Specialty Food
211334,Restaurants
211343,Miscellaneous
211388,Repair & Maintenance
211391,Fast Food
211396,General Merchandise
211408,Miscellaneous
211409,Miscellaneous
211426,Restaurants
211435,Miscellaneous
211439,Miscellaneous
211440,Restaurants
211451,Medical Offices
211494,Pet Services
211496,Restaurants
211507,Restaurants
211524,Restaurants
211537,Restaurants
211539,Consulting
211550,Miscellaneous
211573,Miscellaneous
211591,Miscellaneous
211609,Miscellaneous
211625,Miscellaneous
211636,Miscellaneous
211645,Restaurants
211663,Schools
211665,Clothing & Apparel
211677,Miscellaneous
211697,Miscellaneous
211710,Clothing & Apparel
211721,Restaurants
211738,Coffee & Tea
211741,Restaurants
211748,Electrical
211752,Miscellaneous
211756,Restaurants
211766,Restaurants
211769,Restaurants
211779,Home & Garden
211780,Coffee & Tea
211783,Fast Food
211794,Restaurants
211798,Bars & Nightlife
211800,Restaurants
211812,Restaurants
211814,Miscellaneous
211883,Restaurants
211898,Restaurants
211909,Miscellaneous
211916,Miscellaneous
211933,Restaurants
211948,Restaurants
211961,Restaurants
211964,Fitness & Recreation
211968,Restaurants
211993,Arts & Entertainment
211995,Restaurants
211996,Restaurants
212004,Coffee & Tea
212028,Miscellaneous
212037,Health & Beauty
212053,Miscellaneous
212061,Fast Food
212065,Miscellaneous
212073,Bars & Nightlife
212082,Miscellaneous
212085,Construction & Contractors
212157,Miscellaneous
212159,Financial Services
212168,Miscellaneous
212182,Restaurants
212184,Miscellaneous
212190,Miscellaneous
212200,Schools
212207,Dry Cleaning & Laundry
212232,Miscellaneous
212239,Restaurants
212241,Miscellaneous
212279,Miscellaneous
212280,Hotels & Motels
212284,Miscellaneous
212308,Restaurants
212328,Restaurants
212342,Restaurants
212361,Restaurants
212367,Restaurants
212372,Coffee & Tea
212402,Restaurants
212408,Miscellaneous
212423,Miscellaneous
212424,Restaurants
212432,Restaurants
212444,Miscellaneous
212455,Restaurants
212466,Miscellaneous
212467,Bakery & Desserts
212470,Restaurants
212483,Restaurants
212488,Miscellaneous
212496,Car Wash & Detailing
212503,Fast Food
212518,Miscellaneous
212524,Hotels & Motels
212571,Coffee & Tea
212572,Restaurants
212575,Restaurants
212577,Miscellaneous
212591,Specialty Food
212596,Restaurants
212597,Restaurants
212631,Coffee & Tea
212635,Restaurants
212640,Restaurants
212647,Restaurants
212685,Coffee & Tea
212692,Miscellaneous
212713,Miscellaneous
212718,Restaurants
212750,Miscellaneous
212755,Miscellaneous
212757,Health & Beauty
212759,Restaurants
212795,Coffee & Tea
212805,Coffee & Tea
212806,Miscellaneous
212810,Restaurants
212814,Hotels & Motels
212816,Miscellaneous
212820,Automotive Retail
212838,General Merchandise
212843,Miscellaneous
212859,Specialized Healthcare
212872,Miscellaneous
212875,Miscellaneous
212892,General Merchandise
212898,Restaurants
212947,Miscellaneous
212954,Miscellaneous
212955,Coffee & Tea
212988,Miscellaneous
212999,Miscellaneous
213012,Miscellaneous
213024,Miscellaneous
213030,Restaurants
213044,Schools
213066,Miscellaneous
213080,Miscellaneous
213082,Miscellaneous
213083,Financial Services
213091,Restaurants
213116,Repair & Maintenance
213126,Health & Beauty
213159,Car Wash & Detailing
213162,Miscellaneous
213208,Restaurants
213211,Miscellaneous
213265,Miscellaneous
213268,Telecommunications
213281,Miscellaneous
213287,Fitness & Recreation
213292,Miscellaneous
213295,Restaurants
213300,Bars & Nightlife
213334,Restaurants
213350,Bars & Nightlife
213378,Miscellaneous
213379,Restaurants
213391,Coffee & Tea
213418,Construction & Contractors
213419,Miscellaneous
213421,Coffee & Tea
213435,Restaurants
213436,Miscellaneous
213437,Miscellaneous
213444,Health & Beauty
213459,Medical Offices
213471,Specialty Retail
213524,Coffee & Tea
213543,Restaurants
213545,General Merchandise
213563,Travel Services
213564,Restaurants
213583,Telecommunications
213587,Health & Beauty
213618,Restaurants
213625,Miscellaneous
213660,Car Wash & Detailing
213664,Miscellaneous
213672,Miscellaneous
213676,Restaurants
213680,Miscellaneous
213697,Coffee & Tea
213708,Fitness & Recreation
213745,Restaurants
213756,Miscellaneous
213767,Restaurants
213771,Restaurants
213787,Coffee & Tea
213800,Miscellaneous
213809,Miscellaneous
213827,Restaurants
213840,Coffee & Tea
213842,Electrical
213852,Miscellaneous
213861,Miscellaneous
213872,Restaurants
213881,Restaurants
213917,Restaurants
213937,Miscellaneous
213958,Health & Beauty
213968,Miscellaneous
213971,Coffee & Tea
213975,Miscellaneous
213976,Miscellaneous
213986,Restaurants
214022,Restaurants
214056,Miscellaneous
214060,Hotels & Motels
214068,Repair & Maintenance
214078,Miscellaneous
214096,Miscellaneous
214118,Restaurants
214160,Consulting
214199,Towing & Roadside
214206,Restaurants
214219,Repair & Maintenance
214226,Specialty Food
214229,Miscellaneous
214238,Miscellaneous
214259,Bars & Nightlife
214289,Construction & Contractors
214298,Medical Offices
214306,Restaurants
214308,Restaurants
214339,Restaurants
214349,Restaurants
214361,Pet Services
214385,Specialty Food
214389,Restaurants
214394,Restaurants
214396,Restaurants
214420,Restaurants
214425,Restaurants
214448,Miscellaneous
214463,Construction & Contractors
214467,Miscellaneous
214471,Coffee & Tea
214484,Home & Garden
214486,Restaurants
214498,Restaurants
214509,Miscellaneous
214516,Restaurants
214517,Miscellaneous
214520,Miscellaneous
214539,Restaurants
214540,Restaurants
214554,Coffee & Tea
214561,Restaurants
214576,Restaurants
214581,Restaurants
214583,Restaurants
214585,Miscellaneous
214588,Coffee & Tea
214604,Restaurants
214636,Restaurants
214644,Business Services
214659,Miscellaneous
214670,Restaurants
214689,Coffee & Tea
214698,Restaurants
214708,Miscellaneous
214712,Bars & Nightlife
214731,Restaurants
214738,Coffee & Tea
214740,Miscellaneous
214746,Restaurants
214750,Bars & Nightlife
214776,Restaurants
214778,Restaurants
214779,Miscellaneous
214804,Miscellaneous
214808,Miscellaneous
214829,Miscellaneous
214851,Health & Beauty
214870,Bars & Nightlife
214875,Restaurants
214876,Restaurants
214908,Miscellaneous
214915,Landscaping
214930,Restaurants
214931,Coffee & Tea
214939,Miscellaneous
214940,Bars & Nightlife
214950,Events & Venues
214994,Miscellaneous
215001,Restaurants
215005,Consulting
215014,Restaurants
215020,Miscellaneous
215022,Sports & Recreation
215036,Miscellaneous
215046,Restaurants
215049,Bars & Nightlife
215067,Miscellaneous
215078,Bakery & Desserts
215090,Fast Food
215115,Fast Food
215125,Restaurants
215150,Bakery & Desserts
215170,Restaurants
215214,Miscellaneous
215239,Restaurants
215240,Miscellaneous
215249,Sports & Recreation
215256,Miscellaneous
215260,Miscellaneous
215263,Real Estate
215268,Construction & Contractors
215287,Miscellaneous
215290,Specialty Food
215328,Restaurants
215329,Miscellaneous
215337,Fitness & Recreation
215345,Restaurants
215358,Miscellaneous
215363,Miscellaneous
215381,Restaurants
215390,Medical Offices
215415,Miscellaneous
215451,Bars & Nightlife
215452,Miscellaneous
215462,Miscellaneous
215465,Repair & Maintenance
215477,Bars & Nightlife
215488,Miscellaneous
215499,Miscellaneous
215504,Miscellaneous
215510,Clothing & Apparel
215517,Miscellaneous
215523,Restaurants
215524,Restaurants
215530,Miscellaneous
215549,Miscellaneous
215574,Restaurants
215578,Miscellaneous
215585,Home & Garden
215617,Restaurants
215636,Specialty Food
215637,Arts & Entertainment
215649,Miscellaneous
215653,Miscellaneous
215673,Restaurants
215685,Medical Offices
215698,Miscellaneous
215714,Automotive Retail
215724,Construction & Contractors
215727,Miscellaneous
215732,Miscellaneous
215752,Specialty Retail
215755,Miscellaneous
215767,Miscellaneous
215778,Miscellaneous
215779,Restaurants
215782,Construction & Contractors
215793,Telecommunications
215802,Construction & Contractors
215805,Miscellaneous
215806,Miscellaneous
215807,Restaurants
215809,Home & Garden
215810,Miscellaneous
215829,Repair & Maintenance
215843,Miscellaneous
215863,Coffee & Tea
215878,Restaurants
215880,Miscellaneous
215883,Miscellaneous
215911,Restaurants
215918,Miscellaneous
215920,Automotive Retail
215923,Restaurants
215924,Restaurants
215929,Clothing & Apparel
215955,Miscellaneous
215977,Miscellaneous
215978,Miscellaneous
215979,Car Wash & Detailing
215980,Bakery & Desserts
215985,Restaurants
215992,Miscellaneous
216001,Miscellaneous
216041,Restaurants
216045,Miscellaneous
216054,Restaurants
216074,Pet Services
216081,Restaurants
216093,Miscellaneous
216094,Restaurants
216110,Miscellaneous
216123,Coffee & Tea
216133,Repair & Maintenance
216151,Miscellaneous
216177,Specialty Food
216187,Restaurants
216198,Bars & Nightlife
216206,Miscellaneous
216207,Miscellaneous
216212,Miscellaneous
216225,Coffee & Tea
216276,Restaurants
216283,Miscellaneous
216298,Health & Beauty
216300,Home & Garden
216306,Miscellaneous
216313,Automotive Retail
216345,Clothing & Apparel
216364,Specialty Food
216373,Coffee & Tea
216389,Miscellaneous
216399,Health & Beauty
216418,Restaurants
216443,Restaurants
216466,Real Estate
216471,Clothing & Apparel
216478,Cleaning Services
216482,Miscellaneous
216483,Miscellaneous
216484,Restaurants
216489,Dry Cleaning & Laundry
216498,Restaurants
216500,Health & Beauty
216511,Miscellaneous
216535,Health & Beauty
216565,Health & Beauty
216586,Miscellaneous
216595,Health & Beauty
216622,Restaurants
216633,Health & Beauty
216650,Hotels & Motels
216654,Repair & Maintenance
216672,Miscellaneous
216678,Specialty Retail
216728,Miscellaneous
216735,Miscellaneous
216746,Restaurants
216762,Arts & Entertainment
216774,Miscellaneous
216782,Miscellaneous
216783,Health & Beauty
216802,Miscellaneous
216809,Restaurants
216828,Specialty Food
216829,Restaurants
216830,Health & Beauty
216832,Restaurants
216838,Restaurants
216839,Clothing & Apparel
216854,Miscellaneous
216869,Miscellaneous
216891,Repair & Maintenance
216898,Miscellaneous
216917,Sports & Recreation
216921,Miscellaneous
216945,Miscellaneous
216960,Miscellaneous
216981,Medical Offices
217054,Coffee & Tea
217058,Restaurants
217060,Miscellaneous
217064,Miscellaneous
217073,Construction & Contractors
217080,Miscellaneous
217097,Miscellaneous
217116,Restaurants
217131,Schools
217139,Specialized Healthcare
217151,Restaurants
217159,Miscellaneous
217163,Miscellaneous
217200,Miscellaneous
217223,Bars & Nightlife
217241,Miscellaneous
217244,Miscellaneous
217271,Restaurants
217275,Restaurants
217282,Miscellaneous
217289,Plumbing & HVAC
217328,Restaurants
217329,Coffee & Tea
217357,Restaurants
217358,Arts & Entertainment
217364,Medical Offices
217400,Restaurants
217403,Fast Food
217421,Miscellaneous
217432,Miscellaneous
217485,Miscellaneous
217495,Miscellaneous
217545,Bars & Nightlife
217557,Telecommunications
217558,Miscellaneous
217565,Restaurants
217574,Health & Beauty
217607,Restaurants
217610,Bars & Nightlife
217627,Miscellaneous
217682,Restaurants
217695,Coffee & Tea
217702,Miscellaneous
217703,Bars & Nightlife
217723,Miscellaneous
217750,Restaurants
217754,Restaurants
217757,Hotels & Motels
217759,Restaurants
217764,Restaurants
217790,Miscellaneous
217793,Bars & Nightlife
217796,Restaurants
217810,Bakery & Desserts
217825,Repair & Maintenance
217865,Bakery & Desserts
217875,Miscellaneous
217876,Miscellaneous
217896,Legal Services
217899,Restaurants
217932,Miscellaneous
217936,Automotive Retail
217947,Miscellaneous
217970,Miscellaneous
218001,Miscellaneous
218051,Miscellaneous
218067,Miscellaneous
218070,Health & Beauty
218086,Restaurants
218100,Bars & Nightlife
218104,Clothing & Apparel
218109,Miscellaneous
218112,Restaurants
218114,Miscellaneous
218118,Bars & Nightlife
218121,Real Estate
218132,Miscellaneous
218136,Miscellaneous
218148,Restaurants
218152,Dry Cleaning & Laundry
218155,Fast Food
218158,Miscellaneous
218161,Financial Services
218165,Restaurants
218193,Restaurants
218198,Miscellaneous
218202,Miscellaneous
218206,Miscellaneous
218209,Repair & Maintenance
218229,Restaurants
218234,Miscellaneous
218267,Coffee & Tea
218271,Restaurants
218293,Specialty Retail
218298,Restaurants
218302,Restaurants
218321,Miscellaneous
218352,Fitness & Recreation
218357,Miscellaneous
218362,Miscellaneous
218369,Travel Services
218377,Miscellaneous
218386,Miscellaneous
218404,Bars & Nightlife
218412,Miscellaneous
218422,General Merchandise
218431,Restaurants
218520,Miscellaneous
218547,Health & Beauty
218579,Schools
218595,Miscellaneous
218624,Bars & Nightlife
218638,Repair & Maintenance
218641,Medical Offices
218690,Miscellaneous
218705,Miscellaneous
218740,Miscellaneous
218741,Miscellaneous
218744,Miscellaneous
218772,Repair & Maintenance
218802,Health & Beauty
218880,Restaurants
218893,Medical Offices
218906,Consulting
218913,Restaurants
218942,Miscellaneous
218956,Miscellaneous
218965,Miscellaneous
218973,Restaurants
218977,Coffee & Tea
218989,Legal Services
218999,Health & Beauty
219027,Health & Beauty
219037,Health & Beauty
219050,Restaurants
219053,Fast Food
219054,Health & Beauty
219057,Financial Services
219064,Miscellaneous
219111,Restaurants
219114,Fast Food
219120,Restaurants
219159,Restaurants
219160,Miscellaneous
219177,Miscellaneous
219184,Restaurants
219190,Restaurants
219199,Fast Food
219214,Miscellaneous
219244,Miscellaneous
219265,Restaurants
219266,Restaurants
219278,Miscellaneous
219305,Restaurants
219315,Arts & Entertainment
219317,Miscellaneous
219368,Miscellaneous
219370,Repair & Maintenance
219405,Restaurants
219406,Business Services
219417,Construction & Contractors
219451,Pet Services
219456,Restaurants
219474,Bars & Nightlife
219477,Medical Offices
219527,Miscellaneous
219533,Miscellaneous
219535,Schools
219542,Car Wash & Detailing
219553,Restaurants
219555,Miscellaneous
219568,Miscellaneous
219580,Repair & Maintenance
219598,Miscellaneous
219620,Miscellaneous
219625,Restaurants
219627,Miscellaneous
219641,Repair & Maintenance
219652,Miscellaneous
219654,Miscellaneous
219667,Restaurants
219688,Miscellaneous
219694,Restaurants
219705,Miscellaneous
219715,Restaurants
219717,Miscellaneous
219730,Telecommunications
219734,Bars & Nightlife
219745,Miscellaneous
219761,Specialty Food
219768,Restaurants
219779,Restaurants
219817,Miscellaneous
219834,Restaurants
219878,Miscellaneous
219893,Events & Venues
219905,Miscellaneous
219913,Miscellaneous
219961,Financial Services
219966,Miscellaneous
219973,Miscellaneous
219983,Restaurants
219986,Miscellaneous
220023,Miscellaneous
220030,Restaurants
220033,Miscellaneous
220055,Arts & Entertainment
220056,Restaurants
220071,Restaurants
220091,Miscellaneous
220117,Miscellaneous
220120,Miscellaneous
220142,Fitness & Recreation
220146,Restaurants
220149,Restaurants
220156,Coffee & Tea
220161,Fitness & Recreation
220167,Miscellaneous
220181,Medical Offices
220194,Fast Food
220202,Miscellaneous
220208,Health & Beauty
220209,Miscellaneous
220222,Miscellaneous
220248,Miscellaneous
220258,Miscellaneous
220259,Miscellaneous
220269,Bakery & Desserts
220273,Telecommunications
220286,Schools
220310,Miscellaneous
220349,Repair & Maintenance
220359,Repair & Maintenance
220376,Restaurants
220382,Miscellaneous
220386,Health & Beauty
220387,Health & Beauty
220389,Miscellaneous
220390,Restaurants
220397,Miscellaneous
220406,Miscellaneous
220407,Restaurants
220413,Miscellaneous
220431,Restaurants
220432,Fitness & Recreation
220478,Miscellaneous
220482,Miscellaneous
220489,Restaurants
220491,Travel Services
220502,Health & Beauty
220507,Miscellaneous
220516,Restaurants
220520,Business Services
220529,Restaurants
220558,Miscellaneous
220578,Restaurants
220581,Miscellaneous
220619,Bars & Nightlife
220631,Restaurants
220632,Specialty Retail
220638,Restaurants
220649,Restaurants
220654,Miscellaneous
220683,Miscellaneous
220690,Sports & Recreation
220695,Telecommunications
220705,Bars & Nightlife
220708,Restaurants
220714,Miscellaneous
220728,Fitness & Recreation
220749,Restaurants
220754,Arts & Entertainment
220765,Bars & Nightlife
220766,Restaurants
220788,Miscellaneous
220793,Miscellaneous
220799,Home & Garden
220807,Coffee & Tea
220808,Miscellaneous
220815,Specialty Retail
220823,Restaurants
220869,Coffee & Tea
220871,Construction & Contractors
220884,Specialty Food
220921,Miscellaneous
220943,Miscellaneous
220947,Restaurants
220950,Miscellaneous
220963,Health & Beauty
220974,Restaurants
221007,Hotels & Motels
221027,Repair & Maintenance
221042,Miscellaneous
221044,Restaurants
221056,Miscellaneous
221057,Coffee & Tea
221087,Miscellaneous
221089,Miscellaneous
221095,Restaurants
221111,Coffee & Tea
221114,Telecommunications
221127,Coffee & Tea
221130,Miscellaneous
221134,Coffee & Tea
221149,Medical Offices
221174,Miscellaneous
221177,Restaurants
221209,Dry Cleaning & Laundry
221238,Bakery & Desserts
221242,Car Wash & Detailing
221246,Medical Offices
221247,Miscellaneous
221277,Miscellaneous
221287,Miscellaneous
221323,Schools
221328,Automotive Retail
221335,Miscellaneous
221353,Miscellaneous
221366,Miscellaneous
221368,Hotels & Motels
221383,Miscellaneous
221389,Pet Services
221390,Business Services
221404,Coffee & Tea
221406,Automotive Retail
221407,Health & Beauty
221418,Fitness & Recreation
221429,Medical Offices
221438,Miscellaneous
221451,Repair & Maintenance
221461,Automotive Retail
221465,Miscellaneous
221504,Miscellaneous
221551,Miscellaneous
221554,Health & Beauty
221582,Coffee & Tea
221587,Miscellaneous
221593,Bars & Nightlife
221618,Specialty Food
221622,Restaurants
221623,Financial Services
221632,Bars & Nightlife
221672,Miscellaneous
221688,Specialty Retail
221692,Travel Services
221713,Coffee & Tea
221720,Restaurants
221725,Health & Beauty
221729,Car Wash & Detailing
221765,Real Estate
221768,Miscellaneous
221803,Restaurants
221821,Automotive Retail
221848,Miscellaneous
221849,Miscellaneous
221854,Miscellaneous
221884,Medical Offices
221889,Business Services
221927,IT Services
221935,Miscellaneous
221936,Miscellaneous
221941,Specialty Retail
221959,Automotive Retail
221968,Miscellaneous
221973,Restaurants
221980,Miscellaneous
221994,Restaurants
222024,Miscellaneous
222028,Restaurants
222031,Consulting
222034,Restaurants
222053,Restaurants
222057,Schools
222063,Bars & Nightlife
222066,Home & Garden
222069,Fitness & Recreation
222086,Specialty Food
222092,Miscellaneous
222100,Clothing & Apparel
222103,Miscellaneous
222125,Specialty Food
222147,Specialized Healthcare
222153,Bars & Nightlife
222162,Restaurants
222188,Electrical
222204,Miscellaneous
222217,Restaurants
222224,Miscellaneous
222230,Financial Services
222249,Miscellaneous
222300,Restaurants
222315,Restaurants
222335,Restaurants
222349,Financial Services
222374,Miscellaneous
222384,Restaurants
222389,Miscellaneous
222391,Miscellaneous
222404,General Merchandise
222407,Restaurants
222408,Real Estate
222436,Medical Offices
222440,Restaurants
222452,Repair & Maintenance
222471,Miscellaneous
222476,Restaurants
222480,Restaurants
222490,Fitness & Recreation
222494,Coffee & Tea
222495,Restaurants
222497,Health & Beauty
222536,Restaurants
222544,Miscellaneous
222549,Restaurants
222551,Restaurants
222552,Restaurants
222571,Restaurants
222581,Restaurants
222622,Restaurants
222668,Miscellaneous
222678,Miscellaneous
222711,Restaurants
222714,Miscellaneous
222750,Bars & Nightlife
222756,Miscellaneous
222774,Coffee & Tea
222795,Bars & Nightlife
222846,Medical Offices
222860,Miscellaneous
222865,Fast Food
222866,Restaurants
222873,Sports & Recreation
222880,IT Services
222883,Telecommunications
222893,Fitness & Recreation
222911,Financial Services
222915,Miscellaneous
222918,Sports & Recreation
222922,Medical Offices
222929,Miscellaneous
222931,Miscellaneous
222941,Health & Beauty
222948,Restaurants
222956,Repair & Maintenance
222964,Specialty Food
222980,Miscellaneous
222998,Repair & Maintenance
223000,Health & Beauty
223001,Specialized Healthcare
223009,Hotels & Motels
223012,Miscellaneous
223018,Cleaning Services
223032,Miscellaneous
223049,Miscellaneous
223066,Restaurants
223067,Miscellaneous
223073,Miscellaneous
223078,Repair & Maintenance
223081,Bars & Nightlife
223092,Miscellaneous
223119,Restaurants
223120,Miscellaneous
223157,Pharmacy
223193,Restaurants
223204,Miscellaneous
223214,Automotive Retail
223216,Real Estate
223229,Miscellaneous
223247,Restaurants
223262,Bars & Nightlife
223273,Miscellaneous
223275,Financial Services
223294,Miscellaneous
223322,Miscellaneous
223344,Restaurants
223365,Restaurants
223370,Miscellaneous
223396,Miscellaneous
223399,Restaurants
223408,Consulting
223414,Fitness & Recreation
223482,IT Services
223487,Restaurants
223499,Miscellaneous
223517,Miscellaneous
223540,Construction & Contractors
223567,Restaurants
223612,Restaurants
223618,Miscellaneous
223625,Restaurants
223629,Bars & Nightlife
223650,Miscellaneous
223663,Miscellaneous
223684,Restaurants
223687,Bars & Nightlife
223725,Bars & Nightlife
223726,Miscellaneous
223752,Repair & Maintenance
223761,Restaurants
223762,Bars & Nightlife
223764,Fast Food
223793,Restaurants
223794,Schools
223799,Restaurants
223808,Miscellaneous
223812,Restaurants
223813,Electrical
223814,Restaurants
223846,Miscellaneous
223857,Hotels & Motels
223860,Restaurants
223885,Bars & Nightlife
223907,Restaurants
223917,Miscellaneous
223924,Medical Offices
223947,General Merchandise
223956,Restaurants
223968,Miscellaneous
223983,Consulting
223985,Restaurants
223990,Miscellaneous
223991,Bars & Nightlife
224006,Restaurants
224009,Miscellaneous
224017,Restaurants
224025,Restaurants
224048,Automotive Retail
224066,Miscellaneous
224068,Financial Services
224090,Events & Venues
224119,Bars & Nightlife
224134,Restaurants
224155,Miscellaneous
224159,Restaurants
224177,Miscellaneous
224181,Miscellaneous
224184,Miscellaneous
224189,Miscellaneous
224192,Health & Beauty
224197,Miscellaneous
224200,Specialty Food
224201,Restaurants
224202,Miscellaneous
224210,Pet Services
224219,Pet Services
224229,Fitness & Recreation
224237,Miscellaneous
224245,Repair & Maintenance
224263,Pet Services
224269,Miscellaneous
224277,Miscellaneous
224280,Miscellaneous
224321,Miscellaneous
224327,Miscellaneous
224391,Restaurants
224394,Restaurants
224395,Arts & Entertainment
224431,Towing & Roadside
224436,Clothing & Apparel
224438,Miscellaneous
224444,Restaurants
224451,Bars & Nightlife
224452,Miscellaneous
224458,Health & Beauty
224459,Electrical
224469,Bars & Nightlife
224486,Repair & Maintenance
224495,Miscellaneous
224505,Restaurants
224514,Restaurants
224526,Restaurants
224541,Miscellaneous
224546,Miscellaneous
224619,Miscellaneous
224628,Hotels & Motels
224634,Medical Offices
224638,Fast Food
224653,Restaurants
224654,Restaurants
224665,Restaurants
224667,Miscellaneous
224671,Miscellaneous
224672,Restaurants
224706,Miscellaneous
224728,General Merchandise
224751,Miscellaneous
224756,Restaurants
224775,Repair & Maintenance
224789,Restaurants
224793,Miscellaneous
224814,Specialty Food
224815,Legal Services
224821,Bakery & Desserts
224822,Hotels & Motels
224824,Restaurants
224830,Bars & Nightlife
224837,Miscellaneous
224838,Miscellaneous
224874,Restaurants
224899,Medical Offices
224902,Financial Services
224905,Restaurants
224911,Construction & Contractors
224936,Restaurants
224941,Miscellaneous
224956,Coffee & Tea
224972,Restaurants
224978,Specialty Retail
224979,Miscellaneous
224988,Miscellaneous
225007,Hotels & Motels
225055,Restaurants
225057,Miscellaneous
225063,Miscellaneous
225075,Miscellaneous
225079,Medical Offices
225096,Miscellaneous
225104,Health & Beauty
225111,Restaurants
225140,Miscellaneous
225147,Restaurants
225149,Miscellaneous
225171,Fitness & Recreation
225187,Legal Services
225188,Restaurants
225203,Health & Beauty
225208,Miscellaneous
225212,Specialty Food
225213,Restaurants
225259,Health & Beauty
225262,Miscellaneous
225306,Restaurants
225330,Medical Offices
225345,Restaurants
225360,Miscellaneous
225365,Miscellaneous
225378,Telecommunications
225403,Specialized Healthcare
225405,Miscellaneous
225422,Miscellaneous
225434,Miscellaneous
225444,Restaurants
225461,Hotels & Motels
225483,Restaurants
225514,Specialty Food
225518,Restaurants
225530,Miscellaneous
225579,Restaurants
225597,Fast Food
225601,Bars & Nightlife
225603,Miscellaneous
225615,Miscellaneous
225635,Miscellaneous
225646,Restaurants
225677,Miscellaneous
225691,Automotive Retail
225705,Miscellaneous
225721,Health & Beauty
225734,Automotive Retail
225736,Restaurants
225744,Restaurants
225774,Coffee & Tea
225784,Repair & Maintenance
225786,Miscellaneous
225804,Repair & Maintenance
225806,Restaurants
225809,Specialty Food
225810,Medical Offices
225814,Automotive Retail
225818,Restaurants
225824,Home & Garden
225830,Schools
225831,Repair & Maintenance
225853,Miscellaneous
225865,Miscellaneous
225884,Fitness & Recreation
225891,Miscellaneous
225894,Restaurants
225903,Medical Offices
225905,Restaurants
225916,Home & Garden
225929,Restaurants
225937,Miscellaneous
225957,Miscellaneous
225966,Miscellaneous
225979,Arts & Entertainment
225981,Restaurants
225984,Miscellaneous
225989,Medical Offices
225999,Miscellaneous
226006,Restaurants
226010,Miscellaneous
226045,Miscellaneous
226049,Restaurants
226051,Coffee & Tea
226071,Restaurants
226110,Restaurants
226145,Restaurants
226146,Bars & Nightlife
226148,Medical Offices
226150,Repair & Maintenance
226151,Bakery & Desserts
226173,Restaurants
226180,Restaurants
226203,Specialized Healthcare
226220,Restaurants
226221,Miscellaneous
226239,Coffee & Tea
226243,Restaurants
226258,Miscellaneous
226273,Miscellaneous
226278,Pet Services
226296,Restaurants
226303,Miscellaneous
226306,Medical Offices
226311,Schools
226339,Miscellaneous
226340,Sports & Recreation
226343,Health & Beauty
226357,Miscellaneous
226367,Miscellaneous
226371,Health & Beauty
226376,Miscellaneous
226379,Fitness & Recreation
226388,Towing & Roadside
226390,Miscellaneous
226416,Bars & Nightlife
226419,Restaurants
226423,Restaurants
226434,Miscellaneous
226461,Miscellaneous
226462,Miscellaneous
226464,Automotive Retail
226466,Miscellaneous
226486,Restaurants
226498,Miscellaneous
226507,Restaurants
226519,Restaurants
226535,Coffee & Tea
226570,General Merchandise
226573,Miscellaneous
226617,Hotels & Motels
226620,Restaurants
226623,Miscellaneous
226629,Coffee & Tea
226643,Miscellaneous
226649,Miscellaneous
226651,Medical Offices
226667,Health & Beauty
226668,Telecommunications
226674,Restaurants
226675,Health & Beauty
226698,Restaurants
226699,Restaurants
226703,Miscellaneous
226705,Construction & Contractors
226708,IT Services
226721,Clothing & Apparel
226728,Specialty Food
226739,Miscellaneous
226740,Fitness & Recreation
226760,Restaurants
226775,Miscellaneous
226784,Cleaning Services
226787,Miscellaneous
226792,Miscellaneous
226793,Real Estate
226797,Specialty Food
226820,Automotive Retail
226831,Car Wash & Detailing
226833,Miscellaneous
226874,Restaurants
226875,Medical Offices
226882,Health & Beauty
226888,Restaurants
226895,Restaurants
226899,Restaurants
226911,Miscellaneous
226915,Construction & Contractors
226933,Restaurants
226938,Bakery & Desserts
226942,Miscellaneous
226951,Miscellaneous
226953,Restaurants
226956,Restaurants
226959,Miscellaneous
226969,General Merchandise
227003,Restaurants
227007,Health & Beauty
227010,Miscellaneous
227033,Clothing & Apparel
227051,Bars & Nightlife
227055,Restaurants
227064,Health & Beauty
227066,Restaurants
227083,Fast Food
227087,Specialty Food
227103,Repair & Maintenance
227118,Specialty Food
227120,Restaurants
227121,Miscellaneous
227122,Restaurants
227133,Coffee & Tea
227135,Health & Beauty
227159,Pet Services
227164,Financial Services
227167,Miscellaneous
227169,Restaurants
227171,Specialty Food
227184,Miscellaneous
227185,Fast Food
227186,Restaurants
227203,Repair & Maintenance
227211,Restaurants
227213,Medical Offices
227248,Miscellaneous
227272,Restaurants
227281,General Merchandise
227284,Home & Garden
227286,General Merchandise
227304,Events & Venues
227333,Medical Offices
227341,Miscellaneous
227358,Hotels & Motels
227359,Construction & Contractors
227376,Miscellaneous
227389,Miscellaneous
227393,Restaurants
227394,Restaurants
227397,Miscellaneous
227411,Restaurants
227455,Automotive Retail
227457,Specialty Food
227478,Miscellaneous
227479,Medical Offices
227487,Miscellaneous
227489,Bars & Nightlife
227551,Miscellaneous
227574,Miscellaneous
227578,Miscellaneous
227607,Restaurants
227626,Financial Services
227630,Restaurants
227691,Automotive Retail
227707,Miscellaneous
227721,Miscellaneous
227722,Repair & Maintenance
227723,Restaurants
227741,Miscellaneous
227755,Coffee & Tea
227767,Bars & Nightlife
227778,Miscellaneous
227783,Miscellaneous
227787,Miscellaneous
227799,Miscellaneous
227811,Restaurants
227812,Miscellaneous
227838,Dry Cleaning & Laundry
227862,Schools
227864,Bars & Nightlife
227895,Restaurants
227922,Fast Food
227929,Miscellaneous
227969,Miscellaneous
227977,Miscellaneous
227992,Restaurants
227993,Restaurants
228007,Restaurants
228021,Financial Services
228029,Miscellaneous
228037,Miscellaneous
228043,Coffee & Tea
228048,Miscellaneous
228053,Miscellaneous
228074,Miscellaneous
228095,Miscellaneous
228107,Restaurants
228118,Repair & Maintenance
228144,Miscellaneous
228182,Restaurants
228191,Restaurants
228196,General Merchandise
228197,Coffee & Tea
228214,Restaurants
228216,General Merchandise
228226,Miscellaneous
228228,Miscellaneous
228240,Repair & Maintenance
228243,Fitness & Recreation
228245,Miscellaneous
228257,Restaurants
228282,Miscellaneous
228290,Miscellaneous
228310,Restaurants
228334,Restaurants
228366,Restaurants
228373,Financial Services
228376,Health & Beauty
228379,Miscellaneous
228398,Sports & Recreation
228405,Restaurants
228412,Miscellaneous
228417,Miscellaneous
228418,Bars & Nightlife
228422,Financial Services
228444,Miscellaneous
228453,Repair & Maintenance
228460,Specialty Food
228464,Miscellaneous
228480,Restaurants
228494,Restaurants
228499,Miscellaneous
228508,Bars & Nightlife
228526,Home & Garden
228531,Restaurants
228532,Restaurants
228554,Schools
228566,Miscellaneous
228574,Real Estate
228588,Construction & Contractors
228599,Business Services
228619,Restaurants
228658,Restaurants
228684,Health & Beauty
228704,Restaurants
228706,Miscellaneous
228719,Restaurants
228733,Automotive Retail
228734,Restaurants
228785,Home & Garden
228796,Specialty Retail
228805,Restaurants
228809,Restaurants
228848,Restaurants
228862,Schools
228892,Miscellaneous
228894,Miscellaneous
228904,Restaurants
228930,Miscellaneous
228934,Restaurants
228943,Miscellaneous
228951,Financial Services
228961,Miscellaneous
228967,Restaurants
228972,Restaurants
228975,Clothing & Apparel
228997,Specialty Food
229006,Miscellaneous
229009,Miscellaneous
229022,Clothing & Apparel
229023,Restaurants
229026,Miscellaneous
229029,Restaurants
229039,Miscellaneous
229041,Telecommunications
229047,Fast Food
229050,Schools
229062,Restaurants
229069,Miscellaneous
229073,Miscellaneous
229103,Miscellaneous
229104,Miscellaneous
229138,Restaurants
229162,Miscellaneous
229172,Miscellaneous
229194,Miscellaneous
229200,Restaurants
229227,Miscellaneous
229240,Miscellaneous
229245,Miscellaneous
229249,Miscellaneous
229250,Miscellaneous
229253,Real Estate
229257,Miscellaneous
229271,Miscellaneous
229278,Coffee & Tea
229294,Health & Beauty
229317,Restaurants
229336,Miscellaneous
229344,Miscellaneous
229354,Miscellaneous
229358,Restaurants
229360,Restaurants
229374,Restaurants
229379,Construction & Contractors
229383,Miscellaneous
229411,Miscellaneous
229421,Fast Food
229436,Miscellaneous
229454,Dry Cleaning & Laundry
229465,Miscellaneous
229469,Miscellaneous
229490,Restaurants
229555,Miscellaneous
229563,Health & Beauty
229591,Miscellaneous
229625,Bars & Nightlife
229628,Miscellaneous
229644,Specialty Food
229646,Specialty Food
229671,Restaurants
229673,Restaurants
229681,Business Services
229683,Miscellaneous
229695,Restaurants
229704,Miscellaneous
229708,Hotels & Motels
229791,Health & Beauty
229795,Medical Offices
229800,Specialty Food
229838,Specialty Food
229841,Restaurants
229857,Miscellaneous
229861,Miscellaneous
229871,Restaurants
229872,Restaurants
229889,Coffee & Tea
229899,Specialty Food
229916,Repair & Maintenance
229951,Miscellaneous
229967,Miscellaneous
229983,Restaurants
229991,Miscellaneous
230018,Miscellaneous
230021,Financial Services
230036,Miscellaneous
230064,Restaurants
230075,Medical Offices
230104,Miscellaneous
230116,Restaurants
230117,Restaurants
230119,Miscellaneous
230126,Miscellaneous
230135,Fitness & Recreation
230146,Restaurants
230150,Restaurants
230167,Miscellaneous
230173,Fast Food
230198,Miscellaneous
230209,Restaurants
230261,Restaurants
230262,Health & Beauty
230290,Fast Food
230308,Miscellaneous
230323,Real Estate
230324,Miscellaneous
230330,Miscellaneous
230340,Bars & Nightlife
230346,Miscellaneous
230362,Construction & Contractors
230369,Restaurants
230373,Restaurants
230426,Business Services
230458,Hotels & Motels
230464,Home & Garden
230474,Health & Beauty
230517,Specialty Food
230535,Miscellaneous
230544,Miscellaneous
230574,General Merchandise
230596,Miscellaneous
230607,Restaurants
230663,Restaurants
230702,Health & Beauty
230735,Automotive Retail
230741,Miscellaneous
230755,Miscellaneous
230761,Restaurants
230764,Restaurants
230771,Restaurants
230774,Pharmacy
230782,Restaurants
230791,Miscellaneous
230798,Restaurants
230802,Restaurants
230867,Restaurants
230883,Bars & Nightlife
230890,Miscellaneous
230946,Miscellaneous
230950,Miscellaneous
230952,Sports & Recreation
231001,Health & Beauty
231023,Miscellaneous
231051,Miscellaneous
231062,Coffee & Tea
231094,Fast Food
231095,Restaurants
231097,Automotive Retail
231105,Pet Services
231106,Miscellaneous
231111,Miscellaneous
231117,Miscellaneous
231121,Hotels & Motels
231129,Miscellaneous
231137,Miscellaneous
231144,Miscellaneous
231146,Restaurants
231151,Fitness & Recreation
231168,Restaurants
231171,Miscellaneous
231182,Financial Services
231187,Consulting
231248,Miscellaneous
231278,Miscellaneous
231280,Restaurants
231335,Restaurants
231343,Miscellaneous
231387,Restaurants
231405,Restaurants
231429,Restaurants
231437,Miscellaneous
231448,Hotels & Motels
231453,Specialty Food
231456,Arts & Entertainment
231467,Miscellaneous
231476,Miscellaneous
231479,Miscellaneous
231480,Miscellaneous
231497,Miscellaneous
231499,Car Wash & Detailing
231510,Restaurants
231539,Specialty Food
231544,Miscellaneous
231565,Miscellaneous
231580,Miscellaneous
231587,Restaurants
231603,Miscellaneous
231604,Restaurants
231607,Restaurants
231609,Restaurants
231619,Specialty Food
231627,Restaurants
231630,Hotels & Motels
231673,Hotels & Motels
231698,Miscellaneous
231703,Restaurants
231704,Miscellaneous
231706,Miscellaneous
231720,Miscellaneous
231731,Restaurants
231734,Restaurants
231749,Restaurants
231758,Restaurants
231788,Hotels & Motels
231799,Miscellaneous
231806,Car Wash & Detailing
231807,Miscellaneous
231831,Miscellaneous
231834,Fitness & Recreation
231836,Miscellaneous
231837,Restaurants
231846,Restaurants
231854,IT Services
231871,Miscellaneous
231878,Miscellaneous
231881,Miscellaneous
231883,Restaurants
231897,Fast Food
231925,Restaurants
231941,Miscellaneous
231944,Health & Beauty
231960,Miscellaneous
231974,Coffee & Tea
232000,Clothing & Apparel
232010,Medical Offices
232021,Restaurants
232025,Restaurants
232029,Restaurants
232031,Fast Food
232063,Bars & Nightlife
232081,Repair & Maintenance
232092,Real Estate
232116,Specialty Food
232122,Miscellaneous
232126,Miscellaneous
232127,Automotive Retail
232143,Miscellaneous
232149,Restaurants
232156,Fitness & Recreation
232194,Financial Services
232235,Miscellaneous
232242,Restaurants
232252,Miscellaneous
232255,Coffee & Tea
232259,Telecommunications
232290,Restaurants
232298,Restaurants
232307,Miscellaneous
232308,Restaurants
232313,Restaurants
232337,Construction & Contractors
232345,Restaurants
232355,Miscellaneous
232365,Restaurants
232408,Miscellaneous
232422,Miscellaneous
232431,Restaurants
232476,Restaurants
232490,Fast Food
232494,Financial Services
232507,Automotive Retail
232510,Restaurants
232511,Fast Food
232519,Miscellaneous
232523,Arts & Entertainment
232525,Restaurants
232533,Plumbing & HVAC
232534,Real Estate
232548,Miscellaneous
232550,Miscellaneous
232569,Miscellaneous
232574,Miscellaneous
232583,General Merchandise
232603,Restaurants
232606,Health & Beauty
232608,Miscellaneous
232637,Miscellaneous
232698,Fitness & Recreation
232700,Restaurants
232704,Financial Services
232733,Restaurants
232749,Health & Beauty
232771,Miscellaneous
232775,Restaurants
232785,Miscellaneous
232789,Coffee & Tea
232807,Restaurants
232810,Miscellaneous
232825,Health & Beauty
232826,Miscellaneous
232846,Health & Beauty
232851,Miscellaneous
232867,Restaurants
232873,Miscellaneous
232880,Business Services
232882,Coffee & Tea
232941,Miscellaneous
232957,Repair & Maintenance
232960,Bars & Nightlife
232962,Coffee & Tea
232975,Miscellaneous
232980,Miscellaneous
232990,Financial Services
233006,Legal Services
233007,Events & Venues
233023,Health & Beauty
233029,Miscellaneous
233054,Repair & Maintenance
233055,Miscellaneous
233061,Miscellaneous
233071,Miscellaneous
233094,Miscellaneous
233102,Restaurants
233111,Restaurants
233141,Miscellaneous
233149,Restaurants
233166,Restaurants
233175,Miscellaneous
233176,Automotive Retail
233205,Restaurants
233206,Miscellaneous
233215,Miscellaneous
233227,Health & Beauty
233244,Home & Garden
233260,Repair & Maintenance
233272,Miscellaneous
233277,Miscellaneous
233289,Miscellaneous
233309,Restaurants
233311,Miscellaneous
233315,Miscellaneous
233316,Restaurants
233334,Restaurants
233353,Miscellaneous
233379,Hotels & Motels
233406,Specialized Healthcare
233409,Restaurants
233416,Arts & Entertainment
233429,Miscellaneous
233430,Specialty Retail
233442,Miscellaneous
233491,Restaurants
233496,Bars & Nightlife
233499,Hotels & Motels
233502,Consulting
233521,Restaurants
233556,Specialty Retail
233572,Miscellaneous
233573,Coffee & Tea
233614,Miscellaneous
233630,Health & Beauty
233686,Restaurants
233743,Miscellaneous
233781,Events & Venues
233798,Bars & Nightlife
233826,Bars & Nightlife
233828,Restaurants
233867,Coffee & Tea
233868,Fast Food
233879,Clothing & Apparel
233887,Miscellaneous
233898,Dry Cleaning & Laundry
233910,Restaurants
233912,Miscellaneous
233958,Bars & Nightlife
233975,Specialty Food
233988,Restaurants
233991,Bars & Nightlife
234005,Legal Services
234035,Health & Beauty
234050,Coffee & Tea
234077,Restaurants
234094,Financial Services
234130,Miscellaneous
234140,Miscellaneous
234153,Real Estate
234177,Miscellaneous
234202,Fitness & Recreation
234204,Health & Beauty
234229,Dry Cleaning & Laundry
234232,Restaurants
234236,Restaurants
234237,Miscellaneous
234243,Restaurants
234276,Miscellaneous
234296,Restaurants
234337,Health & Beauty
234341,Restaurants
234383,Miscellaneous
234384,Miscellaneous
234386,Restaurants
234395,Fitness & Recreation
234397,Telecommunications
234402,Restaurants
234408,Miscellaneous
234415,Miscellaneous
234418,Health & Beauty
234438,Miscellaneous
234457,Restaurants
234464,Miscellaneous
234478,Restaurants
234481,Bakery & Desserts
234483,Schools
234489,Bars & Nightlife
234503,Home & Garden
234504,Restaurants
234509,Specialty Food
234516,Bars & Nightlife
234522,Restaurants
234569,Health & Beauty
234584,Health & Beauty
234593,Dry Cleaning & Laundry
234594,Miscellaneous
234607,Consulting
234618,Restaurants
234619,Miscellaneous
234626,Construction & Contractors
234660,Restaurants
234667,Miscellaneous
234676,Miscellaneous
234678,Miscellaneous
234702,Repair & Maintenance
234711,Miscellaneous
234714,Restaurants
234716,Restaurants
234730,Restaurants
234756,Automotive Retail
234782,Miscellaneous
234803,Restaurants
234810,Repair & Maintenance
234819,Restaurants
234822,Restaurants
234856,Restaurants
234857,Fast Food
234870,Car Wash & Detailing
234875,Specialty Food
234879,Restaurants
234912,Miscellaneous
234920,Bakery & Desserts
234930,Health & Beauty
234938,Restaurants
234958,Telecommunications
234966,Pet Services
234971,Restaurants
234980,Restaurants
234983,Restaurants
234984,Restaurants
235003,Repair & Maintenance
235006,Restaurants
235010,Legal Services
235011,Clothing & Apparel
235012,Restaurants
235093,Electrical
235097,Fitness & Recreation
235102,Miscellaneous
235110,Miscellaneous
235136,Electrical
235141,Miscellaneous
235147,Specialty Food
235150,Clothing & Apparel
235154,Coffee & Tea
235158,General Merchandise
235188,Restaurants
235200,Miscellaneous
235206,Miscellaneous
235213,Restaurants
235225,Miscellaneous
235237,Restaurants
235246,Restaurants
235257,Health & Beauty
235302,Construction & Contractors
235313,Restaurants
235319,Financial Services
235333,Bars & Nightlife
235384,Miscellaneous
235385,Fitness & Recreation
235395,Restaurants
235411,Miscellaneous
235422,Medical Offices
235439,Miscellaneous
235441,Restaurants
235454,Miscellaneous
235471,Pharmacy
235486,Miscellaneous
235491,Restaurants
235512,Restaurants
235536,Repair & Maintenance
235537,Restaurants
235539,Pharmacy
235541,Restaurants
235546,Miscellaneous
235570,Miscellaneous
235588,Telecommunications
235591,Miscellaneous
235607,Bars & Nightlife
235611,Restaurants
235612,Restaurants
235618,Miscellaneous
235656,Miscellaneous
235662,Clothing & Apparel
235668,Restaurants
235692,Sports & Recreation
235701,Restaurants
235703,Miscellaneous
235707,Home & Garden
235741,Miscellaneous
235747,Miscellaneous
235766,Restaurants
235786,Restaurants
235788,Health & Beauty
235797,Restaurants
235809,Miscellaneous
235818,Restaurants
235820,Miscellaneous
235823,Restaurants
235834,Restaurants
235857,Restaurants
235884,Coffee & Tea
235896,Construction & Contractors
235909,Restaurants
235918,Fitness & Recreation
235957,Restaurants
235965,Clothing & Apparel
235973,Pet Services
235981,Specialty Retail
235984,Bars & Nightlife
235989,Restaurants
235991,Restaurants
235996,Restaurants
235999,Restaurants
236021,Miscellaneous
236022,Miscellaneous
236027,Miscellaneous
236054,Coffee & Tea
236055,General Merchandise
236057,Restaurants
236095,Miscellaneous
236104,Miscellaneous
236124,Miscellaneous
236130,Bars & Nightlife
236134,Construction & Contractors
236171,Miscellaneous
236174,Miscellaneous
236184,Restaurants
236196,Restaurants
236209,Coffee & Tea
236227,Miscellaneous
236233,Restaurants
236255,Restaurants
236257,Car Wash & Detailing
236267,Miscellaneous
236278,Hotels & Motels
236279,Consulting
236287,Telecommunications
236290,Specialty Food
236291,Miscellaneous
236305,Miscellaneous
236338,Home & Garden
236366,Miscellaneous
236373,Bakery & Desserts
236382,Automotive Retail
236419,Automotive Retail
236426,Miscellaneous
236433,Restaurants
236440,Miscellaneous
236452,Pet Services
236468,Miscellaneous
236469,Restaurants
236503,Miscellaneous
236520,Construction & Contractors
236527,Miscellaneous
236532,Miscellaneous
236539,Miscellaneous
236542,Miscellaneous
236546,Specialty Retail
236552,Miscellaneous
236568,Miscellaneous
236577,Automotive Retail
236584,Arts & Entertainment
236601,Restaurants
236605,Miscellaneous
236627,Miscellaneous
236661,Bakery & Desserts
236662,Miscellaneous
236668,Miscellaneous
236683,Sports & Recreation
236688,Restaurants
236700,Restaurants
236713,Restaurants
236714,Miscellaneous
236732,Miscellaneous
236735,Miscellaneous
236753,Health & Beauty
236756,Miscellaneous
236777,Restaurants
236800,Restaurants
236819,Restaurants
236825,Miscellaneous
236838,Miscellaneous
236841,Hotels & Motels
236845,Restaurants
236857,Miscellaneous
236871,Miscellaneous
236927,Repair & Maintenance
236931,Miscellaneous
236973,Restaurants
236980,Miscellaneous
236990,Miscellaneous
237015,Miscellaneous
237019,Health & Beauty
237023,Restaurants
237053,Miscellaneous
237061,Car Wash & Detailing
237066,Miscellaneous
237074,Miscellaneous
237106,Real Estate
237111,Restaurants
237126,Miscellaneous
237158,Car Wash & Detailing
237162,Travel Services
237170,Restaurants
237176,Financial Services
237177,Miscellaneous
237188,Specialty Retail
237199,Health & Beauty
237202,Restaurants
237204,Miscellaneous
237209,Miscellaneous
237211,Miscellaneous
237230,Telecommunications
237235,Restaurants
237238,Schools
237240,Specialty Food
237244,Dry Cleaning & Laundry
237256,Miscellaneous
237303,Restaurants
237305,Miscellaneous
237306,Miscellaneous
237326,Restaurants
237332,Restaurants
237343,Restaurants
237344,Miscellaneous
237373,Miscellaneous
237408,Fast Food
237423,Restaurants
237425,Miscellaneous
237427,Health & Beauty
237440,Specialty Retail
237441,Bars & Nightlife
237447,Automotive Retail
237457,Coffee & Tea
237472,Restaurants
237476,Miscellaneous
237486,General Merchandise
237501,Restaurants
237517,Medical Offices
237519,Restaurants
237602,Restaurants
237606,Construction & Contractors
237617,Coffee & Tea
237639,Miscellaneous
237640,Restaurants
237669,Health & Beauty
237704,Miscellaneous
237716,Restaurants
237719,Restaurants
237726,Financial Services
237730,Coffee & Tea
237750,Pet Services
237775,Construction & Contractors
237777,Restaurants
237784,Miscellaneous
237798,Miscellaneous
237799,Bakery & Desserts
237806,Miscellaneous
237831,Health & Beauty
237834,Miscellaneous
237845,Construction & Contractors
237853,Miscellaneous
237877,Miscellaneous
237880,Miscellaneous
237905,Health & Beauty
237916,Miscellaneous
237931,Miscellaneous
237960,Telecommunications
237964,Restaurants
237972,Automotive Retail
237999,Construction & Contractors
238013,Real Estate
238019,Restaurants
238029,Health & Beauty
238030,Dry Cleaning & Laundry
238035,Miscellaneous
238039,Miscellaneous
238046,Miscellaneous
238049,Miscellaneous
238072,Restaurants
238091,Restaurants
238121,Miscellaneous
238177,Business Services
238179,Schools
238262,Miscellaneous
238267,Miscellaneous
238277,Miscellaneous
238281,Miscellaneous
238350,Specialty Food
238400,Restaurants
238405,Real Estate
238407,Miscellaneous
238410,Fast Food
238441,Miscellaneous
238526,Restaurants
238528,Bars & Nightlife
238555,Miscellaneous
238566,Miscellaneous
238578,Miscellaneous
238593,Restaurants
238597,Miscellaneous
238600,Restaurants
238603,Miscellaneous
238613,Health & Beauty
238621,Restaurants
238666,Bakery & Desserts
238669,Restaurants
238682,Restaurants
238684,Coffee & Tea
238690,Restaurants
238695,Miscellaneous
238730,Restaurants
238733,Coffee & Tea
238761,Health & Beauty
238785,Restaurants
238786,Miscellaneous
238796,Coffee & Tea
238822,Miscellaneous
238824,Restaurants
238825,Restaurants
238846,Fast Food
238856,Miscellaneous
238872,Miscellaneous
238875,Miscellaneous
238878,Specialty Food
238887,Miscellaneous
238890,Pharmacy
238905,Restaurants
238920,Restaurants
238923,Restaurants
238946,Schools
238951,Specialty Food
238956,Restaurants
238959,Miscellaneous
238966,Miscellaneous
238976,Medical Offices
238980,Restaurants
238981,Restaurants
238997,Miscellaneous
239013,Miscellaneous
239041,Automotive Retail
239061,Restaurants
239067,Coffee & Tea
239112,Restaurants
239120,Restaurants
239134,Miscellaneous
239146,Miscellaneous
239158,Miscellaneous
239180,Restaurants
239206,Coffee & Tea
239207,Restaurants
239222,Medical Offices
239230,Medical Offices
239236,Restaurants
239240,Miscellaneous
239249,Restaurants
239283,Automotive Retail
239285,Miscellaneous
239295,Restaurants
239339,Restaurants
239352,Sports & Recreation
239355,Restaurants
239375,Health & Beauty
239388,Miscellaneous
239438,Miscellaneous
239439,Pharmacy
239449,Restaurants
239505,Sports & Recreation
239516,Miscellaneous
239525,Miscellaneous
239550,Miscellaneous
239572,Miscellaneous
239596,Financial Services
239602,Restaurants
239616,Arts & Entertainment
239627,Miscellaneous
239633,Fast Food
239677,Miscellaneous
239680,Miscellaneous
239681,Specialty Food
239694,Miscellaneous
239700,Miscellaneous
239703,Miscellaneous
239711,Miscellaneous
239712,Miscellaneous
239720,Medical Offices
239728,Health & Beauty
239741,Real Estate
239772,Fast Food
239781,Restaurants
239791,Miscellaneous
239811,Miscellaneous
239817,Restaurants
239838,Medical Offices
239840,Miscellaneous
239847,Travel Services
239863,Car Wash & Detailing
239880,Miscellaneous
239884,Specialty Retail
239912,Real Estate
239923,Restaurants
239932,Miscellaneous
239935,Miscellaneous
239939,Restaurants
239946,Restaurants
239968,Miscellaneous
239977,Miscellaneous
239987,Miscellaneous
239994,Medical Offices
240050,Miscellaneous
240051,Miscellaneous
240077,Miscellaneous
240080,Bars & Nightlife
240083,Restaurants
240091,Restaurants
240099,Telecommunications
240104,Miscellaneous
240113,Specialty Food
240134,Automotive Retail
240136,Hotels & Motels
240161,Miscellaneous
240198,Miscellaneous
240209,Miscellaneous
240210,Restaurants
240230,Restaurants
240244,Restaurants
240263,Miscellaneous
240264,Miscellaneous
240265,Restaurants
240311,Health & Beauty
240324,Miscellaneous
240326,Telecommunications
240338,Miscellaneous
240349,Restaurants
240371,Specialty Retail
240374,Towing & Roadside
240377,Miscellaneous
240402,Miscellaneous
240420,Travel Services
240438,Restaurants
240439,Bars & Nightlife
240441,Fast Food
240451,Restaurants
240461,Restaurants
240517,Fast Food
240518,Restaurants
240568,Restaurants
240574,Miscellaneous
240580,Restaurants
240588,Miscellaneous
240601,Specialty Food
240608,Miscellaneous
240628,Miscellaneous
240636,Restaurants
240658,Coffee & Tea
240662,Miscellaneous
240669,Restaurants
240676,General Merchandise
240683,Car Wash & Detailing
240688,Restaurants
240694,Restaurants
240695,Miscellaneous
240703,Miscellaneous
240704,Miscellaneous
240706,Medical Offices
240715,Miscellaneous
240723,Travel Services
240766,Restaurants
240784,Restaurants
240793,Consulting
240813,Restaurants
240821,Miscellaneous
240837,Restaurants
240852,Miscellaneous
240854,Bars & Nightlife
240864,Coffee & Tea
240890,Coffee & Tea
240898,Miscellaneous
240923,Restaurants
240930,Bars & Nightlife
240937,Restaurants
240939,Restaurants
240950,Miscellaneous
240975,Miscellaneous
240985,Miscellaneous
241017,Arts & Entertainment
241019,Miscellaneous
241053,Miscellaneous
241061,Miscellaneous
241070,Miscellaneous
241073,Miscellaneous
241075,Bars & Nightlife
241083,Health & Beauty
241113,Restaurants
241147,Miscellaneous
241165,Miscellaneous
241176,Clothing & Apparel
241195,Miscellaneous
241202,Pet Services
241223,Miscellaneous
241227,Construction & Contractors
241230,Miscellaneous
241261,Miscellaneous
241262,Miscellaneous
241264,Miscellaneous
241279,Business Services
241281,Miscellaneous
241293,Miscellaneous
241294,Miscellaneous
241303,Miscellaneous
241330,Legal Services
241336,Specialty Food
241350,Miscellaneous
241368,Miscellaneous
241373,Miscellaneous
241391,Miscellaneous
241396,Specialty Retail
241424,Miscellaneous
241436,Telecommunications
241438,Miscellaneous
241443,Construction & Contractors
241453,Restaurants
241471,Health & Beauty
241474,Repair & Maintenance
241484,Miscellaneous
241496,Miscellaneous
241499,Miscellaneous
241505,Restaurants
241527,Miscellaneous
241539,Medical Offices
241542,Health & Beauty
241625,Landscaping
241634,Restaurants
241635,Medical Offices
241647,Miscellaneous
241663,Restaurants
241665,Events & Venues
241672,Miscellaneous
241716,Miscellaneous
241731,Miscellaneous
241740,Consulting
241742,Restaurants
241755,Legal Services
241768,Coffee & Tea
241798,Miscellaneous
241807,Restaurants
241814,Arts & Entertainment
241827,Miscellaneous
241828,Miscellaneous
241844,Miscellaneous
241864,Restaurants
241883,Miscellaneous
241885,Miscellaneous
241894,Restaurants
241920,Miscellaneous
241923,Health & Beauty
241929,Car Wash & Detailing
241945,Restaurants
241960,Miscellaneous
242025,Fitness & Recreation
242046,Miscellaneous
242047,Coffee & Tea
242049,Restaurants
242063,Miscellaneous
242071,Miscellaneous
242088,Miscellaneous
242111,Miscellaneous
242124,Health & Beauty
242203,Miscellaneous
242210,Miscellaneous
242218,Miscellaneous
242220,Miscellaneous
242227,Coffee & Tea
242240,Specialty Retail
242243,Miscellaneous
242254,Miscellaneous
242268,Health & Beauty
242283,Events & Venues
242344,Automotive Retail
242354,Medical Offices
242355,Medical Offices
242363,Fast Food
242410,Restaurants
242414,Bars & Nightlife
242429,Miscellaneous
242446,Miscellaneous
242456,Miscellaneous
242472,Restaurants
242474,Miscellaneous
242498,Real Estate
242502,Schools
242519,Miscellaneous
242523,Medical Offices
242587,Legal Services
242591,Restaurants
242631,Fast Food
242632,Specialized Healthcare
242633,Hotels & Motels
242648,Home & Garden
242659,Restaurants
242684,Miscellaneous
242714,Restaurants
242721,Miscellaneous
242740,Health & Beauty
242769,Bars & Nightlife
242770,Restaurants
242792,Bars & Nightlife
242808,Real Estate
242814,Miscellaneous
242831,Miscellaneous
242851,Telecommunications
242852,Miscellaneous
242856,Coffee & Tea
242857,Miscellaneous
242860,Miscellaneous
242865,Coffee & Tea
242870,Miscellaneous
242882,Health & Beauty
242905,Miscellaneous
242908,Miscellaneous
242909,Miscellaneous
242914,Miscellaneous
242923,Legal Services
242930,Miscellaneous
242943,Miscellaneous
242946,Miscellaneous
242951,Restaurants
242978,Miscellaneous
242980,Schools
242986,Miscellaneous
242990,Restaurants
242993,Miscellaneous
242998,Clothing & Apparel
243012,Bars & Nightlife
243029,Miscellaneous
243038,Medical Offices
243055,Automotive Retail
243059,Health & Beauty
243064,Health & Beauty
243065,Clothing & Apparel
243076,Restaurants
243102,Restaurants
243117,Miscellaneous
243123,Financial Services
243132,Miscellaneous
243166,Miscellaneous
243168,Miscellaneous
243179,Bars & Nightlife
243208,Miscellaneous
243211,Miscellaneous
243215,Fast Food
243219,Miscellaneous
243243,Car Wash & Detailing
243275,Health & Beauty
243285,Coffee & Tea
243292,Miscellaneous
243297,Legal Services
243322,Fast Food
243324,Restaurants
243336,Automotive Retail
243337,Restaurants
243341,Restaurants
243344,Bars & Nightlife
243370,Miscellaneous
243387,Restaurants
243388,Miscellaneous
243399,Medical Offices
243402,Restaurants
243406,Health & Beauty
243413,Restaurants
243419,Miscellaneous
243423,Restaurants
243433,Miscellaneous
243439,Restaurants
243452,Miscellaneous
243471,Restaurants
243480,Health & Beauty
243481,Miscellaneous
243494,Health & Beauty
243496,Restaurants
243499,Miscellaneous
243512,Car Wash & Detailing
243522,Restaurants
243532,Coffee & Tea
243537,Miscellaneous
243539,Coffee & Tea
243550,Sports & Recreation
243556,Restaurants
243557,Restaurants
243561,Restaurants
243575,Restaurants
243615,Restaurants
243623,Miscellaneous
243629,Restaurants
243636,Bars & Nightlife
243651,Miscellaneous
243682,Restaurants
243717,General Merchandise
243727,Miscellaneous
243732,Restaurants
243736,Miscellaneous
243769,Fast Food
243786,Clothing & Apparel
243796,Restaurants
243804,Restaurants
243818,Automotive Retail
243824,Hotels & Motels
243830,IT Services
243836,Miscellaneous
243837,Miscellaneous
243860,Restaurants
243869,Restaurants
243907,Restaurants
243927,Bakery & Desserts
243928,Schools
243944,Miscellaneous
243966,Miscellaneous
243971,Miscellaneous
243980,Restaurants
243989,Miscellaneous
243993,Restaurants
244008,Restaurants
244033,Automotive Retail
244037,Miscellaneous
244045,Restaurants
244055,Automotive Retail
244073,Fitness & Recreation
244084,Automotive Retail
244095,Miscellaneous
244110,Restaurants
244116,Restaurants
244131,Health & Beauty
244178,Restaurants
244193,Bars & Nightlife
244203,Miscellaneous
244204,Restaurants
244214,Miscellaneous
244215,Restaurants
244235,Bars & Nightlife
244239,Business Services
244255,Health & Beauty
244277,Miscellaneous
244282,Miscellaneous
244287,Restaurants
244291,Restaurants
244296,Restaurants
244311,Miscellaneous
244327,Hotels & Motels
244328,Miscellaneous
244360,Specialty Food
244376,Miscellaneous
244408,Miscellaneous
244424,Miscellaneous
244437,Miscellaneous
244447,Miscellaneous
244462,Specialty Food
244467,Specialty Retail
244471,Miscellaneous
244497,Specialty Food
244530,Restaurants
244550,Health & Beauty
244566,Restaurants
244591,Miscellaneous
244597,Miscellaneous
244628,Telecommunications
244639,Real Estate
244641,Miscellaneous
244644,Restaurants
244653,Restaurants
244658,Miscellaneous
244671,Miscellaneous
244672,Miscellaneous
244674,Construction & Contractors
244676,Miscellaneous
244689,Restaurants
244709,General Merchandise
244723,Miscellaneous
244778,Health & Beauty
244788,Medical Offices
244805,Restaurants
244830,Miscellaneous
244841,Medical Offices
244843,Miscellaneous
244853,Fast Food
244861,Miscellaneous
244867,Miscellaneous
244868,Miscellaneous
244886,General Merchandise
244893,Bars & Nightlife
244896,Restaurants
244973,Restaurants
244992,Restaurants
244993,Miscellaneous
244997,Miscellaneous
245011,Bakery & Desserts
245027,Restaurants
245041,Restaurants
245053,Bars & Nightlife
245066,Miscellaneous
245075,Automotive Retail
245115,Miscellaneous
245125,Restaurants
245145,Specialty Food
245150,Restaurants
245202,Restaurants
245209,Fast Food
245237,Restaurants
245245,Restaurants
245268,Restaurants
245270,Restaurants
245277,Specialty Food
245280,Restaurants
245283,Restaurants
245284,Restaurants
245297,Miscellaneous
245319,Restaurants
245321,Coffee & Tea
245322,Restaurants
245327,Coffee & Tea
245345,Miscellaneous
245366,Restaurants
245367,Coffee & Tea
245371,Restaurants
245375,Restaurants
245385,Coffee & Tea
245387,Miscellaneous
245412,Miscellaneous
245417,Restaurants
245424,Restaurants
245430,General Merchandise
245448,Restaurants
245452,Coffee & Tea
245465,Coffee & Tea
245483,Restaurants
245502,Repair & Maintenance
245510,Restaurants
245517,Specialty Food
245524,Restaurants
245533,Restaurants
245536,Telecommunications
245559,Restaurants
245562,Restaurants
245571,Restaurants
245578,Bars & Nightlife
245582,Miscellaneous
245583,Medical Offices
245588,Travel Services
245597,Restaurants
245602,Repair & Maintenance
245617,Miscellaneous
245624,Restaurants
245640,Miscellaneous
245644,Restaurants
245647,Miscellaneous
245666,Miscellaneous
245674,Miscellaneous
245676,Miscellaneous
245682,Restaurants
245696,Restaurants
245718,Miscellaneous
245752,Miscellaneous
245758,Financial Services
245761,Sports & Recreation
245766,Coffee & Tea
245777,IT Services
245796,Miscellaneous
245804,Restaurants
245805,Repair & Maintenance
245811,Coffee & Tea
245835,Restaurants
245847,Restaurants
245851,Restaurants
245860,Health & Beauty
245880,Miscellaneous
245905,Restaurants
245919,Restaurants
245945,Bars & Nightlife
245954,Restaurants
245966,Miscellaneous
245968,Restaurants
245970,Hotels & Motels
245987,Real Estate
245995,Miscellaneous
245996,Miscellaneous
245998,Bars & Nightlife
246004,Health & Beauty
246019,Restaurants
246022,Fast Food
246029,Restaurants
246033,Miscellaneous
246072,Restaurants
246088,Restaurants
246104,Miscellaneous
246115,Restaurants
246125,Specialty Food
246128,Events & Venues
246137,Home & Garden
246139,Restaurants
246148,Restaurants
246155,Restaurants
246166,Restaurants
246172,Restaurants
246177,Restaurants
246180,Restaurants
246187,Coffee & Tea
246195,Miscellaneous
246200,Coffee & Tea
246202,Miscellaneous
246216,Restaurants
246221,Restaurants
246254,Restaurants
246255,Hotels & Motels
246267,Miscellaneous
246291,Restaurants
246301,Restaurants
246309,Miscellaneous
246335,Restaurants
246345,Miscellaneous
246394,Financial Services
246399,Miscellaneous
246409,Medical Offices
246413,Fast Food
246416,Specialty Food
246439,Restaurants
246449,Miscellaneous
246453,Miscellaneous
246470,Health & Beauty
246490,Miscellaneous
246491,Miscellaneous
246500,Miscellaneous
246501,Restaurants
246503,Restaurants
246520,Restaurants
246537,Restaurants
246539,Restaurants
246574,Restaurants
246583,Miscellaneous
246594,Restaurants
246604,Restaurants
246631,Real Estate
246634,Restaurants
246648,Miscellaneous
246699,Restaurants
246727,Fast Food
246729,Coffee & Tea
246732,Specialty Food
246748,Fitness & Recreation
246759,Legal Services
246763,Miscellaneous
246770,Restaurants
246792,Health & Beauty
246805,Miscellaneous
246812,Restaurants
246849,Hotels & Motels
246851,Medical Offices
246861,Restaurants
246868,Bakery & Desserts
246869,Miscellaneous
246883,Clothing & Apparel
246898,Miscellaneous
246916,Miscellaneous
246934,Miscellaneous
246943,Restaurants
246950,Restaurants
246965,Restaurants
246973,Restaurants
247004,Medical Offices
247008,Restaurants
247012,Business Services
247026,Restaurants
247027,Miscellaneous
247030,Restaurants
247044,Fast Food
247084,Miscellaneous
247092,Financial Services
247093,Miscellaneous
247098,Miscellaneous
247107,Miscellaneous
247109,Hotels & Motels
247122,Miscellaneous
247134,Miscellaneous
247142,Restaurants
247187,Miscellaneous
247200,Restaurants
247217,Financial Services
247219,Fast Food
247234,General Merchandise
247244,Miscellaneous
247261,Landscaping
247269,Miscellaneous
247270,Miscellaneous
247287,Restaurants
247299,Miscellaneous
247300,Miscellaneous
247309,Miscellaneous
247323,Restaurants
247330,Miscellaneous
247336,Restaurants
247393,Restaurants
247397,Restaurants
247400,Restaurants
247401,Coffee & Tea
247410,Restaurants
247448,Sports & Recreation
247450,Restaurants
247490,Restaurants
247514,Restaurants
247515,Restaurants
247539,Fast Food
247540,Clothing & Apparel
247546,Miscellaneous
247567,Home & Garden
247573,Restaurants
247588,Repair & Maintenance
247597,Telecommunications
247598,Miscellaneous
247625,Sports & Recreation
247630,Bars & Nightlife
247640,Bars & Nightlife
247664,Miscellaneous
247683,Restaurants
247688,Coffee & Tea
247709,Clothing & Apparel
247752,Restaurants
247778,General Merchandise
247780,Restaurants
247784,Restaurants
247787,Miscellaneous
247800,Restaurants
247821,Clothing & Apparel
247832,Restaurants
247868,Miscellaneous
247869,Coffee & Tea
247871,Miscellaneous
247880,Repair & Maintenance
247884,Restaurants
247896,Restaurants
247919,Restaurants
247932,Restaurants
247950,Miscellaneous
247962,Bars & Nightlife
247967,Miscellaneous
247973,Miscellaneous
248018,Miscellaneous
248019,Miscellaneous
248030,Miscellaneous
248035,Miscellaneous
248043,Restaurants
248055,Specialty Food
248088,Repair & Maintenance
248096,Restaurants
248131,Clothing & Apparel
248169,Restaurants
248182,Specialty Food
248189,Repair & Maintenance
248205,Restaurants
248225,Restaurants
248227,Miscellaneous
248245,Restaurants
248255,Restaurants
248276,Restaurants
248299,Restaurants
248300,Restaurants
248352,Legal Services
248361,Miscellaneous
248363,Health & Beauty
248369,Coffee & Tea
248392,Restaurants
248402,Restaurants
248410,Restaurants
248438,Restaurants
248459,Restaurants
248461,Restaurants
248482,Miscellaneous
248490,Restaurants
248574,Restaurants
248578,Restaurants
248584,Restaurants
248597,Health & Beauty
248599,Restaurants
248633,Restaurants
248647,Miscellaneous
248651,Miscellaneous
248656,Miscellaneous
248683,Restaurants
248700,Clothing & Apparel
248717,Sports & Recreation
248728,Restaurants
248742,Restaurants
248751,Restaurants
248757,Miscellaneous
248769,Restaurants
248772,Restaurants
248786,Construction & Contractors
248788,Restaurants
248790,Restaurants
248792,Restaurants
248794,Medical Offices
248797,Miscellaneous
248798,Restaurants
248842,Sports & Recreation
248843,Financial Services
248870,Restaurants
248875,Miscellaneous
248879,Restaurants
248895,Schools
248936,Restaurants
248967,Business Services
248994,Restaurants
249002,Coffee & Tea
249050,Restaurants
249081,Restaurants
249095,Coffee & Tea
249114,Coffee & Tea
249119,Miscellaneous
249144,Miscellaneous
249157,Restaurants
249162,Miscellaneous
249165,Restaurants
249177,Specialty Retail
249180,Restaurants
249192,Restaurants
249198,Miscellaneous
249260,Coffee & Tea
249264,Miscellaneous
249278,Fast Food
249295,Miscellaneous
249336,Miscellaneous
249337,Restaurants
249340,Miscellaneous
249358,Miscellaneous
249367,Miscellaneous
249371,Hotels & Motels
249384,Bars & Nightlife
249389,Restaurants
249430,Hotels & Motels
249432,Specialty Food
249433,Hotels & Motels
249435,Miscellaneous
249446,Miscellaneous
249476,Fitness & Recreation
249504,Business Services
249510,Automotive Retail
249512,Miscellaneous
249513,Restaurants
249527,Coffee & Tea
249531,Miscellaneous
249535,Medical Offices
249542,Restaurants
249544,Restaurants
249559,Miscellaneous
249565,Fitness & Recreation
249585,Coffee & Tea
249591,Miscellaneous
249602,Home & Garden
249617,Miscellaneous
249642,Restaurants
249643,Health & Beauty
249645,Health & Beauty
249646,Repair & Maintenance
249658,Miscellaneous
249664,Restaurants
249665,Restaurants
249682,Arts & Entertainment
249700,Miscellaneous
249716,Miscellaneous
249736,Restaurants
249745,Medical Offices
249777,Restaurants
249792,Construction & Contractors
249798,Financial Services
249799,Miscellaneous
249802,Restaurants
249819,Schools
249831,Miscellaneous
249836,Coffee & Tea
249868,Restaurants
249871,IT Services
249885,Miscellaneous
249896,Home & Garden
249915,Restaurants
249934,Restaurants
249943,Restaurants
249948,Repair & Maintenance
249952,Pharmacy
249953,Miscellaneous
249972,Restaurants
249975,Restaurants
249987,Restaurants
249992,Coffee & Tea
249998,Fast Food
250026,Restaurants
250030,Construction & Contractors
250039,Miscellaneous
250047,Business Services
250048,Specialty Food
250058,Restaurants
250091,Miscellaneous
250093,Miscellaneous
250102,Miscellaneous
250105,Restaurants
250116,Automotive Retail
250122,Miscellaneous
250137,Restaurants
250141,Specialty Food
250149,IT Services
250160,Restaurants
250167,Restaurants
250179,Hotels & Motels
250181,Miscellaneous
250207,Miscellaneous
250227,Miscellaneous
250229,Restaurants
250243,Fast Food
250247,Consulting
250304,Schools
250308,Miscellaneous
250345,Fast Food
250353,Restaurants
250364,Miscellaneous
250374,Cleaning Services
250377,Arts & Entertainment
250384,Miscellaneous
250394,Restaurants
250419,Business Services
250424,Medical Offices
250444,IT Services
250461,Car Wash & Detailing
250519,Miscellaneous
250526,Bakery & Desserts
250531,Fitness & Recreation
250544,Miscellaneous
250566,Miscellaneous
250571,Restaurants
250572,Miscellaneous
250589,Miscellaneous
250601,Miscellaneous
250630,Home & Garden
250631,Real Estate
250698,Towing & Roadside
250713,Fitness & Recreation
250716,Schools
250753,Miscellaneous
250761,Restaurants
250764,Miscellaneous
250767,Miscellaneous
250805,Miscellaneous
250847,Fast Food
250853,Health & Beauty
250880,Pet Services
250887,Miscellaneous
250891,Miscellaneous
250912,Miscellaneous
250925,Travel Services
250926,Miscellaneous
250944,Specialty Food
250962,Miscellaneous
250966,Miscellaneous
251003,Miscellaneous
251009,Restaurants
251035,Coffee & Tea
251040,Miscellaneous
251064,Medical Offices
251071,Miscellaneous
251089,Miscellaneous
251092,Miscellaneous
251098,Miscellaneous
251099,Miscellaneous
251101,Hotels & Motels
251111,Health & Beauty
251128,Restaurants
251136,Miscellaneous
251140,Restaurants
251162,Repair & Maintenance
251163,Coffee & Tea
251180,Restaurants
251184,Restaurants
251185,Miscellaneous
251203,Legal Services
251205,Hotels & Motels
251208,Miscellaneous
251220,Hotels & Motels
251236,Miscellaneous
251259,Financial Services
251270,Miscellaneous
251284,Restaurants
251295,Bars & Nightlife
251306,Real Estate
251326,Construction & Contractors
251334,Miscellaneous
251336,Miscellaneous
251353,Coffee & Tea
251355,Miscellaneous
251364,Medical Offices
251375,Specialty Retail
251378,Medical Offices
251380,Miscellaneous
251385,Miscellaneous
251386,Restaurants
251395,Miscellaneous
251441,Hotels & Motels
251447,Events & Venues
251456,Miscellaneous
251475,Miscellaneous
251488,Miscellaneous
251497,Miscellaneous
251504,Restaurants
251538,Miscellaneous
251543,Miscellaneous
251566,Miscellaneous
251571,Miscellaneous
251589,Events & Venues
251621,Health & Beauty
251627,Coffee & Tea
251638,Medical Offices
251645,Construction & Contractors
251661,Sports & Recreation
251667,Miscellaneous
251670,Miscellaneous
251674,Repair & Maintenance
251677,Miscellaneous
251682,Miscellaneous
251693,Miscellaneous
251696,Miscellaneous
251707,Miscellaneous
251763,Hotels & Motels
251771,Miscellaneous
251796,Miscellaneous
251862,Coffee & Tea
251877,Miscellaneous
251880,Construction & Contractors
251882,Bars & Nightlife
251891,Restaurants
251893,Hotels & Motels
251914,Miscellaneous
251920,Miscellaneous
251938,Home & Garden
251947,Restaurants
251954,Miscellaneous
251958,Health & Beauty
251972,Miscellaneous
251998,Miscellaneous
252000,Restaurants
252011,Consulting
252034,General Merchandise
252049,Restaurants
252059,Restaurants
252061,Miscellaneous
252066,Miscellaneous
252085,Coffee & Tea
252090,Hotels & Motels
252093,Hotels & Motels
252105,Bars & Nightlife
252118,Miscellaneous
252120,Restaurants
252122,Hotels & Motels
252138,Restaurants
252143,Restaurants
252144,Restaurants
252148,Restaurants
252171,Specialty Food
252194,Restaurants
252198,Landscaping
252205,Bakery & Desserts
252225,Miscellaneous
252232,Restaurants
252233,Restaurants
252244,Restaurants
252292,Bakery & Desserts
252296,Real Estate
252302,General Merchandise
252318,Fitness & Recreation
252327,Health & Beauty
252328,Restaurants
252342,Miscellaneous
252365,Health & Beauty
252369,Miscellaneous
252397,Miscellaneous
252410,Restaurants
252415,Health & Beauty
252421,Miscellaneous
252422,Towing & Roadside
252441,Consulting
252447,Miscellaneous
252454,Miscellaneous
252464,Miscellaneous
252495,Miscellaneous
252497,Miscellaneous
252504,Construction & Contractors
252508,Miscellaneous
252511,Specialty Food
252530,Bars & Nightlife
252535,Miscellaneous
252544,Miscellaneous
252572,Bars & Nightlife
252573,Miscellaneous
252579,Miscellaneous
252582,Miscellaneous
252587,Real Estate
252590,Miscellaneous
252609,Events & Venues
252613,Medical Offices
252641,Miscellaneous
252646,Miscellaneous
252650,Coffee & Tea
252652,Business Services
252657,Restaurants
252668,Miscellaneous
252674,Health & Beauty
252679,Medical Offices
252686,Towing & Roadside
252701,Miscellaneous
252707,Miscellaneous
252719,Specialized Healthcare
252736,Consulting
252741,Miscellaneous
252781,Home & Garden
252782,Restaurants
252795,Miscellaneous
252799,Miscellaneous
252801,Specialty Food
252807,Business Services
252813,Health & Beauty
252827,Health & Beauty
252877,Construction & Contractors
252888,Restaurants
252897,Miscellaneous
252907,Restaurants
252912,Miscellaneous
252934,Construction & Contractors
252937,Miscellaneous
252943,Arts & Entertainment
252948,Miscellaneous
252955,Miscellaneous
252956,Plumbing & HVAC
252966,Bars & Nightlife
252971,Miscellaneous
252991,Fast Food
253008,Restaurants
253018,Restaurants
253023,Restaurants
253030,Miscellaneous
253041,Restaurants
253065,Restaurants
253090,Miscellaneous
253106,Clothing & Apparel
253117,Restaurants
253125,Miscellaneous
253154,Restaurants
253184,Miscellaneous
253192,Miscellaneous
253200,Hotels & Motels
253202,Repair & Maintenance
253208,Miscellaneous
253225,Specialty Food
253254,Restaurants
253256,Restaurants
253262,Coffee & Tea
253263,Legal Services
253300,Health & Beauty
253313,Events & Venues
253333,Business Services
253363,Miscellaneous
253384,Miscellaneous
253388,Fast Food
253391,Coffee & Tea
253394,Miscellaneous
253395,Miscellaneous
253448,Miscellaneous
253450,Miscellaneous
253470,Fitness & Recreation
253480,Legal Services
253481,Miscellaneous
253493,Miscellaneous
253506,Miscellaneous
253526,Miscellaneous
253533,Miscellaneous
253550,Telecommunications
253558,Health & Beauty
253560,Clothing & Apparel
253579,Miscellaneous
253581,Sports & Recreation
253582,Miscellaneous
253595,Miscellaneous
253598,Miscellaneous
253600,Miscellaneous
253605,Miscellaneous
253607,Electrical
253608,Car Wash & Detailing
253611,Miscellaneous
253612,Legal Services
253648,Miscellaneous
253690,Miscellaneous
253727,Miscellaneous
253747,Restaurants
253750,Miscellaneous
253756,Schools
253761,Miscellaneous
253775,Miscellaneous
253778,Miscellaneous
253797,Miscellaneous
253856,Miscellaneous
253899,Miscellaneous
253910,Miscellaneous
253912,Restaurants
253920,Miscellaneous
253982,Miscellaneous
253998,Miscellaneous
254002,Miscellaneous
254017,Miscellaneous
254086,Construction & Contractors
254094,Restaurants
254108,Travel Services
254118,Miscellaneous
254140,Specialty Food
254145,Specialty Food
254155,Miscellaneous
254179,Miscellaneous
254193,Miscellaneous
254211,Hotels & Motels
254213,Miscellaneous
254218,Miscellaneous
254219,Restaurants
254221,Real Estate
254223,Miscellaneous
254230,Miscellaneous
254259,Automotive Retail
254268,Restaurants
254269,Restaurants
254276,Restaurants
254277,Restaurants
254291,Health & Beauty
254295,Health & Beauty
254330,Miscellaneous
254337,Restaurants
254356,Restaurants
254367,Schools
254368,Miscellaneous
254410,Restaurants
254411,Telecommunications
254414,Specialty Food
254429,Miscellaneous
254430,Health & Beauty
254482,Miscellaneous
254483,Restaurants
254493,Miscellaneous
254498,Restaurants
254519,Miscellaneous
254564,Travel Services
254587,Restaurants
254595,Clothing & Apparel
254634,Fast Food
254652,Restaurants
254689,Financial Services
254691,Home & Garden
254712,Miscellaneous
254734,Miscellaneous
254751,Medical Offices
254760,Miscellaneous
254777,Restaurants
254797,Miscellaneous
254845,Miscellaneous
254869,Medical Offices
254872,Miscellaneous
254884,Car Wash & Detailing
254930,Restaurants
254943,Miscellaneous
254944,Restaurants
254982,Financial Services
254996,Miscellaneous
254997,Miscellaneous
255004,Restaurants
255007,Legal Services
255009,Miscellaneous
255036,Miscellaneous
255038,Miscellaneous
255093,Miscellaneous
255140,Restaurants
255160,Restaurants
255212,Alternative Lodging
255215,Miscellaneous
255250,Arts & Entertainment
255251,Hotels & Motels
255257,Miscellaneous
255263,Miscellaneous
255276,Restaurants
255281,Coffee & Tea
255284,Health & Beauty
255289,Bakery & Desserts
255291,Health & Beauty
255317,General Merchandise
255348,Bars & Nightlife
255365,Miscellaneous
255369,Construction & Contractors
255376,Restaurants
255378,Restaurants
255384,Schools
255414,Sports & Recreation
255447,Clothing & Apparel
255471,Miscellaneous
255484,Specialized Healthcare
255486,Miscellaneous
255493,Miscellaneous
255511,Restaurants
255524,Restaurants
255530,Events & Venues
255552,Health & Beauty
255557,Specialty Retail
255559,Miscellaneous
255562,Telecommunications
255567,Miscellaneous
255580,Miscellaneous
255581,Miscellaneous
255586,Construction & Contractors
255604,Automotive Retail
255613,Miscellaneous
255635,Fitness & Recreation
255647,Miscellaneous
255689,Miscellaneous
255738,Miscellaneous
255771,Home & Garden
255822,Miscellaneous
255832,Miscellaneous
255835,Miscellaneous
255870,Telecommunications
255886,Miscellaneous
255919,Specialty Food
255921,Miscellaneous
255922,Miscellaneous
255935,Miscellaneous
255956,Restaurants
255965,Arts & Entertainment
255982,Restaurants
255987,Miscellaneous
255988,Restaurants
255993,Miscellaneous
255994,Miscellaneous
256001,Restaurants
256014,Automotive Retail
256026,Miscellaneous
256052,Miscellaneous
256063,Miscellaneous
256064,Restaurants
256067,Miscellaneous
256078,Miscellaneous
256099,Miscellaneous
256108,Fast Food
256116,Restaurants
256131,Restaurants
256156,Bars & Nightlife
256193,Restaurants
256194,Restaurants
256221,Miscellaneous
256232,Fast Food
256245,Miscellaneous
256251,Restaurants
256271,Restaurants
256275,Restaurants
256322,Restaurants
256376,Miscellaneous
256391,Miscellaneous
256395,Home & Garden
256396,Bakery & Desserts
256408,Miscellaneous
256433,Miscellaneous
256456,Real Estate
256459,Miscellaneous
256482,Schools
256571,Miscellaneous
256615,Home & Garden
256619,Miscellaneous
256633,Miscellaneous
256639,Specialty Retail
256656,Pharmacy
256659,Miscellaneous
256715,Miscellaneous
256739,Miscellaneous
256745,Hotels & Motels
256748,Miscellaneous
256755,Clothing & Apparel
256762,Coffee & Tea
256763,Miscellaneous
256769,Restaurants
256791,Health & Beauty
256811,Miscellaneous
256813,Telecommunications
256829,Miscellaneous
256833,Miscellaneous
256842,Restaurants
256844,Miscellaneous
256898,Miscellaneous
256929,Miscellaneous
256935,Coffee & Tea
256959,Miscellaneous
256960,Health & Beauty
256970,Miscellaneous
256972,Restaurants
256974,Miscellaneous
256996,Miscellaneous
256997,Miscellaneous
257002,Miscellaneous
257027,Restaurants
257057,Telecommunications
257060,Fast Food
257068,Specialty Food
257071,Towing & Roadside
257073,Miscellaneous
257074,Schools
257090,Miscellaneous
257114,Miscellaneous
257116,Miscellaneous
257124,Miscellaneous
257126,Restaurants
257131,Miscellaneous
257136,Clothing & Apparel
257142,Alternative Lodging
257144,Miscellaneous
257146,Miscellaneous
257154,Business Services
257170,Health & Beauty
257175,Miscellaneous
257196,Childcare
257210,Miscellaneous
257216,Cleaning Services
257228,Miscellaneous
257233,Miscellaneous
257258,Restaurants
257264,Telecommunications
257284,Specialty Food
257287,Hotels & Motels
257294,Automotive Retail
257295,Restaurants
257298,Coffee & Tea
257328,Medical Offices
257331,Restaurants
257346,Restaurants
257351,Miscellaneous
257354,Restaurants
257367,Specialty Food
257381,Restaurants
257391,Specialty Food
257393,Health & Beauty
257398,Restaurants
257402,Restaurants
257415,Restaurants
257417,Miscellaneous
257428,Miscellaneous
257442,Sports & Recreation
257461,Bars & Nightlife
257462,Bars & Nightlife
257478,Miscellaneous
257494,Fitness & Recreation
257498,Consulting
257510,Miscellaneous
257511,Bars & Nightlife
257513,Miscellaneous
257525,Miscellaneous
257538,Miscellaneous
257542,Miscellaneous
257551,Miscellaneous
257559,Clothing & Apparel
257567,Miscellaneous
257570,Construction & Contractors
257576,Medical Offices
257584,Miscellaneous
257588,Miscellaneous
257595,Miscellaneous
257600,Miscellaneous
257626,Miscellaneous
257636,Travel Services
257658,Miscellaneous
257663,Medical Offices
257664,Health & Beauty
257683,Restaurants
257689,Automotive Retail
257707,Consulting
257721,Miscellaneous
257734,Miscellaneous
257744,Miscellaneous
257817,Miscellaneous
257829,Plumbing & HVAC
257832,Coffee & Tea
257853,Miscellaneous
257861,Miscellaneous
257863,Construction & Contractors
257871,Medical Offices
257879,Miscellaneous
257892,Miscellaneous
257901,Health & Beauty
257936,Restaurants
257941,Miscellaneous
257960,Miscellaneous
257989,Miscellaneous
258022,Restaurants
258055,Miscellaneous
258075,Miscellaneous
258144,Miscellaneous
258146,Miscellaneous
258148,Car Wash & Detailing
258149,Miscellaneous
258167,Health & Beauty
258192,Clothing & Apparel
258200,Miscellaneous
258205,Medical Offices
258229,Clothing & Apparel
258242,Miscellaneous
258247,Restaurants
258265,Restaurants
258266,Restaurants
258273,Restaurants
258288,Restaurants
258294,Miscellaneous
258300,Consulting
258315,Miscellaneous
258322,Fitness & Recreation
258339,Miscellaneous
258343,Restaurants
258399,Restaurants
258401,Coffee & Tea
258419,Restaurants
258433,Hotels & Motels
258436,Restaurants
258458,Hotels & Motels
258466,General Merchandise
258467,Restaurants
258489,Medical Offices
258506,Legal Services
258520,Automotive Retail
258549,Fast Food
258561,Miscellaneous
258572,Miscellaneous
258590,Restaurants
258614,Miscellaneous
258649,Restaurants
258653,Miscellaneous
258655,Miscellaneous
258662,Miscellaneous
258668,Miscellaneous
258698,Miscellaneous
258745,Coffee & Tea
258749,Miscellaneous
258751,Miscellaneous
258753,Miscellaneous
258774,Restaurants
258802,Specialty Food
258818,Bars & Nightlife
258844,Medical Offices
258853,Telecommunications
258857,Mental Health
258865,Restaurants
258901,Miscellaneous
258907,Financial Services
258908,Miscellaneous
258911,Restaurants
258912,Miscellaneous
258914,Restaurants
258924,Miscellaneous
258930,Miscellaneous
258944,Miscellaneous
258948,Specialty Retail
258949,Miscellaneous
258964,Construction & Contractors
258974,Miscellaneous
258985,Restaurants
259009,Coffee & Tea
259040,Miscellaneous
259043,Miscellaneous
259055,Miscellaneous
259068,Restaurants
259099,Restaurants
259116,Health & Beauty
259130,Restaurants
259134,Miscellaneous
259136,Financial Services
259137,Miscellaneous
259139,Restaurants
259166,Fast Food
259175,Restaurants
259223,Miscellaneous
259240,Miscellaneous
259259,Events & Venues
259298,Coffee & Tea
259307,Restaurants
259337,Hotels & Motels
259349,Miscellaneous
259353,Miscellaneous
259355,Restaurants
259367,Restaurants
259379,Restaurants
259408,Restaurants
259414,Clothing & Apparel
259433,Miscellaneous
259437,Restaurants
259450,Sports & Recreation
259451,Restaurants
259456,Automotive Retail
259490,Restaurants
259496,Restaurants
259572,Miscellaneous
259591,Fitness & Recreation
259605,Fast Food
259616,Miscellaneous
259645,Miscellaneous
259649,Miscellaneous
259660,Restaurants
259662,Miscellaneous
259667,Restaurants
259675,Miscellaneous
259687,Miscellaneous
259688,Restaurants
259730,Repair & Maintenance
259742,Miscellaneous
259781,Health & Beauty
259784,Clothing & Apparel
259791,Miscellaneous
259837,Miscellaneous
259843,Bars & Nightlife
259889,Dry Cleaning & Laundry
259890,Construction & Contractors
259898,Miscellaneous
259911,Miscellaneous
259921,Miscellaneous
259923,Restaurants
259926,Miscellaneous
259930,Restaurants
259932,Health & Beauty
259962,Construction & Contractors
259964,Restaurants
259990,Miscellaneous
259997,Construction & Contractors
260006,Home & Garden
260008,Fast Food
260010,Miscellaneous
260029,Schools
260043,Health & Beauty
260056,Restaurants
260076,Miscellaneous
260090,Miscellaneous
260103,Miscellaneous
260106,Bars & Nightlife
260175,Business Services
260182,Health & Beauty
260191,Restaurants
260202,Miscellaneous
260206,Miscellaneous
260213,Repair & Maintenance
260236,Schools
260237,Restaurants
260250,Miscellaneous
260257,Landscaping
260290,Restaurants
260332,Miscellaneous
260349,Hotels & Motels
260356,Coffee & Tea
260358,Miscellaneous
260372,Schools
260373,Miscellaneous
260374,Restaurants
260384,Alternative Lodging
260399,Alternative Lodging
260405,Restaurants
260428,Restaurants
260435,Legal Services
260441,Restaurants
260461,Specialty Food
260464,Coffee & Tea
260487,Coffee & Tea
260523,Health & Beauty
260539,Travel Services
260543,Restaurants
260551,Restaurants
260555,Hotels & Motels
260565,Miscellaneous
260583,Hotels & Motels
260628,Restaurants
260644,Fast Food
260645,Restaurants
260646,Health & Beauty
260667,Miscellaneous
260672,Medical Offices
260676,Miscellaneous
260684,Miscellaneous
260700,Miscellaneous
260717,Restaurants
260739,Health & Beauty
260745,Medical Offices
260765,Restaurants
260792,Miscellaneous
260796,Restaurants
260810,Miscellaneous
260815,Clothing & Apparel
260832,Financial Services
260858,Coffee & Tea
260862,Restaurants
260883,Legal Services
260887,Bars & Nightlife
260893,Bars & Nightlife
260899,Construction & Contractors
260902,Hotels & Motels
260906,Medical Offices
260914,Mental Health
260915,Restaurants
260920,Miscellaneous
260932,Miscellaneous
260947,Miscellaneous
260981,Miscellaneous
260993,Miscellaneous
260997,Hotels & Motels
261008,Miscellaneous
261010,Specialty Food
261014,IT Services
261024,Consulting
261033,Events & Venues
261034,Miscellaneous
261043,Real Estate
261082,Miscellaneous
261085,Clothing & Apparel
261110,IT Services
261114,Miscellaneous
261150,Automotive Retail
261175,Schools
261176,Repair & Maintenance
261190,Travel Services
261192,Miscellaneous
261202,Miscellaneous
261220,Restaurants
261223,Restaurants
261237,Miscellaneous
261251,Fast Food
261258,Restaurants
261261,Restaurants
261271,Restaurants
261279,Fast Food
261283,Health & Beauty
261299,Clothing & Apparel
261309,Automotive Retail
261325,Restaurants
261329,Telecommunications
261335,Restaurants
261343,Restaurants
261361,Fitness & Recreation
261365,Miscellaneous
261391,General Merchandise
261393,Miscellaneous
261395,Miscellaneous
261398,Miscellaneous
261401,Miscellaneous
261411,Restaurants
261425,Bars & Nightlife
261428,Restaurants
261431,Restaurants
261458,Restaurants
261488,Miscellaneous
261497,Restaurants
261503,Miscellaneous
261519,Miscellaneous
261567,Miscellaneous
261580,Events & Venues
261613,Miscellaneous
261620,Miscellaneous
261630,Miscellaneous
261642,Specialty Food
261653,Childcare
261674,Miscellaneous
261676,Repair & Maintenance
261687,Consulting
261688,Miscellaneous
261716,Bars & Nightlife
261732,Hotels & Motels
261743,Coffee & Tea
261765,Miscellaneous
261770,Restaurants
261793,Miscellaneous
261806,Repair & Maintenance
261819,Miscellaneous
261838,Legal Services
261851,Miscellaneous
261920,Restaurants
261940,IT Services
261962,Miscellaneous
261979,Miscellaneous
262001,Miscellaneous
262006,Miscellaneous
262039,Repair & Maintenance
262103,Medical Offices
262109,Miscellaneous
262110,Automotive Retail
262112,Miscellaneous
262149,Restaurants
262154,Miscellaneous
262160,Restaurants
262163,Miscellaneous
262167,Miscellaneous
262173,Hotels & Motels
262180,Miscellaneous
262212,Hotels & Motels
262222,Health & Beauty
262226,Restaurants
262231,Fitness & Recreation
262238,Restaurants
262239,Miscellaneous
262246,Miscellaneous
262248,Miscellaneous
262255,Fitness & Recreation
262280,Restaurants
262284,Restaurants
262289,Specialty Food
262300,Miscellaneous
262302,Coffee & Tea
262321,Restaurants
262330,Miscellaneous
262342,Hotels & Motels
262362,Miscellaneous
262409,Coffee & Tea
262447,Arts & Entertainment
262452,Restaurants
262462,Restaurants
262498,Miscellaneous
262510,Restaurants
262524,Hotels & Motels
262528,Automotive Retail
262529,Miscellaneous
262537,Restaurants
262541,Clothing & Apparel
262542,Miscellaneous
262557,Fitness & Recreation
262569,Schools
262575,Travel Services
262588,Childcare
262589,Miscellaneous
262599,Specialty Retail
262612,Hotels & Motels
262615,Health & Beauty
262638,Restaurants
262644,Restaurants
262647,Real Estate
262650,Miscellaneous
262671,Miscellaneous
262673,Miscellaneous
262676,Miscellaneous
262682,Construction & Contractors
262736,Restaurants
262743,Miscellaneous
262757,Electrical
262772,Miscellaneous
262797,Miscellaneous
262807,Coffee & Tea
262836,Hotels & Motels
262845,Miscellaneous
262847,Coffee & Tea
262851,Telecommunications
262856,Miscellaneous
262859,Construction & Contractors
262860,Travel Services
262873,Miscellaneous
262888,Specialized Healthcare
262906,Miscellaneous
262934,Schools
262940,Miscellaneous
262975,Miscellaneous
263015,Miscellaneous
263029,Bars & Nightlife
263035,Miscellaneous
263045,Miscellaneous
263050,Miscellaneous
263051,Miscellaneous
263055,Miscellaneous
263059,Restaurants
263067,Specialty Food
263088,Miscellaneous
263105,Restaurants
263141,Specialty Food
263149,Miscellaneous
263154,Miscellaneous
263163,Miscellaneous
263167,Specialty Food
263170,Miscellaneous
263180,Financial Services
263182,Restaurants
263193,Miscellaneous
263197,Miscellaneous
263199,Restaurants
263200,Medical Offices
263205,Miscellaneous
263214,Miscellaneous
263220,Miscellaneous
263233,Dry Cleaning & Laundry
263256,Bars & Nightlife
263257,Miscellaneous
263264,Miscellaneous
263279,Fast Food
263280,Miscellaneous
263308,Miscellaneous
263309,Miscellaneous
263315,Health & Beauty
263317,Miscellaneous
263319,Restaurants
263325,Miscellaneous
263326,Bars & Nightlife
263388,Fast Food
263395,Health & Beauty
263415,Bakery & Desserts
263428,Miscellaneous
263449,Miscellaneous
263482,Restaurants
263484,Restaurants
263488,Restaurants
263494,Restaurants
263497,Restaurants
263530,Hotels & Motels
263551,Restaurants
263557,Miscellaneous
263572,Miscellaneous
263577,Health & Beauty
263608,Restaurants
263640,Coffee & Tea
263650,Miscellaneous
263653,Restaurants
263660,Specialty Food
263665,Restaurants
263673,Restaurants
263691,Restaurants
263733,Legal Services
263739,Miscellaneous
263769,Fast Food
263774,Miscellaneous
263775,Construction & Contractors
263806,Miscellaneous
263826,Automotive Retail
263833,Medical Offices
263848,Specialty Food
263861,Miscellaneous
263867,Miscellaneous
263891,Repair & Maintenance
263905,Automotive Retail
263908,Miscellaneous
263912,Health & Beauty
263930,Specialized Healthcare
263931,Miscellaneous
263951,Miscellaneous
263958,Miscellaneous
263960,Bars & Nightlife
263965,Miscellaneous
263972,Repair & Maintenance
263976,General Merchandise
264005,Miscellaneous
264034,Restaurants
264035,Restaurants
264058,Restaurants
264069,Miscellaneous
264090,Arts & Entertainment
264106,Miscellaneous
264117,Miscellaneous
264119,Miscellaneous
264124,Health & Beauty
264135,Miscellaneous
264154,Bars & Nightlife
264183,Fast Food
264209,Miscellaneous
264219,Medical Offices
264230,Childcare
264311,Miscellaneous
264354,Miscellaneous
264355,Miscellaneous
264369,Specialty Food
264377,Bars & Nightlife
264385,Restaurants
264386,Restaurants
264396,Miscellaneous
264405,Medical Offices
264417,Business Services
264425,Miscellaneous
264462,Financial Services
264468,Miscellaneous
264470,Real Estate
264481,Miscellaneous
264510,Restaurants
264514,Miscellaneous
264529,Miscellaneous
264539,Bars & Nightlife
264540,Restaurants
264552,Restaurants
264560,Coffee & Tea
264587,Miscellaneous
264617,Restaurants
264623,Restaurants
264624,Restaurants
264649,Health & Beauty
264650,Automotive Retail
264652,Restaurants
264654,Restaurants
264674,Restaurants
264681,Bars & Nightlife
264694,Arts & Entertainment
264697,Coffee & Tea
264698,Restaurants
264702,Home & Garden
264709,Restaurants
264728,Miscellaneous
264761,Fast Food
264767,Miscellaneous
264776,Coffee & Tea
264790,Specialty Retail
264799,Miscellaneous
264814,Telecommunications
264817,Miscellaneous
264852,Financial Services
264860,Miscellaneous
264895,Miscellaneous
264911,Miscellaneous
264914,Miscellaneous
264915,Restaurants
264918,Repair & Maintenance
264956,Miscellaneous
264964,Construction & Contractors
264967,Miscellaneous
265019,Fitness & Recreation
265025,Miscellaneous
265034,Miscellaneous
265048,Miscellaneous
265070,Health & Beauty
265071,Travel Services
265074,Schools
265084,Miscellaneous
265103,Miscellaneous
265108,Miscellaneous
265119,Miscellaneous
265139,Restaurants
265161,Miscellaneous
265167,Miscellaneous
265186,Restaurants
265201,Real Estate
265247,Miscellaneous
265257,Miscellaneous
265265,Financial Services
265267,Restaurants
265272,Miscellaneous
265280,Miscellaneous
265286,Miscellaneous
265291,Medical Offices
265312,Coffee & Tea
265326,Miscellaneous
265346,Events & Venues
265414,Restaurants
265426,Bars & Nightlife
265452,Miscellaneous
265458,Telecommunications
265466,Coffee & Tea
265475,Pet Services
265485,Fitness & Recreation
265522,Coffee & Tea
265547,Specialty Food
265552,Miscellaneous
265568,Miscellaneous
265569,Miscellaneous
265582,Restaurants
265596,Specialty Food
265598,Miscellaneous
265608,Miscellaneous
265619,Fast Food
265620,Miscellaneous
265623,Hotels & Motels
265626,Hotels & Motels
265642,General Merchandise
265658,Restaurants
265676,Restaurants
265686,Fast Food
265694,Restaurants
265728,Coffee & Tea
265747,Miscellaneous
265752,Restaurants
265808,Miscellaneous
265829,Specialty Food
265858,Miscellaneous
265863,Miscellaneous
265877,Miscellaneous
265888,Miscellaneous
265944,Car Wash & Detailing
265963,Miscellaneous
265980,Clothing & Apparel
265999,Miscellaneous
266021,Restaurants
266040,Miscellaneous
266055,Miscellaneous
266103,Restaurants
266139,Miscellaneous
266175,Health & Beauty
266203,Miscellaneous
266228,Miscellaneous
266285,Miscellaneous
266301,Fitness & Recreation
266307,Miscellaneous
266320,Miscellaneous
266328,Miscellaneous
266335,Clothing & Apparel
266346,Restaurants
266390,Miscellaneous
266399,Health & Beauty
266435,Restaurants
266481,Miscellaneous
266489,Coffee & Tea
266516,Fitness & Recreation
266526,Miscellaneous
266530,Fitness & Recreation
266531,Restaurants
266532,Restaurants
266551,Restaurants
266552,Automotive Retail
266555,Restaurants
266559,Fast Food
266560,Miscellaneous
266565,Restaurants
266582,Repair & Maintenance
266584,Restaurants
266652,Restaurants
266656,Miscellaneous
266666,Bars & Nightlife
266690,Miscellaneous
266701,Miscellaneous
266705,Miscellaneous
266710,Miscellaneous
266718,Restaurants
266726,Restaurants
266733,Restaurants
266771,Restaurants
266780,Restaurants
266788,Miscellaneous
266791,Restaurants
266795,Specialty Food
266800,Restaurants
266806,Restaurants
266819,Specialty Food
266851,Hotels & Motels
266862,Restaurants
266880,Financial Services
266893,Schools
266905,Miscellaneous
266918,Miscellaneous
266922,Miscellaneous
266971,Restaurants
266975,Miscellaneous
267002,Repair & Maintenance
267008,Medical Offices
267017,Miscellaneous
267039,Miscellaneous
267042,Medical Offices
267049,Miscellaneous
267059,Health & Beauty
267064,Business Services
267073,Miscellaneous
267089,Arts & Entertainment
267133,Home & Garden
267136,Miscellaneous
267137,Miscellaneous
267148,Miscellaneous
267164,Miscellaneous
267177,Miscellaneous
267200,Fitness & Recreation
267222,Miscellaneous
267227,Miscellaneous
267229,Miscellaneous
267259,Miscellaneous
267266,Miscellaneous
267274,Restaurants
267276,Miscellaneous
267290,Restaurants
267314,Miscellaneous
267317,Restaurants
267319,Miscellaneous
267327,Miscellaneous
267361,Home & Garden
267381,Miscellaneous
267410,Coffee & Tea
267431,Restaurants
267433,Home & Garden
267500,Restaurants
267502,Miscellaneous
267518,Miscellaneous
267519,Coffee & Tea
267527,Miscellaneous
267528,Miscellaneous
267539,Restaurants
267549,Restaurants
267562,Coffee & Tea
267607,Automotive Retail
267618,Miscellaneous
267619,Miscellaneous
267620,Miscellaneous
267641,Miscellaneous
267685,Restaurants
267686,Telecommunications
267711,Events & Venues
267730,Arts & Entertainment
267735,Miscellaneous
267755,Coffee & Tea
267794,Car Wash & Detailing
267819,Miscellaneous
267844,Coffee & Tea
267852,Specialty Food
267855,Restaurants
267863,Telecommunications
267913,Repair & Maintenance
267926,Hotels & Motels
267933,Restaurants
267935,Hotels & Motels
267936,Restaurants
267969,Miscellaneous
267978,Coffee & Tea
268032,Medical Offices
268064,Miscellaneous
268097,Miscellaneous
268106,Health & Beauty
268131,Medical Offices
268139,Miscellaneous
268163,Miscellaneous
268179,Miscellaneous
268195,Miscellaneous
268245,Restaurants
268253,Miscellaneous
268262,Fast Food
268285,Medical Offices
268287,Coffee & Tea
268294,Fitness & Recreation
268296,Restaurants
268358,Miscellaneous
268361,Hotels & Motels
268374,Miscellaneous
268384,Specialty Food
268388,Miscellaneous
268389,Bars & Nightlife
268421,Miscellaneous
268423,Health & Beauty
268465,Miscellaneous
268467,Coffee & Tea
268474,Restaurants
268489,Miscellaneous
268523,Pharmacy
268545,Restaurants
268547,Miscellaneous
268550,Miscellaneous
268552,Miscellaneous
268558,Fitness & Recreation
268559,Health & Beauty
268565,Fitness & Recreation
268578,Miscellaneous
268595,Coffee & Tea
268610,Restaurants
268623,Miscellaneous
268636,Health & Beauty
268640,Restaurants
268654,Restaurants
268663,Bars & Nightlife
268665,Bars & Nightlife
268715,IT Services
268734,Fast Food
268760,Restaurants
268771,Miscellaneous
268772,Financial Services
268785,Miscellaneous
268789,Arts & Entertainment
268799,Miscellaneous
268804,Coffee & Tea
268815,Miscellaneous
268816,Automotive Retail
268829,Miscellaneous
268862,Medical Offices
268883,Health & Beauty
268888,Consulting
268890,Legal Services
268895,Miscellaneous
268908,Miscellaneous
268909,Restaurants
268948,Miscellaneous
268959,Miscellaneous
268967,Miscellaneous
268969,Clothing & Apparel
268978,Health & Beauty
268993,Restaurants
269015,Restaurants
269017,Miscellaneous
269028,Repair & Maintenance
269033,Bars & Nightlife
269060,Miscellaneous
269068,Miscellaneous
269074,Medical Offices
269079,Specialty Retail
269110,Schools
269112,Miscellaneous
269113,Miscellaneous
269121,Bars & Nightlife
269126,Bakery & Desserts
269131,Miscellaneous
269138,Miscellaneous
269140,Restaurants
269158,Miscellaneous
269163,Financial Services
269173,Miscellaneous
269177,Miscellaneous
269192,Miscellaneous
269196,Restaurants
269225,Fitness & Recreation
269240,Miscellaneous
269241,Travel Services
269269,Miscellaneous
269291,Specialty Retail
269295,Miscellaneous
269307,Restaurants
269313,Miscellaneous
269336,Medical Offices
269337,Sports & Recreation
269348,Hotels & Motels
269349,Restaurants
269383,Restaurants
269395,Fast Food
269401,Miscellaneous
269405,Medical Offices
269407,IT Services
269425,Hotels & Motels
269456,Miscellaneous
269462,Miscellaneous
269498,Miscellaneous
269516,Restaurants
269535,Automotive Retail
269537,Restaurants
269560,Hotels & Motels
269566,Restaurants
269573,Restaurants
269580,Miscellaneous
269586,Bars & Nightlife
269587,Restaurants
269598,Restaurants
269615,Repair & Maintenance
269650,Miscellaneous
269652,Bars & Nightlife
269672,Restaurants
269686,Car Wash & Detailing
269692,Miscellaneous
269699,Health & Beauty
269721,Miscellaneous
269722,Sports & Recreation
269801,Miscellaneous
269810,Miscellaneous
269859,Miscellaneous
269862,Miscellaneous
269863,Miscellaneous
269872,Miscellaneous
269874,Miscellaneous
269885,Miscellaneous
269908,Health & Beauty
269916,Miscellaneous
269923,Events & Venues
269926,Medical Offices
269937,Health & Beauty
269955,Financial Services
269956,Miscellaneous
269981,Miscellaneous
269987,Restaurants
269988,Construction & Contractors
269991,Coffee & Tea
269992,Restaurants
270018,Medical Offices
270031,Miscellaneous
270035,Bars & Nightlife
270078,Miscellaneous
270079,Schools
270109,Miscellaneous
270148,Miscellaneous
270161,Miscellaneous
270162,Miscellaneous
270197,Real Estate
270198,Miscellaneous
270219,Miscellaneous
270263,Clothing & Apparel
270268,Bars & Nightlife
270271,Miscellaneous
270318,Hotels & Motels
270322,Miscellaneous
270336,Restaurants
270342,Bars & Nightlife
270364,Restaurants
270399,Specialty Food
270411,Hotels & Motels
270450,Bars & Nightlife
270466,Bars & Nightlife
270472,Miscellaneous
270484,Coffee & Tea
270490,Specialty Food
270513,Miscellaneous
270521,Automotive Retail
270540,Restaurants
270556,Miscellaneous
270567,Fast Food
270570,Miscellaneous
270584,Miscellaneous
270585,Construction & Contractors
270592,Miscellaneous
270598,Miscellaneous
270610,Miscellaneous
270622,Health & Beauty
270631,Miscellaneous
270648,Miscellaneous
270651,Health & Beauty
270661,Miscellaneous
270666,Restaurants
270701,Legal Services
270702,Miscellaneous
270723,Miscellaneous
270783,Miscellaneous
270791,Restaurants
270800,Restaurants
270826,Miscellaneous
270830,Miscellaneous
270846,Arts & Entertainment
270850,Restaurants
270851,Restaurants
270881,Automotive Retail
270882,Miscellaneous
270896,Miscellaneous
270898,Repair & Maintenance
270916,Miscellaneous
270968,Miscellaneous
270982,Coffee & Tea
270984,Miscellaneous
271000,Miscellaneous
271023,Miscellaneous
271024,Restaurants
271032,Miscellaneous
271043,Miscellaneous
271057,Telecommunications
271058,Miscellaneous
271067,Miscellaneous
271075,Miscellaneous
271085,Real Estate
271086,Consulting
271095,Miscellaneous
271098,Miscellaneous
271121,Miscellaneous
271147,Miscellaneous
271166,Miscellaneous
271168,Restaurants
271178,Miscellaneous
271181,Financial Services
271193,Miscellaneous
271195,Repair & Maintenance
271234,Miscellaneous
271235,Restaurants
271236,Restaurants
271252,Health & Beauty
271254,Miscellaneous
271283,Miscellaneous
271287,Miscellaneous
271321,Miscellaneous
271337,Miscellaneous
271346,Miscellaneous
271354,Specialized Healthcare
271371,Childcare
271387,Bars & Nightlife
271388,Miscellaneous
271399,Restaurants
271407,Miscellaneous
271461,Miscellaneous
271462,Miscellaneous
271465,Fitness & Recreation
271466,Restaurants
271467,Financial Services
271472,Restaurants
271477,Financial Services
271480,Miscellaneous
271490,Miscellaneous
271500,Miscellaneous
271506,Health & Beauty
271552,Miscellaneous
271572,Restaurants
271578,Medical Offices
271584,Bars & Nightlife
271586,Restaurants
271594,Miscellaneous
271616,General Merchandise
271620,Telecommunications
271643,Repair & Maintenance
271653,Specialty Food
271655,Miscellaneous
271673,Miscellaneous
271692,Miscellaneous
271696,Miscellaneous
271700,Miscellaneous
271724,Restaurants
271765,Bars & Nightlife
271781,Restaurants
271812,Miscellaneous
271815,Miscellaneous
271842,Miscellaneous
271868,Miscellaneous
271877,Miscellaneous
271887,Miscellaneous
271909,Miscellaneous
271911,Health & Beauty
271926,Miscellaneous
271934,Restaurants
271937,Alternative Lodging
271938,Restaurants
271966,Real Estate
271969,Miscellaneous
271981,Specialty Retail
271983,Miscellaneous
271991,Dry Cleaning & Laundry
271992,Restaurants
271996,Miscellaneous
271997,Restaurants
272016,Miscellaneous
272018,Miscellaneous
272036,Restaurants
272042,Miscellaneous
272051,Miscellaneous
272055,Bars & Nightlife
272058,Bars & Nightlife
272059,Health & Beauty
272084,Restaurants
272126,Bars & Nightlife
272138,Miscellaneous
272140,Towing & Roadside
272155,Miscellaneous
272160,Restaurants
272174,Specialty Food
272180,Restaurants
272201,Hotels & Motels
272214,Miscellaneous
272216,Restaurants
272221,Construction & Contractors
272229,Pet Services
272239,Coffee & Tea
272276,Coffee & Tea
272295,Health & Beauty
272298,Miscellaneous
272309,Fast Food
272341,Miscellaneous
272395,Health & Beauty
272396,Miscellaneous
272402,Miscellaneous
272409,Miscellaneous
272412,Fast Food
272426,Construction & Contractors
272435,Restaurants
272466,Specialty Retail
272475,Miscellaneous
272480,Restaurants
272491,Miscellaneous
272492,Miscellaneous
272498,Restaurants
272503,Miscellaneous
272506,Coffee & Tea
272527,Miscellaneous
272536,Telecommunications
272563,Health & Beauty
272571,Miscellaneous
272597,Miscellaneous
272607,Sports & Recreation
272629,Restaurants
272635,Miscellaneous
272647,Pet Services
272678,Restaurants
272682,Sports & Recreation
272707,Miscellaneous
272720,Miscellaneous
272721,Restaurants
272727,Miscellaneous
272734,Repair & Maintenance
272748,Miscellaneous
272766,Miscellaneous
272776,Repair & Maintenance
272784,Medical Offices
272788,Health & Beauty
272792,Financial Services
272795,Restaurants
272796,Miscellaneous
272801,Miscellaneous
272829,Coffee & Tea
272838,Bakery & Desserts
272854,Miscellaneous
272858,Events & Venues
272862,Miscellaneous
272870,Miscellaneous
272879,Clothing & Apparel
272895,Business Services
272906,Specialty Retail
272913,Fitness & Recreation
272944,Miscellaneous
272950,Health & Beauty
272955,Restaurants
272973,Fast Food
272976,Coffee & Tea
272995,Health & Beauty
273002,Restaurants
273026,Hotels & Motels
273082,Health & Beauty
273089,Restaurants
273103,Health & Beauty
273104,Schools
273126,Miscellaneous
273148,Miscellaneous
273173,Health & Beauty
273176,Restaurants
273177,Fast Food
273208,Medical Offices
273210,Restaurants
273228,Miscellaneous
273239,Miscellaneous
273281,Home & Garden
273296,Coffee & Tea
273305,Miscellaneous
273327,Automotive Retail
273343,Miscellaneous
273351,Home & Garden
273367,Financial Services
273394,Miscellaneous
273407,Miscellaneous
273414,Miscellaneous
273423,Miscellaneous
273476,Miscellaneous
273492,Restaurants
273512,Miscellaneous
273513,Miscellaneous
273515,Automotive Retail
273521,Health & Beauty
273543,Miscellaneous
273547,Miscellaneous
273558,Miscellaneous
273602,Miscellaneous
273617,Miscellaneous
273641,Restaurants
273682,Miscellaneous
273702,Towing & Roadside
273705,Restaurants
273717,Miscellaneous
273725,Miscellaneous
273735,Miscellaneous
273739,Bars & Nightlife
273744,Miscellaneous
273757,Miscellaneous
273767,Miscellaneous
273768,Coffee & Tea
273783,Restaurants
273841,Bars & Nightlife
273843,Miscellaneous
273844,Miscellaneous
273850,Restaurants
273852,Home & Garden
273856,Restaurants
273864,Miscellaneous
273866,Miscellaneous
273898,Bars & Nightlife
273899,Restaurants
273900,Miscellaneous
273909,Hotels & Motels
273924,Bars & Nightlife
273925,Coffee & Tea
273937,Restaurants
273941,Miscellaneous
273981,Clothing & Apparel
273982,Bars & Nightlife
273986,Restaurants
273996,Restaurants
274010,Clothing & Apparel
274012,Home & Garden
274040,Medical Offices
274042,Miscellaneous
274054,Plumbing & HVAC
274071,Miscellaneous
274086,Restaurants
274109,Miscellaneous
274113,Miscellaneous
274117,Miscellaneous
274136,Miscellaneous
274139,Coffee & Tea
274143,Restaurants
274146,Restaurants
274164,Restaurants
274165,Miscellaneous
274169,Business Services
274171,Bakery & Desserts
274182,Specialized Healthcare
274214,Pharmacy
274285,Miscellaneous
274307,Miscellaneous
274345,Miscellaneous
274367,Fast Food
274375,Restaurants
274377,Coffee & Tea
274380,Restaurants
274390,Miscellaneous
274397,Miscellaneous
274417,Miscellaneous
274425,Miscellaneous
274432,Miscellaneous
274433,Health & Beauty
274436,Automotive Retail
274439,Miscellaneous
274452,Automotive Retail
274456,Restaurants
274493,Bars & Nightlife
274523,Miscellaneous
274525,Restaurants
274544,Miscellaneous
274563,Miscellaneous
274582,Miscellaneous
274583,Miscellaneous
274585,Medical Offices
274586,Miscellaneous
274587,Miscellaneous
274592,Miscellaneous
274596,Miscellaneous
274598,Miscellaneous
274606,Miscellaneous
274629,Miscellaneous
274644,Miscellaneous
274672,Miscellaneous
274678,Restaurants
274680,Miscellaneous
274683,Coffee & Tea
274703,Restaurants
274710,Restaurants
274739,Restaurants
274753,Miscellaneous
274757,Telecommunications
274765,Miscellaneous
274771,Miscellaneous
274798,Miscellaneous
274808,Specialty Food
274809,Bakery & Desserts
274810,Restaurants
274839,Restaurants
274849,Coffee & Tea
274854,Restaurants
274871,Miscellaneous
274876,Specialty Food
274886,Plumbing & HVAC
274902,Miscellaneous
274936,Miscellaneous
274938,Restaurants
274952,Restaurants
274964,Miscellaneous
274978,Bakery & Desserts
274987,Miscellaneous
274990,Miscellaneous
274991,Miscellaneous
274992,Repair & Maintenance
274999,Restaurants
275053,Car Wash & Detailing
275055,Miscellaneous
275084,Car Wash & Detailing
275105,Miscellaneous
275113,Financial Services
275115,IT Services
275117,Miscellaneous
275132,Miscellaneous
275137,Restaurants
275138,Repair & Maintenance
275150,Miscellaneous
275170,Miscellaneous
275174,Telecommunications
275189,Miscellaneous
275197,Health & Beauty
275223,Pharmacy
275229,Miscellaneous
275230,Construction & Contractors
275250,Miscellaneous
275283,Telecommunications
275284,Real Estate
275296,Travel Services
275297,Miscellaneous
275299,Miscellaneous
275313,Miscellaneous
275344,Miscellaneous
275349,Miscellaneous
275350,Miscellaneous
275367,Coffee & Tea
275369,Fitness & Recreation
275373,Miscellaneous
275401,Miscellaneous
275405,Restaurants
275415,Miscellaneous
275418,Miscellaneous
275420,Fast Food
275422,Restaurants
275427,Bakery & Desserts
275433,Miscellaneous
275435,Bars & Nightlife
275464,Miscellaneous
275475,Miscellaneous
275524,Restaurants
275566,Dry Cleaning & Laundry
275567,Sports & Recreation
275577,Telecommunications
275581,General Merchandise
275589,Miscellaneous
275609,Medical Offices
275617,Repair & Maintenance
275623,Medical Offices
275640,Health & Beauty
275697,Real Estate
275699,Bakery & Desserts
275719,Bakery & Desserts
275770,Bakery & Desserts
275771,Miscellaneous
275793,Electrical
275797,Construction & Contractors
275822,Miscellaneous
275827,Miscellaneous
275830,Travel Services
275834,Miscellaneous
275843,Miscellaneous
275848,Restaurants
275873,Miscellaneous
275876,Miscellaneous
275880,Car Wash & Detailing
275893,Miscellaneous
275895,Miscellaneous
275919,Repair & Maintenance
275920,Bakery & Desserts
275930,Miscellaneous
275988,Health & Beauty
275999,Restaurants
276020,Repair & Maintenance
276037,Miscellaneous
276047,Restaurants
276108,Bars & Nightlife
276109,Telecommunications
276115,Miscellaneous
276131,Restaurants
276133,Repair & Maintenance
276134,Miscellaneous
276160,Bars & Nightlife
276180,Restaurants
276196,Restaurants
276205,Bakery & Desserts
276206,Restaurants
276215,Specialty Food
276234,Miscellaneous
276236,Miscellaneous
276237,Miscellaneous
276241,Miscellaneous
276249,Miscellaneous
276274,Restaurants
276277,Miscellaneous
276278,Miscellaneous
276299,Miscellaneous
276330,Pet Services
276331,Miscellaneous
276332,Financial Services
276362,Bars & Nightlife
276373,Automotive Retail
276375,Miscellaneous
276380,Miscellaneous
276381,Restaurants
276388,Miscellaneous
276389,Miscellaneous
276396,Fast Food
276399,Miscellaneous
276402,Repair & Maintenance
276415,Bars & Nightlife
276419,Restaurants
276425,Miscellaneous
276428,Specialty Food
276430,Miscellaneous
276431,Bakery & Desserts
276446,Health & Beauty
276510,Schools
276516,Real Estate
276528,Miscellaneous
276598,Health & Beauty
276626,Arts & Entertainment
276628,Miscellaneous
276631,Miscellaneous
276637,Medical Offices
276659,Arts & Entertainment
276672,Restaurants
276687,Fast Food
276698,Real Estate
276699,Restaurants
276720,Miscellaneous
276790,Miscellaneous
276801,Travel Services
276859,Miscellaneous
276861,Miscellaneous
276863,Consulting
276871,Miscellaneous
276882,Miscellaneous
276889,Miscellaneous
276954,Bakery & Desserts
276955,Plumbing & HVAC
276957,Miscellaneous
276971,Fitness & Recreation
276985,Car Wash & Detailing
276986,Bars & Nightlife
277006,Restaurants
277007,Miscellaneous
277011,Clothing & Apparel
277045,Specialized Healthcare
277047,Miscellaneous
277060,Miscellaneous
277092,Miscellaneous
277093,Miscellaneous
277113,Financial Services
277123,Miscellaneous
277124,Restaurants
277162,Health & Beauty
277172,Restaurants
277186,Financial Services
277188,Travel Services
277189,Miscellaneous
277190,Specialty Food
277206,Bakery & Desserts
277207,Miscellaneous
277240,Bakery & Desserts
277243,Specialty Food
277247,Miscellaneous
277258,Specialty Food
277259,Miscellaneous
277264,Health & Beauty
277302,Restaurants
277317,Miscellaneous
277321,Miscellaneous
277331,Clothing & Apparel
277364,Car Wash & Detailing
277372,Miscellaneous
277376,Telecommunications
277384,Restaurants
277390,Coffee & Tea
277408,Restaurants
277414,Miscellaneous
277428,Miscellaneous
277433,Miscellaneous
277437,Restaurants
277440,Events & Venues
277461,Car Wash & Detailing
277463,Automotive Retail
277472,Restaurants
277539,Specialty Food
277580,Clothing & Apparel
277581,Miscellaneous
277610,Miscellaneous
277642,Hotels & Motels
277647,Miscellaneous
277649,Hotels & Motels
277654,Restaurants
277663,Restaurants
277672,Coffee & Tea
277691,Miscellaneous
277692,Miscellaneous
277701,Miscellaneous
277706,Bars & Nightlife
277708,Restaurants
277709,Miscellaneous
277711,Restaurants
277756,Bakery & Desserts
277757,Restaurants
277786,Restaurants
277799,Health & Beauty
277805,Bars & Nightlife
277806,Miscellaneous
277808,Automotive Retail
277814,Coffee & Tea
277822,Miscellaneous
277833,General Merchandise
277840,Health & Beauty
277855,Miscellaneous
277858,Health & Beauty
277913,Miscellaneous
277928,Miscellaneous
277975,Clothing & Apparel
277981,Specialty Retail
277982,Miscellaneous
278001,Restaurants
278016,Coffee & Tea
278027,Coffee & Tea
278055,Restaurants
278063,Dry Cleaning & Laundry
278084,Miscellaneous
278085,Miscellaneous
278087,Miscellaneous
278088,Health & Beauty
278125,Miscellaneous
278132,Specialty Retail
278135,Miscellaneous
278157,Bakery & Desserts
278163,Clothing & Apparel
278179,Miscellaneous
278183,Repair & Maintenance
278186,Miscellaneous
278192,Clothing & Apparel
278223,Miscellaneous
278250,Telecommunications
278313,Miscellaneous
278322,Restaurants
278329,Miscellaneous
278348,Medical Offices
278359,Restaurants
278360,Miscellaneous
278386,Telecommunications
278389,Restaurants
278405,Schools
278453,Miscellaneous
278454,Clothing & Apparel
278467,Fast Food
278514,Events & Venues
278515,Miscellaneous
278516,Health & Beauty
278517,Miscellaneous
278568,Miscellaneous
278598,Clothing & Apparel
278600,Miscellaneous
278601,Bakery & Desserts
278602,Bars & Nightlife
278610,Restaurants
278618,Fitness & Recreation
278621,Miscellaneous
278623,Restaurants
278625,Health & Beauty
278626,Miscellaneous
278629,Miscellaneous
278732,Miscellaneous
278751,Specialty Food
278753,Bakery & Desserts
278781,Specialty Food
278786,Miscellaneous
278787,Miscellaneous
278793,Restaurants
278795,Restaurants
278796,Restaurants
278799,Health & Beauty
278816,Miscellaneous
278846,Medical Offices
278858,Miscellaneous
278859,Restaurants
278860,Miscellaneous
278861,Specialty Food
278864,Bakery & Desserts
278878,Bars & Nightlife
278882,Bars & Nightlife
278892,Miscellaneous
278911,Miscellaneous
278924,Miscellaneous
278931,Miscellaneous
278965,Automotive Retail
278968,Fast Food
278975,Specialty Food
278977,Coffee & Tea
278997,General Merchandise
278998,Restaurants
278999,Restaurants
279004,Miscellaneous
279042,Restaurants
279061,Repair & Maintenance
279066,Miscellaneous
279068,Bakery & Desserts
279069,Bars & Nightlife
279114,Miscellaneous
279122,Miscellaneous
279137,Coffee & Tea
279193,Miscellaneous
279200,Health & Beauty
279201,Miscellaneous
279258,Miscellaneous
279282,Restaurants
279315,Legal Services
279326,Travel Services
279331,Coffee & Tea
279335,Miscellaneous
279385,Health & Beauty
279442,Miscellaneous
279448,Home & Garden
279468,Miscellaneous
279475,Miscellaneous
279503,Arts & Entertainment
279514,Miscellaneous
279527,Fitness & Recreation
279530,Miscellaneous
279545,Real Estate
279549,Bars & Nightlife
279561,Miscellaneous
279564,Miscellaneous
279591,Bars & Nightlife
279596,Schools
279601,Specialized Healthcare
279606,Restaurants
279617,Miscellaneous
279618,Construction & Contractors
279620,Miscellaneous
279630,Specialty Food
279648,Restaurants
279651,Health & Beauty
279667,Specialty Food
279699,Automotive Retail
279708,Miscellaneous
279711,Miscellaneous
279713,Cleaning Services
279760,Miscellaneous
279786,Miscellaneous
279787,Miscellaneous
279795,Health & Beauty
279803,Miscellaneous
279809,Miscellaneous
279873,Repair & Maintenance
279876,Fitness & Recreation
279877,Miscellaneous
279899,Miscellaneous
279911,Travel Services
279915,Restaurants
279936,Miscellaneous
279940,Miscellaneous
279955,Arts & Entertainment
279975,Medical Offices
279989,Real Estate
279992,Miscellaneous
280001,Bars & Nightlife
280002,Medical Offices
280010,Miscellaneous
280012,Miscellaneous
280020,Repair & Maintenance
280023,Repair & Maintenance
280035,Bars & Nightlife
280051,Miscellaneous
280052,Consulting
280079,Medical Offices
280080,Miscellaneous
280083,Specialty Food
280084,Miscellaneous
280093,Medical Offices
280095,Restaurants
280098,Miscellaneous
280106,Miscellaneous
280110,Miscellaneous
280115,Miscellaneous
280146,Real Estate
280150,Medical Offices
280183,Fitness & Recreation
280187,Miscellaneous
280188,Miscellaneous
280197,Miscellaneous
280226,Miscellaneous
280231,Medical Offices
280235,Medical Offices
280243,Restaurants
280250,Automotive Retail
280266,Miscellaneous
280277,Restaurants
280297,Health & Beauty
280299,Miscellaneous
280300,Medical Offices
280313,Miscellaneous
280320,Restaurants
280335,Coffee & Tea
280354,Repair & Maintenance
280362,Coffee & Tea
280363,Miscellaneous
280367,Miscellaneous
280368,IT Services
280381,Miscellaneous
280388,Miscellaneous
280391,Miscellaneous
280396,Miscellaneous
280397,Bars & Nightlife
280399,Miscellaneous
280408,Miscellaneous
280430,Miscellaneous
280441,Real Estate
280444,Miscellaneous
280494,Miscellaneous
280498,Construction & Contractors
280519,Health & Beauty
280520,Miscellaneous
280539,Miscellaneous
280540,Miscellaneous
280545,Miscellaneous
280548,Fitness & Recreation
280550,Miscellaneous
280560,Miscellaneous
280588,Miscellaneous
280592,Construction & Contractors
280601,Miscellaneous
280632,Miscellaneous
280637,Specialty Retail
280669,Miscellaneous
280674,Specialized Healthcare
280685,Specialized Healthcare
280691,Miscellaneous
280697,Miscellaneous
280699,Miscellaneous
280712,Legal Services
280724,Telecommunications
280744,Restaurants
280756,Miscellaneous
280761,Miscellaneous
280767,Miscellaneous
280771,Events & Venues
280782,Health & Beauty
280807,Miscellaneous
280824,Fitness & Recreation
280826,Medical Offices
280862,Miscellaneous
280865,Restaurants
280872,Miscellaneous
280873,Miscellaneous
280884,Health & Beauty
280885,IT Services
280927,Restaurants
280931,Restaurants
280934,Schools
280955,Miscellaneous
280957,Miscellaneous
280966,Miscellaneous
280985,Electrical
281010,Miscellaneous
281067,Towing & Roadside
281078,Miscellaneous
281082,Miscellaneous
281093,Plumbing & HVAC
281100,Specialty Food
281105,Miscellaneous
281108,Events & Venues
281147,Miscellaneous
281150,Bars & Nightlife
281162,Miscellaneous
281174,Repair & Maintenance
281189,Miscellaneous
281209,Miscellaneous
281270,Restaurants
281309,Medical Offices
281316,Miscellaneous
281341,Miscellaneous
281346,Miscellaneous
281410,Miscellaneous
281415,Restaurants
281442,Health & Beauty
281455,Miscellaneous
281464,Miscellaneous
281476,Miscellaneous
281486,Schools
281495,Miscellaneous
281523,Miscellaneous
281528,Bakery & Desserts
281537,Miscellaneous
281549,Miscellaneous
281551,Automotive Retail
281560,Financial Services
281573,Miscellaneous
281574,Health & Beauty
281590,Financial Services
281599,Miscellaneous
281606,Miscellaneous
281617,Health & Beauty
281624,Restaurants
281658,Specialized Healthcare
281660,Financial Services
281686,Health & Beauty
281694,Miscellaneous
281699,Miscellaneous
281729,Financial Services
281752,Miscellaneous
281756,Miscellaneous
281768,Restaurants
281775,Miscellaneous
281782,Legal Services
281784,Miscellaneous
281786,Real Estate
281821,Miscellaneous
281835,Miscellaneous
281859,Legal Services
281865,Clothing & Apparel
281866,Pharmacy
281875,Schools
281889,Specialty Food
281891,Miscellaneous
281900,Real Estate
281904,Miscellaneous
281911,Miscellaneous
281918,Miscellaneous
281961,Repair & Maintenance
281970,Miscellaneous
281976,Automotive Retail
281979,Automotive Retail
282011,Miscellaneous
282015,Fast Food
282051,Miscellaneous
282102,Dry Cleaning & Laundry
282114,Miscellaneous
282121,Car Wash & Detailing
282125,Miscellaneous
282131,Financial Services
282136,Miscellaneous
282144,Miscellaneous
282159,Health & Beauty
282172,Miscellaneous
282182,Automotive Retail
282198,Construction & Contractors
282252,Health & Beauty
282275,Telecommunications
282280,Financial Services
282287,Miscellaneous
282295,Specialty Food
282301,Restaurants
282328,Financial Services
282346,Medical Offices
282350,Financial Services
282374,Home & Garden
282388,Restaurants
282392,Miscellaneous
282413,Miscellaneous
282439,Miscellaneous
282440,Miscellaneous
282448,Legal Services
282454,Repair & Maintenance
282461,Health & Beauty
282492,Health & Beauty
282508,Miscellaneous
282512,Arts & Entertainment
282530,Miscellaneous
282531,Clothing & Apparel
282533,Medical Offices
282560,Telecommunications
282564,Miscellaneous
282592,Coffee & Tea
282596,Miscellaneous
282599,Cleaning Services
282615,Restaurants
282624,Health & Beauty
282635,Arts & Entertainment
282674,Towing & Roadside
282676,Home & Garden
282682,Miscellaneous
282691,Cleaning Services
282696,Bars & Nightlife
282714,Health & Beauty
282715,Miscellaneous
282729,Restaurants
282748,Miscellaneous
282759,General Merchandise
282765,Miscellaneous
282797,Restaurants
282854,Health & Beauty
282856,Schools
282877,Miscellaneous
282888,Medical Offices
282892,Miscellaneous
282894,Health & Beauty
282921,Miscellaneous
282922,Construction & Contractors
282940,Miscellaneous
282947,Coffee & Tea
282948,Automotive Retail
282973,Miscellaneous
282978,Miscellaneous
282996,Miscellaneous
283006,Miscellaneous
283040,IT Services
283045,Miscellaneous
283047,Miscellaneous
283049,Miscellaneous
283105,Health & Beauty
283133,Miscellaneous
283155,Schools
283158,Telecommunications
283170,Financial Services
283174,Pharmacy
283180,Restaurants
283213,Clothing & Apparel
283225,Restaurants
283235,Restaurants
283237,Schools
283239,Miscellaneous
283242,Miscellaneous
283243,Restaurants
283257,Medical Offices
283268,Miscellaneous
283300,Clothing & Apparel
283301,Miscellaneous
283302,Arts & Entertainment
283304,Real Estate
283316,Specialty Retail
283346,Miscellaneous
283354,Coffee & Tea
283394,Miscellaneous
283408,Miscellaneous
283409,Medical Offices
283411,Restaurants
283422,Fitness & Recreation
283461,Miscellaneous
283474,Miscellaneous
283479,Miscellaneous
283484,Health & Beauty
283523,Legal Services
283538,Real Estate
283543,Health & Beauty
283568,Miscellaneous
283574,Miscellaneous
283576,Miscellaneous
283592,Specialty Food
283624,Miscellaneous
283653,Miscellaneous
283657,Miscellaneous
283666,Miscellaneous
283676,Miscellaneous
283684,Miscellaneous
283699,Fast Food
283706,Restaurants
283717,Bars & Nightlife
283720,Miscellaneous
283727,Miscellaneous
283749,Repair & Maintenance
283767,Medical Offices
283778,Miscellaneous
283787,Telecommunications
283791,Miscellaneous
283797,Medical Offices
283888,Restaurants
283889,Bars & Nightlife
283895,Miscellaneous
283901,Miscellaneous
283905,Financial Services
283926,Medical Offices
283928,Miscellaneous
283936,Miscellaneous
283940,Financial Services
283944,Miscellaneous
283950,Miscellaneous
283957,Miscellaneous
283962,Legal Services
283964,Financial Services
283971,Miscellaneous
283972,Miscellaneous
283974,Miscellaneous
284002,Miscellaneous
284019,Health & Beauty
284054,Miscellaneous
284066,Miscellaneous
284072,Bakery & Desserts
284088,Miscellaneous
284095,Miscellaneous
284097,Restaurants
284133,Automotive Retail
284141,Miscellaneous
284142,Clothing & Apparel
284145,Miscellaneous
284151,Fast Food
284158,Home & Garden
284186,Financial Services
284188,Repair & Maintenance
284218,Business Services
284246,Miscellaneous
284255,Cleaning Services
284266,Miscellaneous
284280,Miscellaneous
284282,Restaurants
284299,Health & Beauty
284331,Miscellaneous
284340,Miscellaneous
284353,Health & Beauty
284395,Pet Services
284397,Miscellaneous
284406,Restaurants
284449,Medical Offices
284454,Specialty Food
284466,Real Estate
284468,Restaurants
284473,Miscellaneous
284484,Arts & Entertainment
284485,Restaurants
284492,Miscellaneous
284497,Miscellaneous
284517,Miscellaneous
284527,Health & Beauty
284530,Miscellaneous
284534,Miscellaneous
284546,Legal Services
284549,Miscellaneous
284556,Real Estate
284560,Fitness & Recreation
284584,Miscellaneous
284586,Schools
284592,Health & Beauty
284594,Miscellaneous
284613,Miscellaneous
284619,Legal Services
284622,Telecommunications
284628,Bars & Nightlife
284635,Miscellaneous
284647,Financial Services
284648,Specialty Food
284665,Miscellaneous
284667,Repair & Maintenance
284671,Bakery & Desserts
284679,Miscellaneous
284683,Miscellaneous
284686,Restaurants
284700,Coffee & Tea
284732,Construction & Contractors
284771,Miscellaneous
284775,Fast Food
284787,Health & Beauty
284790,Restaurants
284815,Fitness & Recreation
284820,Restaurants
284828,Miscellaneous
284829,Fast Food
284839,Miscellaneous
284840,Automotive Retail
284842,Miscellaneous
284857,Pharmacy
284906,Pet Services
284908,Miscellaneous
284910,Specialty Retail
284923,Construction & Contractors
284952,Events & Venues
284979,Bars & Nightlife
284985,Miscellaneous
285028,Miscellaneous
285034,Repair & Maintenance
285058,Miscellaneous
285064,Specialty Food
285066,Medical Offices
285073,Restaurants
285080,Miscellaneous
285084,Miscellaneous
285085,Restaurants
285107,Specialty Food
285118,Specialty Food
285137,Miscellaneous
285141,Health & Beauty
285178,Miscellaneous
285182,Miscellaneous
285195,Miscellaneous
285198,Miscellaneous
285204,Miscellaneous
285224,Coffee & Tea
285269,Legal Services
285270,Health & Beauty
285283,Medical Offices
285308,Schools
285332,Specialty Retail
285334,Miscellaneous
285335,Telecommunications
285348,Miscellaneous
285377,Repair & Maintenance
285388,Miscellaneous
285392,Health & Beauty
285394,Miscellaneous
285425,Miscellaneous
285436,Miscellaneous
285447,Miscellaneous
285451,Bars & Nightlife
285464,Medical Offices
285490,Health & Beauty
285501,Miscellaneous
285514,Miscellaneous
285536,Miscellaneous
285555,Miscellaneous
285573,Miscellaneous
285580,Clothing & Apparel
285632,Automotive Retail
285643,Miscellaneous
285675,Restaurants
285676,Health & Beauty
285736,Miscellaneous
285738,Miscellaneous
285773,Miscellaneous
285793,Miscellaneous
285807,Sports & Recreation
285823,Miscellaneous
285828,Repair & Maintenance
285829,Pet Services
285832,Health & Beauty
285834,Specialty Food
285836,Restaurants
285839,Miscellaneous
285870,Restaurants
285874,Miscellaneous
285877,Miscellaneous
285884,Financial Services
285900,Health & Beauty
285902,Coffee & Tea
285907,Repair & Maintenance
285916,Miscellaneous
285923,Miscellaneous
285953,Clothing & Apparel
285956,Miscellaneous
285961,Restaurants
286000,Miscellaneous
286009,Restaurants
286015,Hotels & Motels
286019,Miscellaneous
286029,Miscellaneous
286047,Restaurants
286065,Miscellaneous
286116,Coffee & Tea
286117,Fast Food
286135,Automotive Retail
286149,Hotels & Motels
286167,Restaurants
286170,Miscellaneous
286178,Miscellaneous
286180,Miscellaneous
286237,Restaurants
286279,Medical Offices
286280,Medical Offices
286297,Miscellaneous
286315,Restaurants
286339,Miscellaneous
286342,Miscellaneous
286371,Bars & Nightlife
286393,Miscellaneous
286431,Miscellaneous
286445,Health & Beauty
286462,Coffee & Tea
286463,Miscellaneous
286480,Bars & Nightlife
286513,Business Services
286523,Plumbing & HVAC
286548,Miscellaneous
286549,Miscellaneous
286570,Specialty Food
286580,Miscellaneous
286588,Miscellaneous
286597,Pet Services
286653,Restaurants
286655,Sports & Recreation
286659,Miscellaneous
286669,Specialized Healthcare
286671,Miscellaneous
286683,Miscellaneous
286688,Medical Offices
286707,Restaurants
286709,Health & Beauty
286717,Health & Beauty
286719,Restaurants
286721,Miscellaneous
286726,Miscellaneous
286727,Restaurants
286747,Bakery & Desserts
286750,Miscellaneous
286751,Miscellaneous
286776,Travel Services
286784,Bakery & Desserts
286806,Health & Beauty
286819,Miscellaneous
286849,Miscellaneous
286864,Miscellaneous
286865,Business Services
286883,Miscellaneous
286884,Miscellaneous
286892,Repair & Maintenance
286896,Fast Food
286919,Bakery & Desserts
286929,Health & Beauty
286948,Bars & Nightlife
286956,Miscellaneous
286967,Miscellaneous
286998,Bars & Nightlife
287016,Telecommunications
287031,Fast Food
287032,Financial Services
287033,Restaurants
287034,Restaurants
287041,Dry Cleaning & Laundry
287050,Miscellaneous
287071,Miscellaneous
287075,Automotive Retail
287089,Medical Offices
287095,Specialty Food
287119,Specialty Food
287130,Bars & Nightlife
287132,Financial Services
287133,Miscellaneous
287135,Automotive Retail
287136,Miscellaneous
287138,Restaurants
287141,Car Wash & Detailing
287155,General Merchandise
287178,Miscellaneous
287198,Specialty Retail
287200,Plumbing & HVAC
287201,Miscellaneous
287204,Miscellaneous
287211,Hotels & Motels
287219,Restaurants
287242,Financial Services
287252,Arts & Entertainment
287280,IT Services
287295,Telecommunications
287327,Restaurants
287337,Telecommunications
287342,Pet Services
287382,Restaurants
287391,Miscellaneous
287393,Financial Services
287396,Restaurants
287401,Miscellaneous
287434,Miscellaneous
287440,Restaurants
287443,Miscellaneous
287460,Health & Beauty
287474,Miscellaneous
287480,Health & Beauty
287482,Miscellaneous
287503,Miscellaneous
287535,Schools
287562,Fitness & Recreation
287568,Legal Services
287571,Miscellaneous
287573,Health & Beauty
287604,Restaurants
287640,Specialty Food
287641,Miscellaneous
287652,Clothing & Apparel
287653,Miscellaneous
287673,Financial Services
287676,Restaurants
287714,Miscellaneous
287729,Specialty Food
287770,Miscellaneous
287806,Miscellaneous
287816,Health & Beauty
287817,Miscellaneous
287818,Specialty Retail
287820,Miscellaneous
287822,Clothing & Apparel
287825,Health & Beauty
287833,Miscellaneous
287835,Miscellaneous
287836,Telecommunications
287840,Automotive Retail
287857,Bars & Nightlife
287858,Bars & Nightlife
287863,Miscellaneous
287865,Miscellaneous
287877,Health & Beauty
287879,Clothing & Apparel
287885,Miscellaneous
287896,Miscellaneous
287904,Miscellaneous
287906,Miscellaneous
287915,Clothing & Apparel
287917,Miscellaneous
287975,Specialty Retail
287987,Miscellaneous
287996,Bars & Nightlife
288006,Restaurants
288024,Telecommunications
288064,Restaurants
288075,Miscellaneous
288088,Bars & Nightlife
288101,Specialty Food
288110,Miscellaneous
288113,Miscellaneous
288146,Health & Beauty
288161,Coffee & Tea
288172,Miscellaneous
288175,Restaurants
288182,Arts & Entertainment
288224,Restaurants
288226,Miscellaneous
288228,Clothing & Apparel
288230,Telecommunications
288235,Miscellaneous
288285,Specialty Food
288315,Restaurants
288318,Miscellaneous
288338,Bakery & Desserts
288339,Restaurants
288344,Restaurants
288350,Miscellaneous
288363,Miscellaneous
288371,Miscellaneous
288386,Miscellaneous
288392,Miscellaneous
288406,Restaurants
288422,Automotive Retail
288423,Bakery & Desserts
288426,Bakery & Desserts
288433,Miscellaneous
288434,Miscellaneous
288437,Specialty Food
288438,Financial Services
288440,Restaurants
288441,IT Services
288445,Miscellaneous
288451,Miscellaneous
288487,Bakery & Desserts
288506,Miscellaneous
288526,Coffee & Tea
288531,Miscellaneous
288538,Miscellaneous
288547,Arts & Entertainment
288557,Miscellaneous
288583,Miscellaneous
288609,Miscellaneous
288630,Clothing & Apparel
288692,Restaurants
288699,Fitness & Recreation
288725,Health & Beauty
288734,Miscellaneous
288753,Miscellaneous
288763,Miscellaneous
288764,Miscellaneous
288767,Miscellaneous
288771,Restaurants
288772,Restaurants
288811,Restaurants
288861,Restaurants
288863,Miscellaneous
288867,Restaurants
288887,Miscellaneous
288889,Restaurants
288893,Bars & Nightlife
288895,Bars & Nightlife
288898,Miscellaneous
288920,Financial Services
288922,Miscellaneous
288941,Miscellaneous
288945,Miscellaneous
288972,Miscellaneous
289000,Car Wash & Detailing
289009,Home & Garden
289056,Clothing & Apparel
289057,Miscellaneous
289096,Restaurants
289103,Restaurants
289104,Restaurants
289110,Financial Services
289129,Miscellaneous
289155,Miscellaneous
289161,Arts & Entertainment
289165,Repair & Maintenance
289201,Miscellaneous
289255,Restaurants
289256,Repair & Maintenance
289284,Business Services
289287,Arts & Entertainment
289294,Miscellaneous
289310,Miscellaneous
289311,Health & Beauty
289319,Repair & Maintenance
289326,Miscellaneous
289351,Medical Offices
289353,Schools
289362,Automotive Retail
289364,Coffee & Tea
289385,Miscellaneous
289403,Restaurants
289406,Fast Food
289439,Miscellaneous
289441,Miscellaneous
289478,Automotive Retail
289479,Miscellaneous
289481,Miscellaneous
289495,Fast Food
289510,Miscellaneous
289511,Restaurants
289522,Schools
289548,Automotive Retail
289568,Miscellaneous
289595,Miscellaneous
289603,Miscellaneous
289614,Clothing & Apparel
289616,Restaurants
289625,Miscellaneous
289642,Clothing & Apparel
289656,General Merchandise
289681,Clothing & Apparel
289688,Miscellaneous
289701,Miscellaneous
289702,Telecommunications
289704,Miscellaneous
289720,Pet Services
289756,Miscellaneous
289781,Miscellaneous
289790,Automotive Retail
289791,Bars & Nightlife
289807,Medical Offices
289810,Miscellaneous
289812,Medical Offices
289815,Repair & Maintenance
289841,Restaurants
289847,Miscellaneous
289859,Miscellaneous
289861,Miscellaneous
289863,Miscellaneous
289866,Restaurants
289868,Sports & Recreation
289872,Restaurants
289902,Bars & Nightlife
289909,Miscellaneous
289911,Miscellaneous
289912,Restaurants
289918,Restaurants
289945,Restaurants
289946,Restaurants
289948,Automotive Retail
289949,Miscellaneous
289950,Miscellaneous
289971,Miscellaneous
289972,Clothing & Apparel
289998,Medical Offices
290004,Financial Services
290005,Automotive Retail
290011,Miscellaneous
290018,Miscellaneous
290036,Specialty Food
290074,Miscellaneous
290075,Bars & Nightlife
290077,Restaurants
290134,Miscellaneous
290139,Miscellaneous
290172,Miscellaneous
290187,Restaurants
290243,Restaurants
290251,Miscellaneous
290269,Automotive Retail
290289,Coffee & Tea
290312,Restaurants
290339,Events & Venues
290343,Bars & Nightlife
290351,Specialty Food
290365,Restaurants
290409,Restaurants
290420,Miscellaneous
290426,Restaurants
290438,Restaurants
290450,Miscellaneous
290465,Arts & Entertainment
290485,Business Services
290494,Health & Beauty
290497,Miscellaneous
290524,Miscellaneous
290551,Miscellaneous
290558,Miscellaneous
290562,Miscellaneous
290584,Travel Services
290592,Restaurants
290607,Restaurants
290629,Miscellaneous
290640,Restaurants
290643,Miscellaneous
290667,Construction & Contractors
290668,Restaurants
290726,Restaurants
290729,Clothing & Apparel
290735,Medical Offices
290737,Bars & Nightlife
290738,General Merchandise
290739,Miscellaneous
290756,Specialty Retail
290772,Miscellaneous
290798,Miscellaneous
290801,Schools
290806,Miscellaneous
290823,Repair & Maintenance
290858,Restaurants
290882,Miscellaneous
290887,Restaurants
290888,Restaurants
290907,Miscellaneous
290931,Arts & Entertainment
290933,Towing & Roadside
290935,Specialty Food
290937,Automotive Retail
290951,Fitness & Recreation
290952,Restaurants
290953,Miscellaneous
290954,Bars & Nightlife
290958,Miscellaneous
291001,Restaurants
291029,Miscellaneous
291055,Restaurants
291065,Miscellaneous
291090,Sports & Recreation
291092,Miscellaneous
291095,Miscellaneous
291108,Miscellaneous
291123,Specialty Food
291124,Clothing & Apparel
291152,Restaurants
291164,Bakery & Desserts
291186,Miscellaneous
291206,Health & Beauty
291213,Hotels & Motels
291216,Bars & Nightlife
291241,Miscellaneous
291267,Repair & Maintenance
291268,Miscellaneous
291269,General Merchandise
291270,Specialty Food
291285,General Merchandise
291299,Bars & Nightlife
291306,Restaurants
291316,Restaurants
291319,Sports & Recreation
291328,Bars & Nightlife
291329,Miscellaneous
291332,Miscellaneous
291333,Legal Services
291342,Miscellaneous
291343,Specialized Healthcare
291348,Repair & Maintenance
291365,Miscellaneous
291379,Car Wash & Detailing
291382,Miscellaneous
291395,Cleaning Services
291397,Health & Beauty
291419,Miscellaneous
291421,General Merchandise
291427,Bakery & Desserts
291428,Miscellaneous
291429,Miscellaneous
291430,Health & Beauty
291434,Bars & Nightlife
291452,Car Wash & Detailing
291455,Restaurants
291456,Miscellaneous
291473,Legal Services
291497,Bakery & Desserts
291536,Miscellaneous
291551,Miscellaneous
291573,Consulting
291582,Miscellaneous
291583,Miscellaneous
291586,Real Estate
291588,Miscellaneous
291592,Miscellaneous
291598,Miscellaneous
291615,Repair & Maintenance
291629,Fast Food
291632,Business Services
291638,Coffee & Tea
291643,Consulting
291650,Real Estate
291654,Miscellaneous
291659,Bars & Nightlife
291669,Miscellaneous
291673,Restaurants
291679,Health & Beauty
291683,Repair & Maintenance
291696,Business Services
291700,Miscellaneous
291705,Specialty Retail
291724,Dry Cleaning & Laundry
291739,Miscellaneous
291756,Miscellaneous
291765,Real Estate
291770,Restaurants
291776,Home & Garden
291797,Medical Offices
291813,Miscellaneous
291814,Miscellaneous
291820,Miscellaneous
291822,Miscellaneous
291843,Miscellaneous
291844,Arts & Entertainment
291866,Miscellaneous
291893,Miscellaneous
291899,Restaurants
291909,Health & Beauty
291939,Restaurants
291950,Miscellaneous
291951,Pet Services
291955,Miscellaneous
291962,Medical Offices
291969,Medical Offices
292018,Restaurants
292022,Coffee & Tea
292043,Arts & Entertainment
292056,Miscellaneous
292063,Coffee & Tea
292066,Travel Services
292072,Miscellaneous
292074,Health & Beauty
292080,Home & Garden
292091,Miscellaneous
292148,Miscellaneous
292152,Miscellaneous
292164,Miscellaneous
292214,Pharmacy
292234,Restaurants
292249,Medical Offices
292252,Restaurants
292270,Miscellaneous
292276,Miscellaneous
292281,Telecommunications
292291,General Merchandise
292328,Clothing & Apparel
292349,Miscellaneous
292350,Restaurants
292360,Coffee & Tea
292362,Miscellaneous
292372,Miscellaneous
292379,Miscellaneous
292380,Miscellaneous
292382,Restaurants
292387,Health & Beauty
292396,Restaurants
292404,Financial Services
292418,Specialty Retail
292429,Miscellaneous
292433,Fast Food
292435,Miscellaneous
292436,Bars & Nightlife
292441,Fast Food
292442,Miscellaneous
292449,Miscellaneous
292457,Miscellaneous
292479,Bakery & Desserts
292504,Miscellaneous
292507,Miscellaneous
292509,Health & Beauty
292524,Specialized Healthcare
292527,Specialty Food
292539,Health & Beauty
292552,Miscellaneous
292572,Business Services
292624,Pharmacy
292628,Real Estate
292631,Miscellaneous
292647,Financial Services
292658,Medical Offices
292670,Miscellaneous
292689,Automotive Retail
292699,Miscellaneous
292706,Telecommunications
292711,Specialized Healthcare
292725,Health & Beauty
292778,Bakery & Desserts
292793,Miscellaneous
292828,Miscellaneous
292844,Miscellaneous
292847,Miscellaneous
292858,Construction & Contractors
292862,Miscellaneous
292874,Telecommunications
292878,Real Estate
292902,Miscellaneous
292907,Health & Beauty
292909,Business Services
292916,Miscellaneous
292920,Miscellaneous
292921,Health & Beauty
292924,Financial Services
292934,Sports & Recreation
292946,Repair & Maintenance
292947,Miscellaneous
292949,Health & Beauty
292950,Clothing & Apparel
292967,Miscellaneous
293011,Financial Services
293034,Specialty Food
293042,Specialized Healthcare
293044,Health & Beauty
293057,Clothing & Apparel
293058,Miscellaneous
293060,Health & Beauty
293063,Construction & Contractors
293077,Coffee & Tea
293082,Miscellaneous
293083,Miscellaneous
293085,Medical Offices
293087,Repair & Maintenance
293091,Automotive Retail
293092,Miscellaneous
293096,Miscellaneous
293138,Miscellaneous
293139,Bars & Nightlife
293157,Financial Services
293162,Miscellaneous
293164,Miscellaneous
293171,Financial Services
293197,Miscellaneous
293209,Business Services
293227,Miscellaneous
293230,Restaurants
293237,Health & Beauty
293245,Miscellaneous
293251,Home & Garden
293311,Business Services
293319,Events & Venues
293322,Specialty Food
293340,Restaurants
293392,Miscellaneous
293409,Specialized Healthcare
293439,Bars & Nightlife
293446,Clothing & Apparel
293449,Fast Food
293473,Specialized Healthcare
293478,Miscellaneous
293485,Miscellaneous
293510,Miscellaneous
293522,Miscellaneous
293524,Medical Offices
293525,Bakery & Desserts
293534,Miscellaneous
293536,Miscellaneous
293550,Miscellaneous
293554,Miscellaneous
293565,Miscellaneous
293568,Miscellaneous
293569,Miscellaneous
293585,Health & Beauty
293588,Miscellaneous
293596,Miscellaneous
293610,Miscellaneous
293618,Health & Beauty
293632,Miscellaneous
293642,Miscellaneous
293660,Miscellaneous
293681,Schools
293692,Telecommunications
293730,IT Services
293736,Specialty Food
293743,Miscellaneous
293746,Fitness & Recreation
293747,Miscellaneous
293759,Medical Offices
293795,Miscellaneous
293798,Restaurants
293814,Miscellaneous
293824,Miscellaneous
293828,Clothing & Apparel
293832,Real Estate
293851,Financial Services
293854,Travel Services
293856,Health & Beauty
293857,Clothing & Apparel
293858,Miscellaneous
293863,Miscellaneous
293865,Miscellaneous
293867,Telecommunications
293871,Miscellaneous
293879,Miscellaneous
293880,Legal Services
293883,Miscellaneous
293886,Miscellaneous
293897,Miscellaneous
293898,Miscellaneous
293902,Coffee & Tea
293905,Bars & Nightlife
293954,Medical Offices
293957,Restaurants
293960,Miscellaneous
293973,Restaurants
293979,Miscellaneous
293983,Pet Services
294010,Miscellaneous
294032,Restaurants
294047,Bars & Nightlife
294062,Miscellaneous
294083,Miscellaneous
294093,Clothing & Apparel
294118,Specialty Food
294120,Miscellaneous
294130,Dry Cleaning & Laundry
294147,Miscellaneous
294169,Miscellaneous
294185,Miscellaneous
294196,Schools
294207,Miscellaneous
294216,Construction & Contractors
294221,Dry Cleaning & Laundry
294234,Schools
294236,Miscellaneous
294240,Restaurants
294243,Restaurants
294289,Specialty Food
294319,Specialty Food
294328,Repair & Maintenance
294343,Health & Beauty
294381,Financial Services
294383,Miscellaneous
294394,Dry Cleaning & Laundry
294399,Miscellaneous
294419,Bars & Nightlife
294439,Miscellaneous
294457,Construction & Contractors
294471,Miscellaneous
294473,Health & Beauty
294477,Miscellaneous
294487,Real Estate
294540,Repair & Maintenance
294547,Medical Offices
294551,Consulting
294619,Restaurants
294627,Telecommunications
294646,Electrical
294653,Medical Offices
294663,Coffee & Tea
294700,Travel Services
294701,Miscellaneous
294718,Restaurants
294720,Miscellaneous
294728,Fast Food
294729,Miscellaneous
294749,Miscellaneous
294752,Restaurants
294756,Automotive Retail
294766,Miscellaneous
294770,Miscellaneous
294779,Miscellaneous
294783,Bars & Nightlife
294831,Restaurants
294851,Miscellaneous
294852,Electrical
294853,Childcare
294854,Miscellaneous
294855,Health & Beauty
294856,Legal Services
294893,Telecommunications
294907,Health & Beauty
294910,Pet Services
294937,Business Services
294974,Financial Services
295013,Miscellaneous
295028,Miscellaneous
295032,Consulting
295036,Specialized Healthcare
295085,Bars & Nightlife
295103,Health & Beauty
295113,Sports & Recreation
295117,Miscellaneous
295128,Specialized Healthcare
295130,Medical Offices
295152,Miscellaneous
295227,Miscellaneous
295247,Miscellaneous
295283,Health & Beauty
295313,Miscellaneous
295316,Miscellaneous
295323,Specialized Healthcare
295326,Medical Offices
295340,Bars & Nightlife
295342,Financial Services
295344,Hotels & Motels
295357,Events & Venues
295362,Miscellaneous
295374,Health & Beauty
295397,Miscellaneous
295418,Pharmacy
295425,Miscellaneous
295432,Health & Beauty
295439,Automotive Retail
295447,Repair & Maintenance
295456,Miscellaneous
295468,Miscellaneous
295474,Schools
295487,IT Services
295508,Miscellaneous
295521,Pet Services
295522,Coffee & Tea
295549,Miscellaneous
295559,Miscellaneous
295581,Schools
295584,Miscellaneous
295597,Restaurants
295604,Restaurants
295606,Miscellaneous
295640,Miscellaneous
295660,Specialty Retail
295664,Miscellaneous
295694,Miscellaneous
295695,Dry Cleaning & Laundry
295708,Miscellaneous
295722,Schools
295738,Clothing & Apparel
295753,Real Estate
295760,Fitness & Recreation
295778,Restaurants
295788,Specialty Food
295790,Miscellaneous
295795,Miscellaneous
295809,Miscellaneous
295827,Miscellaneous
295850,Specialty Food
295865,Miscellaneous
295873,Miscellaneous
295895,Miscellaneous
295930,Telecommunications
295931,Miscellaneous
295936,Miscellaneous
295940,Miscellaneous
295945,Restaurants
295957,Financial Services
295975,Health & Beauty
295987,Health & Beauty
295988,Miscellaneous
295995,Real Estate
295997,Bars & Nightlife
295998,Schools
296000,Miscellaneous
296001,Miscellaneous
296014,Miscellaneous
296015,Real Estate
296027,Real Estate
296064,Health & Beauty
296066,Miscellaneous
296078,Miscellaneous
296087,Miscellaneous
296102,Miscellaneous
296103,Business Services
296120,Miscellaneous
296123,Miscellaneous
296125,Specialty Food
296131,Miscellaneous
296142,Pet Services
296150,Telecommunications
296153,Bakery & Desserts
296161,Arts & Entertainment
296180,Miscellaneous
296184,Restaurants
296191,Miscellaneous
296206,Automotive Retail
296208,Miscellaneous
296211,Restaurants
296239,Real Estate
296259,Miscellaneous
296264,Car Wash & Detailing
296280,Miscellaneous
296288,Miscellaneous
296304,Telecommunications
296309,Miscellaneous
296346,Miscellaneous
296351,Miscellaneous
296369,Pet Services
296382,Miscellaneous
296384,Clothing & Apparel
296392,Miscellaneous
296405,Restaurants
296414,Miscellaneous
296427,Miscellaneous
296442,Restaurants
296458,Restaurants
296475,Medical Offices
296480,Bars & Nightlife
296530,Restaurants
296531,Miscellaneous
296532,Medical Offices
296538,Miscellaneous
296540,Miscellaneous
296545,Financial Services
296551,Miscellaneous
296568,Miscellaneous
296569,Miscellaneous
296590,Miscellaneous
296600,Miscellaneous
296603,Health & Beauty
296624,Health & Beauty
296625,Miscellaneous
296640,Miscellaneous
296673,Financial Services
296699,Miscellaneous
296740,Restaurants
296751,Miscellaneous
296752,Miscellaneous
296766,Restaurants
296781,Miscellaneous
296798,Car Wash & Detailing
296801,Automotive Retail
296820,Miscellaneous
296839,Miscellaneous
296853,Miscellaneous
296862,Health & Beauty
296877,Miscellaneous
296886,Miscellaneous
296887,Miscellaneous
296898,Restaurants
296904,Miscellaneous
296911,Health & Beauty
296918,Repair & Maintenance
296919,Restaurants
296942,Restaurants
297029,Miscellaneous
297041,Miscellaneous
297060,Miscellaneous
297080,Miscellaneous
297112,Telecommunications
297118,Fitness & Recreation
297185,Medical Offices
297188,Miscellaneous
297191,Miscellaneous
297199,Coffee & Tea
297201,Schools
297232,Health & Beauty
297233,Sports & Recreation
297259,Miscellaneous
297260,Financial Services
297266,Events & Venues
297298,Miscellaneous
297328,Miscellaneous
297339,Construction & Contractors
297340,Specialty Retail
297341,Miscellaneous
297357,Coffee & Tea
297358,Restaurants
297364,Restaurants
297374,Miscellaneous
297380,Miscellaneous
297385,Miscellaneous
297437,Bars & Nightlife
297438,Miscellaneous
297458,Miscellaneous
297460,Coffee & Tea
297482,Miscellaneous
297483,Miscellaneous
297486,Miscellaneous
297512,Miscellaneous
297515,Sports & Recreation
297526,Business Services
297530,Health & Beauty
297540,Miscellaneous
297621,Miscellaneous
297634,Miscellaneous
297646,Miscellaneous
297667,Bars & Nightlife
297673,Miscellaneous
297674,Health & Beauty
297682,Miscellaneous
297686,Miscellaneous
297692,Miscellaneous
297701,Miscellaneous
297702,Restaurants
297707,Fitness & Recreation
297714,Miscellaneous
297738,Arts & Entertainment
297761,Health & Beauty
297764,Miscellaneous
297776,Restaurants
297778,Construction & Contractors
297793,Telecommunications
297794,Restaurants
297811,Hotels & Motels
297816,Miscellaneous
297818,Restaurants
297822,Miscellaneous
297828,Restaurants
297837,Restaurants
297864,Bars & Nightlife
297874,Miscellaneous
297880,Cleaning Services
297886,Bars & Nightlife
297895,Home & Garden
297899,Automotive Retail
297940,Repair & Maintenance
297943,Telecommunications
297944,Bakery & Desserts
297953,Restaurants
297958,Restaurants
297960,Miscellaneous
297981,Health & Beauty
297998,Bakery & Desserts
298001,Pet Services
298008,Repair & Maintenance
298015,Financial Services
298017,Real Estate
298021,Miscellaneous
298022,Miscellaneous
298030,Miscellaneous
298040,Restaurants
298051,Miscellaneous
298052,Miscellaneous
298062,Real Estate
298075,Restaurants
298089,Restaurants
298093,Miscellaneous
298126,Miscellaneous
298143,Coffee & Tea
298145,Sports & Recreation
298156,Restaurants
298161,Miscellaneous
298174,Restaurants
298188,Miscellaneous
298212,Miscellaneous
298219,Miscellaneous
298252,Miscellaneous
298265,Restaurants
298266,Medical Offices
298278,Miscellaneous
298283,Health & Beauty
298321,Medical Offices
298331,Miscellaneous
298336,Specialty Food
298356,Miscellaneous
298362,Miscellaneous
298384,Bars & Nightlife
298385,Miscellaneous
298386,Restaurants
298388,Clothing & Apparel
298403,Miscellaneous
298421,Miscellaneous
298443,Medical Offices
298451,Miscellaneous
298458,Repair & Maintenance
298476,Fast Food
298486,Miscellaneous
298498,Health & Beauty
298523,Repair & Maintenance
298529,Health & Beauty
298563,Miscellaneous
298567,Health & Beauty
298576,Miscellaneous
298580,Miscellaneous
298596,Miscellaneous
298617,Bars & Nightlife
298644,Miscellaneous
298645,Miscellaneous
298664,Health & Beauty
298670,Miscellaneous
298674,Medical Offices
298676,Miscellaneous
298677,Repair & Maintenance
298698,Miscellaneous
298725,Miscellaneous
298727,Miscellaneous
298730,Fast Food
298737,Health & Beauty
298760,Health & Beauty
298778,Health & Beauty
298794,Fast Food
298797,Health & Beauty
298824,Financial Services
298825,Miscellaneous
298852,Miscellaneous
298864,Coffee & Tea
298881,Schools
298901,Miscellaneous
298905,Events & Venues
298950,Telecommunications
298965,Miscellaneous
298978,Pet Services
298996,Bakery & Desserts
299003,Dry Cleaning & Laundry
299013,Miscellaneous
299016,Pet Services
299017,Miscellaneous
299087,Pet Services
299111,Miscellaneous
299116,Miscellaneous
299119,Miscellaneous
299129,Health & Beauty
299134,Legal Services
299145,Specialty Retail
299157,Medical Offices
299161,Miscellaneous
299179,Miscellaneous
299213,Miscellaneous
299218,Miscellaneous
299232,Miscellaneous
299261,Miscellaneous
299263,Repair & Maintenance
299264,Miscellaneous
299279,Fast Food
299308,Restaurants
299311,Legal Services
299322,Fast Food
299325,Miscellaneous
299326,Repair & Maintenance
299333,Restaurants
299335,Miscellaneous
299349,Fast Food
299357,Miscellaneous
299377,Arts & Entertainment
299378,Financial Services
299393,Repair & Maintenance
299394,Miscellaneous
299400,Fitness & Recreation
299478,Bakery & Desserts
299479,Miscellaneous
299486,Construction & Contractors
299514,Miscellaneous
299521,Automotive Retail
299522,Bars & Nightlife
299531,Fitness & Recreation
299555,Miscellaneous
299560,Bars & Nightlife
299576,Miscellaneous
299577,Miscellaneous
299578,Travel Services
299601,Miscellaneous
299602,Miscellaneous
299608,Miscellaneous
299616,Restaurants
299617,Miscellaneous
299648,Automotive Retail
299656,Tutoring
299658,Coffee & Tea
299659,Health & Beauty
299667,Miscellaneous
299670,Bars & Nightlife
299691,Miscellaneous
299703,Miscellaneous
299718,Specialty Food
299746,Clothing & Apparel
299747,Miscellaneous
299748,Miscellaneous
299767,Restaurants
299768,Health & Beauty
299796,Cleaning Services
299831,Miscellaneous
299833,Coffee & Tea
299856,Miscellaneous
299861,Miscellaneous
299876,Hotels & Motels
299891,Miscellaneous
299922,Automotive Retail
299927,Coffee & Tea
299930,Miscellaneous
299949,Clothing & Apparel
299952,Restaurants
299972,Miscellaneous
299979,Health & Beauty
299998,Clothing & Apparel
300006,Miscellaneous
300016,Miscellaneous
300017,Fast Food
300021,Bakery & Desserts
300037,Miscellaneous
300044,Miscellaneous
300052,Miscellaneous
300068,Medical Offices
300079,Restaurants
300096,Clothing & Apparel
300104,Fitness & Recreation
300108,Pet Services
300126,Miscellaneous
300156,Health & Beauty
300178,Restaurants
300251,Automotive Retail
300282,Miscellaneous
300284,Repair & Maintenance
300301,Restaurants
300327,Restaurants
300336,Restaurants
300345,Miscellaneous
300348,Coffee & Tea
300350,Financial Services
300360,Miscellaneous
300367,Health & Beauty
300405,Miscellaneous
300408,Clothing & Apparel
300438,Restaurants
300439,Pet Services
300464,Miscellaneous
300472,Fast Food
300482,Bars & Nightlife
300484,Miscellaneous
300502,Miscellaneous
300511,Pet Services
300515,Hotels & Motels
300527,Health & Beauty
300542,Specialty Food
300543,Miscellaneous
300545,Miscellaneous
300546,Bakery & Desserts
300553,Repair & Maintenance
300564,Miscellaneous
300590,Health & Beauty
300618,Travel Services
300653,Restaurants
300663,Restaurants
300679,Miscellaneous
300680,Restaurants
300689,Automotive Retail
300703,Miscellaneous
300709,Telecommunications
300712,Miscellaneous
300713,Repair & Maintenance
300750,Health & Beauty
300754,Miscellaneous
300760,Miscellaneous
300795,Restaurants
300797,Miscellaneous
300800,Restaurants
300801,Restaurants
300808,Specialty Food
300833,Miscellaneous
300861,Miscellaneous
300871,Clothing & Apparel
300874,Miscellaneous
300877,Miscellaneous
300912,Miscellaneous
300915,Coffee & Tea
300931,Miscellaneous
300939,Miscellaneous
300940,Miscellaneous
300970,Restaurants
300989,Health & Beauty
300997,Automotive Retail
300999,Miscellaneous
301005,Restaurants
301006,Coffee & Tea
301017,Restaurants
301022,Health & Beauty
301060,Miscellaneous
301066,Miscellaneous
301083,Restaurants
301092,Construction & Contractors
301095,Miscellaneous
301105,Restaurants
301107,Fitness & Recreation
301116,Miscellaneous
301127,Miscellaneous
301132,Miscellaneous
301135,Sports & Recreation
301136,Miscellaneous
301144,Restaurants
301155,Miscellaneous
301167,Miscellaneous
301174,Miscellaneous
301207,General Merchandise
301222,Bars & Nightlife
301242,Miscellaneous
301255,Miscellaneous
301258,Miscellaneous
301299,Miscellaneous
301323,Miscellaneous
301325,Miscellaneous
301326,Financial Services
301341,Schools
301353,Restaurants
301393,Restaurants
301407,Miscellaneous
301409,Miscellaneous
301420,Miscellaneous
301429,Miscellaneous
301448,Miscellaneous
301464,Miscellaneous
301468,Bakery & Desserts
301470,Specialty Food
301482,Health & Beauty
301499,Restaurants
301505,Miscellaneous
301525,Restaurants
301535,Repair & Maintenance
301543,Medical Offices
301546,Restaurants
301567,Specialty Food
301577,Miscellaneous
301599,Miscellaneous
301600,Miscellaneous
301612,Car Wash & Detailing
301613,Construction & Contractors
301614,Legal Services
301636,Miscellaneous
301646,Bakery & Desserts
301665,Miscellaneous
301685,Clothing & Apparel
301712,Restaurants
301723,Restaurants
301724,Miscellaneous
301742,Miscellaneous
301744,Clothing & Apparel
301754,Restaurants
301757,Clothing & Apparel
301777,Specialty Food
301782,Restaurants
301795,Real Estate
301811,Health & Beauty
301812,Miscellaneous
301829,Hotels & Motels
301830,Specialty Food
301831,Miscellaneous
301833,Automotive Retail
301848,Miscellaneous
301853,Automotive Retail
301857,Miscellaneous
301871,Miscellaneous
301890,Fast Food
301915,Miscellaneous
301917,Miscellaneous
301918,Miscellaneous
301926,Restaurants
301951,Coffee & Tea
301953,Miscellaneous
301961,Hotels & Motels
301972,Miscellaneous
301989,Miscellaneous
302030,Miscellaneous
302040,Miscellaneous
302052,Miscellaneous
302057,Miscellaneous
302067,Miscellaneous
302072,Restaurants
302074,Miscellaneous
302102,Miscellaneous
302143,Home & Garden
302144,Restaurants
302146,Coffee & Tea
302158,Restaurants
302192,Legal Services
302196,Restaurants
302213,Miscellaneous
302222,Miscellaneous
302224,IT Services
302228,Restaurants
302253,Miscellaneous
302275,Automotive Retail
302276,Bars & Nightlife
302296,Restaurants
302301,Miscellaneous
302313,Miscellaneous
302325,Clothing & Apparel
302331,Miscellaneous
302332,Bars & Nightlife
302338,Restaurants
302340,Medical Offices
302341,General Merchandise
302352,Miscellaneous
302376,Miscellaneous
302377,Miscellaneous
302378,Specialty Food
302383,Cleaning Services
302384,Miscellaneous
302390,Travel Services
302408,Restaurants
302411,Sports & Recreation
302429,Miscellaneous
302498,Restaurants
302517,Restaurants
302524,Restaurants
302525,Miscellaneous
302567,Miscellaneous
302576,Clothing & Apparel
302585,Restaurants
302593,Health & Beauty
302694,Miscellaneous
302715,Automotive Retail
302753,Restaurants
302760,Miscellaneous
302761,Miscellaneous
302769,Specialty Food
302790,Restaurants
302791,Bakery & Desserts
302820,Restaurants
302836,Health & Beauty
302837,Business Services
302864,Hotels & Motels
302888,Coffee & Tea
302895,Bars & Nightlife
302898,Miscellaneous
302905,Coffee & Tea
302914,Restaurants
302940,Clothing & Apparel
302941,Restaurants
302958,Construction & Contractors
302964,Miscellaneous
302967,Restaurants
303006,Restaurants
303007,Bars & Nightlife
303008,Miscellaneous
303030,Fitness & Recreation
303037,Legal Services
303051,Legal Services
303072,Miscellaneous
303103,Dry Cleaning & Laundry
303146,Miscellaneous
303149,Restaurants
303162,Restaurants
303244,Miscellaneous
303245,Medical Offices
303246,Travel Services
303262,Miscellaneous
303271,Miscellaneous
303297,Medical Offices
303312,Miscellaneous
303313,Bars & Nightlife
303338,Miscellaneous
303344,Clothing & Apparel
303349,Miscellaneous
303373,Miscellaneous
303377,Miscellaneous
303387,Repair & Maintenance
303388,Medical Offices
303394,Legal Services
303396,Childcare
303454,Miscellaneous
303476,Financial Services
303485,Miscellaneous
303489,Miscellaneous
303492,Automotive Retail
303496,Financial Services
303500,Miscellaneous
303501,Coffee & Tea
303552,Medical Offices
303561,Bakery & Desserts
303566,Miscellaneous
303568,Miscellaneous
303587,Financial Services
303608,Miscellaneous
303613,Financial Services
303618,Miscellaneous
303633,Health & Beauty
303648,Medical Offices
303653,Fitness & Recreation
303661,Medical Offices
303675,Financial Services
303676,Bakery & Desserts
303712,Miscellaneous
303718,Pet Services
303721,Health & Beauty
303746,Miscellaneous
303762,Repair & Maintenance
303797,Miscellaneous
303815,Miscellaneous
303821,IT Services
303826,Home & Garden
303828,Miscellaneous
303829,Miscellaneous
303845,Miscellaneous
303861,Miscellaneous
303868,Miscellaneous
303875,Medical Offices
303883,Miscellaneous
303888,Bars & Nightlife
303890,Restaurants
303893,Miscellaneous
303900,Automotive Retail
303911,Miscellaneous
303950,Miscellaneous
303972,Miscellaneous
303984,Medical Offices
304024,Health & Beauty
304028,Miscellaneous
304079,Business Services
304081,Miscellaneous
304104,Miscellaneous
304124,Miscellaneous
304155,Miscellaneous
304169,Restaurants
304173,Miscellaneous
304175,Miscellaneous
304211,Fitness & Recreation
304221,Medical Offices
304233,Restaurants
304258,Miscellaneous
304288,Miscellaneous
304299,Telecommunications
304306,Fitness & Recreation
304311,Miscellaneous
304351,Bakery & Desserts
304357,Travel Services
304366,Miscellaneous
304367,Miscellaneous
304377,Repair & Maintenance
304383,Miscellaneous
304384,Construction & Contractors
304397,Miscellaneous
304419,Miscellaneous
304451,Miscellaneous
304452,Miscellaneous
304459,Miscellaneous
304463,Restaurants
304484,Medical Offices
304497,Miscellaneous
304502,Restaurants
304504,Clothing & Apparel
304528,Miscellaneous
304530,Restaurants
304532,Miscellaneous
304533,Miscellaneous
304550,Miscellaneous
304556,Restaurants
304557,Medical Offices
304560,Bars & Nightlife
304575,Schools
304580,Miscellaneous
304591,Miscellaneous
304612,Health & Beauty
304620,Restaurants
304628,Repair & Maintenance
304642,Financial Services
304649,Coffee & Tea
304654,Financial Services
304666,Miscellaneous
304680,Medical Offices
304695,Automotive Retail
304703,Miscellaneous
304753,Miscellaneous
304765,Miscellaneous
304776,Medical Offices
304787,Fitness & Recreation
304793,Miscellaneous
304794,Miscellaneous
304797,Bakery & Desserts
304803,Specialty Food
304810,Fitness & Recreation
304811,Restaurants
304812,Health & Beauty
304830,Arts & Entertainment
304861,Miscellaneous
304869,Miscellaneous
304870,Restaurants
304891,Specialty Retail
304907,Car Wash & Detailing
304914,Medical Offices
304973,Construction & Contractors
304985,Miscellaneous
305001,Miscellaneous
305005,Restaurants
305008,Restaurants
305017,Fitness & Recreation
305026,Miscellaneous
305062,Miscellaneous
305072,Miscellaneous
305078,Miscellaneous
305091,Bars & Nightlife
305093,Miscellaneous
305101,Miscellaneous
305113,Pet Services
305121,Miscellaneous
305122,Miscellaneous
305132,Restaurants
305135,Miscellaneous
305141,Miscellaneous
305145,Miscellaneous
305159,Automotive Retail
305168,Repair & Maintenance
305176,Specialty Food
305183,Financial Services
305200,Financial Services
305201,Restaurants
305208,Medical Offices
305209,Miscellaneous
305212,Home & Garden
305216,Miscellaneous
305267,Miscellaneous
305279,Arts & Entertainment
305280,Miscellaneous
305291,Repair & Maintenance
305302,Restaurants
305318,Specialty Retail
305336,Miscellaneous
305358,Restaurants
305361,Clothing & Apparel
305364,Medical Offices
305402,Miscellaneous
305420,Miscellaneous
305445,Miscellaneous
305447,Miscellaneous
305471,Miscellaneous
305485,Repair & Maintenance
305521,Health & Beauty
305526,Health & Beauty
305556,Miscellaneous
305581,Financial Services
305602,Business Services
305619,Miscellaneous
305621,Miscellaneous
305638,Restaurants
305654,Miscellaneous
305682,Miscellaneous
305685,Restaurants
305716,Miscellaneous
305720,Miscellaneous
305726,Miscellaneous
305728,Repair & Maintenance
305731,Miscellaneous
305743,Coffee & Tea
305760,Miscellaneous
305817,Sports & Recreation
305820,Towing & Roadside
305825,Miscellaneous
305830,Restaurants
305833,Restaurants
305835,Pet Services
305843,Miscellaneous
305870,Financial Services
305885,Events & Venues
305894,Miscellaneous
305895,Miscellaneous
305905,Restaurants
305929,Health & Beauty
305931,Miscellaneous
305945,Medical Offices
305948,Restaurants
305950,Miscellaneous
305964,Miscellaneous
305971,Miscellaneous
306020,Telecommunications
306026,Miscellaneous
306047,Restaurants
306096,Miscellaneous
306098,Home & Garden
306103,Miscellaneous
306112,Miscellaneous
306117,Miscellaneous
306135,Miscellaneous
306143,Clothing & Apparel
306144,Health & Beauty
306171,Bars & Nightlife
306175,Home & Garden
306176,Miscellaneous
306185,Restaurants
306192,Fitness & Recreation
306203,Automotive Retail
306204,Telecommunications
306220,Restaurants
306226,Miscellaneous
306248,Miscellaneous
306274,Miscellaneous
306291,Miscellaneous
306292,Miscellaneous
306324,Repair & Maintenance
306330,Restaurants
306342,Miscellaneous
306347,Real Estate
306348,Miscellaneous
306366,Coffee & Tea
306385,Restaurants
306406,Business Services
306428,Health & Beauty
306448,Miscellaneous
306455,Miscellaneous
306458,Repair & Maintenance
306466,Miscellaneous
306470,Miscellaneous
306471,Miscellaneous
306497,Clothing & Apparel
306540,Miscellaneous
306557,Pet Services
306559,Home & Garden
306565,Miscellaneous
306567,Miscellaneous
306571,Restaurants
306573,Miscellaneous
306578,Miscellaneous
306581,Miscellaneous
306591,Fast Food
306615,Restaurants
306638,Specialty Food
306656,Miscellaneous
306702,Restaurants
306709,Restaurants
306724,Bakery & Desserts
306725,Miscellaneous
306733,Miscellaneous
306762,Arts & Entertainment
306778,Restaurants
306780,Arts & Entertainment
306782,Miscellaneous
306785,Financial Services
306802,Coffee & Tea
306805,Miscellaneous
306826,Fast Food
306844,Miscellaneous
306851,Restaurants
306866,Miscellaneous
306867,Miscellaneous
306871,Health & Beauty
306916,Real Estate
306926,Childcare
306941,Restaurants
306948,Miscellaneous
306965,Bars & Nightlife
306989,Health & Beauty
306994,Health & Beauty
307009,Miscellaneous
307017,Miscellaneous
307025,Clothing & Apparel
307031,Construction & Contractors
307086,Restaurants
307104,Restaurants
307106,Restaurants
307110,Telecommunications
307111,Miscellaneous
307114,Miscellaneous
307116,Restaurants
307121,Miscellaneous
307124,Miscellaneous
307135,Restaurants
307136,Restaurants
307137,Miscellaneous
307138,Bakery & Desserts
307143,Restaurants
307144,Telecommunications
307154,Construction & Contractors
307163,Coffee & Tea
307178,Miscellaneous
307183,Coffee & Tea
307188,Fast Food
307203,Miscellaneous
307211,Miscellaneous
307223,Restaurants
307246,Restaurants
307252,Miscellaneous
307261,Restaurants
307283,Restaurants
307288,Health & Beauty
307290,Restaurants
307291,Health & Beauty
307297,Miscellaneous
307298,Miscellaneous
307313,Miscellaneous
307320,Miscellaneous
307329,Restaurants
307330,Dry Cleaning & Laundry
307332,Miscellaneous
307334,Miscellaneous
307335,Cleaning Services
307338,Pet Services
307342,Restaurants
307354,Home & Garden
307363,Miscellaneous
307408,Bakery & Desserts
307425,Restaurants
307439,Miscellaneous
307443,Specialty Food
307457,Health & Beauty
307467,Miscellaneous
307480,Telecommunications
307487,Miscellaneous
307494,Miscellaneous
307545,Miscellaneous
307548,Bars & Nightlife
307557,Health & Beauty
307568,Miscellaneous
307597,Health & Beauty
307603,Medical Offices
307610,Hotels & Motels
307622,Miscellaneous
307632,Legal Services
307647,Repair & Maintenance
307652,Restaurants
307658,Restaurants
307664,Bakery & Desserts
307676,Miscellaneous
307695,Miscellaneous
307715,Restaurants
307739,Miscellaneous
307748,Restaurants
307779,Automotive Retail
307782,Pet Services
307783,Miscellaneous
307806,Automotive Retail
307809,Restaurants
307814,Miscellaneous
307844,Restaurants
307856,Restaurants
307882,Fast Food
307894,Miscellaneous
307913,Dry Cleaning & Laundry
307921,Miscellaneous
307939,Miscellaneous
307944,Miscellaneous
307970,Miscellaneous
307974,Miscellaneous
307976,Miscellaneous
307995,Coffee & Tea
307996,Bars & Nightlife
308011,Travel Services
308048,Construction & Contractors
308049,Restaurants
308054,Sports & Recreation
308076,Coffee & Tea
308113,Restaurants
308126,Miscellaneous
308137,Miscellaneous
308157,Coffee & Tea
308158,Repair & Maintenance
308168,Miscellaneous
308178,Coffee & Tea
308182,Financial Services
308223,Health & Beauty
308233,Restaurants
308255,Miscellaneous
308264,Restaurants
308302,Restaurants
308317,Miscellaneous
308319,Miscellaneous
308336,Miscellaneous
308341,Financial Services
308364,Clothing & Apparel
308379,Consulting
308389,Specialty Retail
308390,Miscellaneous
308406,Telecommunications
308409,Miscellaneous
308411,Bakery & Desserts
308417,Miscellaneous
308422,Financial Services
308425,Bakery & Desserts
308454,Specialty Food
308469,Miscellaneous
308473,Miscellaneous
308504,Miscellaneous
308511,Restaurants
308512,Miscellaneous
308537,Miscellaneous
308549,Miscellaneous
308566,Miscellaneous
308593,Miscellaneous
308594,Miscellaneous
308609,Bars & Nightlife
308612,Bars & Nightlife
308627,Restaurants
308628,Restaurants
308670,Restaurants
308706,Bars & Nightlife
308749,Coffee & Tea
308757,Sports & Recreation
308758,Miscellaneous
308765,Schools
308768,Repair & Maintenance
308769,Restaurants
308788,Miscellaneous
308789,Miscellaneous
308790,Miscellaneous
308802,Fast Food
308813,Miscellaneous
308817,Bars & Nightlife
308835,Bakery & Desserts
308837,Home & Garden
308838,Miscellaneous
308839,Miscellaneous
308840,Clothing & Apparel
308846,Health & Beauty
308857,General Merchandise
308859,Sports & Recreation
308878,Restaurants
308879,Miscellaneous
308911,Miscellaneous
308915,Bars & Nightlife
308919,Bakery & Desserts
308921,Financial Services
308923,Medical Offices
308931,Restaurants
308968,Miscellaneous
308978,Miscellaneous
308981,Miscellaneous
308992,Miscellaneous
308994,Restaurants
309001,Miscellaneous
309053,Restaurants
309070,Miscellaneous
309130,Miscellaneous
309137,Clothing & Apparel
309139,Electrical
309155,Specialty Food
309186,Miscellaneous
309190,Fitness & Recreation
309191,Bars & Nightlife
309224,Restaurants
309227,Restaurants
309267,Miscellaneous
309282,Restaurants
309285,Restaurants
309288,Specialty Food
309294,Miscellaneous
309296,Restaurants
309300,Fast Food
309352,Miscellaneous
309363,Miscellaneous
309402,Telecommunications
309406,Restaurants
309421,Telecommunications
309425,Clothing & Apparel
309446,Restaurants
309474,Health & Beauty
309487,Restaurants
309503,Bars & Nightlife
309555,Events & Venues
309560,Restaurants
309568,Miscellaneous
309581,Restaurants
309583,Fitness & Recreation
309592,Home & Garden
309599,Miscellaneous
309600,Miscellaneous
309617,Miscellaneous
309618,Miscellaneous
309623,General Merchandise
309638,Miscellaneous
309652,Miscellaneous
309655,Restaurants
309656,Restaurants
309662,Specialty Food
309681,Miscellaneous
309705,Restaurants
309712,Restaurants
309739,Restaurants
309756,Miscellaneous
309757,Miscellaneous
309772,Specialty Food
309797,Restaurants
309804,Restaurants
309819,Telecommunications
309820,Sports & Recreation
309847,Restaurants
309866,Miscellaneous
309883,Fitness & Recreation
309891,Restaurants
309903,Specialty Food
309904,Restaurants
309914,Financial Services
309925,Miscellaneous
309937,Hotels & Motels
309943,Schools
309966,Clothing & Apparel
309977,Clothing & Apparel
309978,Health & Beauty
309981,Miscellaneous
309990,Miscellaneous
309993,Miscellaneous
309996,Miscellaneous
309999,Miscellaneous
310007,Miscellaneous
310017,Miscellaneous
310032,Miscellaneous
310035,Clothing & Apparel
310053,Miscellaneous
310058,Construction & Contractors
310062,Miscellaneous
310096,Repair & Maintenance
310112,Specialty Food
310141,Real Estate
310156,Miscellaneous
310162,Medical Offices
310163,Miscellaneous
310184,Financial Services
310187,Bars & Nightlife
310193,Medical Offices
310222,Consulting
310246,Business Services
310252,Restaurants
310259,Miscellaneous
310261,Home & Garden
310268,Miscellaneous
310274,Health & Beauty
310282,Miscellaneous
310305,Miscellaneous
310309,Health & Beauty
310314,Miscellaneous
310320,Construction & Contractors
310331,Miscellaneous
310335,Construction & Contractors
310343,Restaurants
310359,Restaurants
310422,Miscellaneous
310429,Specialty Retail
310434,Repair & Maintenance
310439,Hotels & Motels
310441,Restaurants
310443,Coffee & Tea
310458,Bakery & Desserts
310505,Bars & Nightlife
310523,Restaurants
310537,Miscellaneous
310552,IT Services
310573,Miscellaneous
310581,Specialty Food
310610,Pet Services
310633,Miscellaneous
310634,Miscellaneous
310643,Miscellaneous
310647,Miscellaneous
310672,Travel Services
310680,Miscellaneous
310699,Miscellaneous
310703,Bakery & Desserts
310711,Miscellaneous
310717,Telecommunications
310718,Restaurants
310742,Restaurants
310808,Repair & Maintenance
310812,Miscellaneous
310841,Restaurants
310842,Miscellaneous
310873,Consulting
310879,Miscellaneous
310893,Bakery & Desserts
310905,Electrical
310921,Health & Beauty
310922,Cleaning Services
310935,Miscellaneous
310943,Miscellaneous
310958,Miscellaneous
310960,Miscellaneous
310965,Restaurants
310967,Bars & Nightlife
311012,Restaurants
311029,Restaurants
311089,Miscellaneous
311109,Miscellaneous
311168,Miscellaneous
311177,Miscellaneous
311179,Bars & Nightlife
311198,Health & Beauty
311200,Arts & Entertainment
311255,Miscellaneous
311267,Fitness & Recreation
311322,Medical Offices
311331,Telecommunications
311349,Restaurants
311384,Fast Food
311397,Coffee & Tea
311422,Miscellaneous
311459,Miscellaneous
311468,Miscellaneous
311496,Health & Beauty
311508,Miscellaneous
311529,Arts & Entertainment
311532,Miscellaneous
311548,Restaurants
311552,Fast Food
311601,Bakery & Desserts
311602,Clothing & Apparel
311603,Restaurants
311616,Miscellaneous
311630,Miscellaneous
311635,Miscellaneous
311639,Miscellaneous
311646,Restaurants
311647,Telecommunications
311654,Cleaning Services
311661,Health & Beauty
311662,Miscellaneous
311671,Clothing & Apparel
311685,Miscellaneous
311695,Health & Beauty
311703,Restaurants
311706,Miscellaneous
311715,Schools
311740,Clothing & Apparel
311748,Restaurants
311750,Construction & Contractors
311778,Pet Services
311779,Miscellaneous
311780,Miscellaneous
311783,Miscellaneous
311831,Restaurants
311834,Miscellaneous
311836,Miscellaneous
311852,Sports & Recreation
311854,Miscellaneous
311885,Construction & Contractors
311891,Miscellaneous
311895,Real Estate
311913,Fitness & Recreation
311919,Restaurants
311927,Miscellaneous
311951,Miscellaneous
311956,Health & Beauty
311977,Health & Beauty
311979,Miscellaneous
311988,Restaurants
311997,Schools
311998,Automotive Retail
312026,Restaurants
312077,Miscellaneous
312102,Hotels & Motels
312107,Miscellaneous
312109,Coffee & Tea
312148,Clothing & Apparel
312169,Restaurants
312176,Coffee & Tea
312177,Restaurants
312221,Miscellaneous
312222,Restaurants
312224,Miscellaneous
312231,Restaurants
312243,Specialty Food
312249,Restaurants
312259,Restaurants
312297,Miscellaneous
312343,Miscellaneous
312349,Fast Food
312350,Health & Beauty
312355,Miscellaneous
312371,Miscellaneous
312380,Repair & Maintenance
312397,Medical Offices
312454,Restaurants
312455,Legal Services
312456,Miscellaneous
312457,Miscellaneous
312472,Automotive Retail
312483,Coffee & Tea
312484,Miscellaneous
312490,Miscellaneous
312491,Miscellaneous
312519,Miscellaneous
312536,Restaurants
312547,Miscellaneous
312548,General Merchandise
312565,Repair & Maintenance
312569,Bakery & Desserts
312584,Miscellaneous
312595,Miscellaneous
312597,Miscellaneous
312598,Restaurants
312603,Miscellaneous
312623,Miscellaneous
312658,Miscellaneous
312670,Home & Garden
312674,Miscellaneous
312676,Miscellaneous
312677,Miscellaneous
312705,Health & Beauty
312706,Financial Services
312709,Miscellaneous
312713,Health & Beauty
312717,Health & Beauty
312738,Restaurants
312748,Miscellaneous
312758,IT Services
312761,Miscellaneous
312792,Restaurants
312824,Miscellaneous
312829,Miscellaneous
312864,Miscellaneous
312865,Financial Services
312879,Miscellaneous
312885,Restaurants
312894,Miscellaneous
312941,Restaurants
312945,Health & Beauty
312948,Health & Beauty
312949,Health & Beauty
312951,Restaurants
312952,Restaurants
312978,Hotels & Motels
312992,Specialized Healthcare
312995,Miscellaneous
313011,Events & Venues
313018,Miscellaneous
313021,Clothing & Apparel
313022,Restaurants
313024,Hotels & Motels
313041,Coffee & Tea
313045,Coffee & Tea
313086,Restaurants
313089,Restaurants
313097,Real Estate
313156,Hotels & Motels
313177,Restaurants
313180,Bars & Nightlife
313190,Miscellaneous
313227,Miscellaneous
313238,Health & Beauty
313244,Business Services
313268,Real Estate
313272,Miscellaneous
313284,Miscellaneous
313300,Miscellaneous
313314,Miscellaneous
313323,Miscellaneous
313331,Miscellaneous
313383,Pharmacy
313386,Real Estate
313388,Restaurants
313390,Miscellaneous
313396,Miscellaneous
313419,Construction & Contractors
313425,Health & Beauty
313429,Miscellaneous
313436,Health & Beauty
313440,Construction & Contractors
313441,Specialty Food
313448,Financial Services
313477,Miscellaneous
313481,Clothing & Apparel
313528,Miscellaneous
313532,Miscellaneous
313544,Hotels & Motels
313545,Fast Food
313547,Miscellaneous
313555,Fast Food
313565,Health & Beauty
313568,Miscellaneous
313578,Miscellaneous
313596,Miscellaneous
313615,Miscellaneous
313619,Restaurants
313622,Miscellaneous
313635,Miscellaneous
313654,Hotels & Motels
313656,Restaurants
313661,Schools
313672,Miscellaneous
313676,Miscellaneous
313689,Health & Beauty
313694,Miscellaneous
313696,Miscellaneous
313699,Health & Beauty
313705,Financial Services
313708,Miscellaneous
313716,Fitness & Recreation
313721,Medical Offices
313726,Miscellaneous
313734,Restaurants
313751,Restaurants
313772,Restaurants
313791,Miscellaneous
313794,Health & Beauty
313807,Medical Offices
313808,Real Estate
313828,Miscellaneous
313838,Pet Services
313842,Financial Services
313901,Business Services
313941,Restaurants
313950,Miscellaneous
313958,Bars & Nightlife
313960,Health & Beauty
313982,Miscellaneous
314009,Miscellaneous
314028,Financial Services
314093,Hotels & Motels
314098,Legal Services
314109,Fitness & Recreation
314113,Medical Offices
314136,Miscellaneous
314141,Specialty Food
314146,Landscaping
314156,Miscellaneous
314157,Specialty Food
314167,Restaurants
314168,Fast Food
314169,Restaurants
314184,Miscellaneous
314194,Miscellaneous
314207,Miscellaneous
314213,Restaurants
314237,Miscellaneous
314266,Miscellaneous
314287,Telecommunications
314304,Miscellaneous
314317,Restaurants
314318,Miscellaneous
314338,Miscellaneous
314347,Miscellaneous
314348,Restaurants
314353,Restaurants
314373,Arts & Entertainment
314377,Restaurants
314389,Construction & Contractors
314400,Miscellaneous
314424,Automotive Retail
314427,Miscellaneous
314456,Miscellaneous
314466,Miscellaneous
314486,Restaurants
314489,Hotels & Motels
314519,Miscellaneous
314524,Specialized Healthcare
314525,Cleaning Services
314526,Coffee & Tea
314527,Miscellaneous
314536,Sports & Recreation
314541,Fitness & Recreation
314542,Restaurants
314558,Bakery & Desserts
314600,Legal Services
314601,Miscellaneous
314602,Sports & Recreation
314603,Cleaning Services
314624,Miscellaneous
314633,Financial Services
314643,Miscellaneous
314664,Miscellaneous
314687,Miscellaneous
314694,Home & Garden
314698,Miscellaneous
314730,Miscellaneous
314734,Miscellaneous
314783,Miscellaneous
314793,Miscellaneous
314797,Coffee & Tea
314848,Automotive Retail
314850,Miscellaneous
314857,Miscellaneous
314859,Specialty Retail
314870,Miscellaneous
314888,Restaurants
314890,Hotels & Motels
314904,Coffee & Tea
314926,Miscellaneous
314936,Miscellaneous
314939,Medical Offices
314941,Pet Services
314945,Construction & Contractors
314948,Bars & Nightlife
314952,Medical Offices
314959,Miscellaneous
314964,Medical Offices
314967,Miscellaneous
315004,Restaurants
315042,Miscellaneous
315095,Miscellaneous
315100,Health & Beauty
315113,Miscellaneous
315120,Pharmacy
315130,Car Wash & Detailing
315137,Health & Beauty
315152,Specialty Food
315163,Miscellaneous
315167,Miscellaneous
315173,Miscellaneous
315231,Restaurants
315232,Restaurants
315237,Miscellaneous
315250,Miscellaneous
315251,Miscellaneous
315265,Miscellaneous
315270,Miscellaneous
315273,Miscellaneous
315302,Medical Offices
315304,Miscellaneous
315308,Miscellaneous
315320,Miscellaneous
315326,Miscellaneous
315348,Miscellaneous
315350,Miscellaneous
315356,Miscellaneous
315359,Health & Beauty
315373,Restaurants
315377,Miscellaneous
315385,Real Estate
315389,Miscellaneous
315395,Health & Beauty
315415,Miscellaneous
315431,Miscellaneous
315456,Miscellaneous
315475,Miscellaneous
315477,Bars & Nightlife
315498,Miscellaneous
315499,Miscellaneous
315504,Restaurants
315524,Miscellaneous
315527,Financial Services
315528,Restaurants
315566,Miscellaneous
315581,Travel Services
315604,Restaurants
315610,Miscellaneous
315614,Miscellaneous
315619,Business Services
315640,Restaurants
315641,Health & Beauty
315645,Miscellaneous
315648,Miscellaneous
315692,Miscellaneous
315698,Restaurants
315718,Miscellaneous
315720,Schools
315721,Fast Food
315724,Restaurants
315733,Restaurants
315759,Miscellaneous
315766,Hotels & Motels
315767,Business Services
315776,Restaurants
315784,Travel Services
315787,Home & Garden
315804,Telecommunications
315808,Automotive Retail
315812,Miscellaneous
315820,Restaurants
315832,Bars & Nightlife
315835,Miscellaneous
315850,Specialty Retail
315855,Schools
315856,Health & Beauty
315857,Miscellaneous
315868,Repair & Maintenance
315896,Restaurants
315928,Restaurants
315958,Medical Offices
315967,Repair & Maintenance
316019,Construction & Contractors
316039,Miscellaneous
316059,Restaurants
316070,Towing & Roadside
316091,Medical Offices
316120,Restaurants
316121,Restaurants
316125,Hotels & Motels
316130,Miscellaneous
316152,Health & Beauty
316158,Miscellaneous
316159,Miscellaneous
316160,Restaurants
316181,Health & Beauty
316206,Restaurants
316234,Miscellaneous
316242,Miscellaneous
316245,Miscellaneous
316250,Miscellaneous
316276,Financial Services
316283,Bars & Nightlife
316307,Miscellaneous
316308,Fitness & Recreation
316312,Restaurants
316328,Miscellaneous
316329,Health & Beauty
316356,Restaurants
316365,Restaurants
316376,Miscellaneous
316387,Specialty Food
316399,Miscellaneous
316405,Miscellaneous
316418,Home & Garden
316445,Restaurants
316460,Restaurants
316488,Financial Services
316510,Restaurants
316511,General Merchandise
316519,Clothing & Apparel
316526,Miscellaneous
316552,Medical Offices
316619,Restaurants
316625,Health & Beauty
316627,Restaurants
316634,Miscellaneous
316667,Miscellaneous
316668,Restaurants
316687,Restaurants
316688,Miscellaneous
316689,Restaurants
316725,Restaurants
316745,Specialized Healthcare
316758,Medical Offices
316760,Miscellaneous
316788,Restaurants
316793,Restaurants
316812,Miscellaneous
316836,Miscellaneous
316861,Miscellaneous
316874,Restaurants
316894,Landscaping
316897,Restaurants
316908,Restaurants
316922,Restaurants
316938,Miscellaneous
316942,Miscellaneous
316983,Fitness & Recreation
316984,Miscellaneous
317011,Clothing & Apparel
317075,Miscellaneous
317102,Arts & Entertainment
317104,Bars & Nightlife
317109,Miscellaneous
317115,Miscellaneous
317124,Restaurants
317126,Restaurants
317128,Miscellaneous
317141,Miscellaneous
317148,Miscellaneous
317154,Restaurants
317172,Miscellaneous
317178,Restaurants
317189,Miscellaneous
317217,Restaurants
317220,Miscellaneous
317225,Restaurants
317258,Automotive Retail
317260,Fast Food
317265,Miscellaneous
317286,Childcare
317287,Miscellaneous
317299,Bakery & Desserts
317302,Bars & Nightlife
317305,Miscellaneous
317306,Miscellaneous
317319,Restaurants
317323,Miscellaneous
317337,Restaurants
317367,Construction & Contractors
317373,Restaurants
317377,Restaurants
317386,Miscellaneous
317411,Health & Beauty
317414,Miscellaneous
317420,Miscellaneous
317434,Miscellaneous
317435,Clothing & Apparel
317450,Specialized Healthcare
317481,Miscellaneous
317483,Construction & Contractors
317488,Restaurants
317489,Restaurants
317508,Automotive Retail
317513,Health & Beauty
317520,Miscellaneous
317552,Miscellaneous
317561,Specialty Food
317575,Restaurants
317584,Restaurants
317587,Miscellaneous
317625,Health & Beauty
317626,Miscellaneous
317638,Restaurants
317660,Restaurants
317664,Restaurants
317678,Miscellaneous
317682,Health & Beauty
317690,Miscellaneous
317698,Real Estate
317701,Miscellaneous
317726,Restaurants
317755,Miscellaneous
317761,Miscellaneous
317770,Restaurants
317785,Financial Services
317795,Coffee & Tea
317800,Fast Food
317801,Miscellaneous
317802,Miscellaneous
317839,Repair & Maintenance
317845,Construction & Contractors
317853,Miscellaneous
317854,Fast Food
317855,Miscellaneous
317860,Restaurants
317877,Restaurants
317889,Restaurants
317925,Miscellaneous
317973,Health & Beauty
317983,Restaurants
317988,Telecommunications
317997,Miscellaneous
317998,Telecommunications
318000,Miscellaneous
318008,Miscellaneous
318016,Medical Offices
318017,Coffee & Tea
318021,Plumbing & HVAC
318025,Miscellaneous
318027,Automotive Retail
318034,Miscellaneous
318039,Restaurants
318056,Health & Beauty
318069,Miscellaneous
318083,Miscellaneous
318109,Miscellaneous
318152,Specialty Food
318203,Schools
318212,Miscellaneous
318215,Restaurants
318219,Restaurants
318224,Health & Beauty
318238,Restaurants
318240,Coffee & Tea
318249,Medical Offices
318259,Travel Services
318262,Restaurants
318264,Miscellaneous
318272,Financial Services
318298,Miscellaneous
318330,Miscellaneous
318349,Miscellaneous
318362,Restaurants
318363,Restaurants
318366,Miscellaneous
318397,Miscellaneous
318408,Restaurants
318417,Miscellaneous
318418,Real Estate
318435,Restaurants
318443,Medical Offices
318470,Restaurants
318486,Miscellaneous
318492,Coffee & Tea
318495,Coffee & Tea
318502,Business Services
318503,Health & Beauty
318520,Miscellaneous
318526,Specialty Food
318557,Miscellaneous
318568,Restaurants
318622,Restaurants
318624,Restaurants
318638,Health & Beauty
318644,Automotive Retail
318657,Legal Services
318670,Miscellaneous
318676,Miscellaneous
318682,Miscellaneous
318694,Bars & Nightlife
318697,Health & Beauty
318709,Miscellaneous
318755,Restaurants
318763,Restaurants
318769,Health & Beauty
318774,Miscellaneous
318779,Specialized Healthcare
318794,Miscellaneous
318801,Miscellaneous
318803,Restaurants
318804,Restaurants
318805,Restaurants
318836,Miscellaneous
318887,Miscellaneous
318895,Restaurants
318916,Miscellaneous
318931,Miscellaneous
318934,Towing & Roadside
318943,Restaurants
318944,Restaurants
318945,Restaurants
318946,Restaurants
318948,Miscellaneous
318980,Restaurants
318991,Real Estate
318995,Restaurants
318996,Restaurants
319001,Restaurants
319004,Real Estate
319005,Health & Beauty
319046,Miscellaneous
319061,Miscellaneous
319063,Miscellaneous
319070,Miscellaneous
319078,Miscellaneous
319092,Restaurants
319118,Restaurants
319122,Hotels & Motels
319149,Restaurants
319151,Miscellaneous
319176,Miscellaneous
319197,Restaurants
319237,Miscellaneous
319244,Miscellaneous
319250,Specialty Food
319264,Miscellaneous
319267,Health & Beauty
319298,Health & Beauty
319316,Restaurants
319319,Coffee & Tea
319332,Financial Services
319362,Miscellaneous
319374,Telecommunications
319402,Miscellaneous
319416,Miscellaneous
319430,Miscellaneous
319451,Construction & Contractors
319456,Repair & Maintenance
319460,Miscellaneous
319478,Medical Offices
319481,Fitness & Recreation
319505,Restaurants
319507,Restaurants
319524,Clothing & Apparel
319543,Miscellaneous
319556,Miscellaneous
319557,Miscellaneous
319575,Specialty Food
319577,Real Estate
319608,Restaurants
319626,Miscellaneous
319628,Home & Garden
319655,Financial Services
319661,Miscellaneous
319664,Medical Offices
319682,Miscellaneous
319704,Miscellaneous
319708,Miscellaneous
319715,Miscellaneous
319733,Hotels & Motels
319740,Health & Beauty
319741,Miscellaneous
319771,Miscellaneous
319772,Health & Beauty
319775,Restaurants
319869,Real Estate
319890,Medical Offices
319894,Coffee & Tea
319907,Specialty Food
319918,Health & Beauty
319933,Bars & Nightlife
319941,Medical Offices
319946,Miscellaneous
319954,Restaurants
320001,Consulting
320015,Miscellaneous
320032,Construction & Contractors
320052,Miscellaneous
320060,Coffee & Tea
320082,Miscellaneous
320093,Miscellaneous
320106,Miscellaneous
320115,Medical Offices
320165,Miscellaneous
320177,Bars & Nightlife
320193,Health & Beauty
320202,Restaurants
320237,Financial Services
320240,Hotels & Motels
320241,Miscellaneous
320246,Restaurants
320303,Real Estate
320340,Miscellaneous
320355,Health & Beauty
320412,Restaurants
320415,Miscellaneous
320420,Restaurants
320458,Miscellaneous
320466,Restaurants
320472,Restaurants
320480,Specialty Food
320488,Miscellaneous
320495,Hotels & Motels
320499,Miscellaneous
320504,Real Estate
320519,Specialty Food
320539,Medical Offices
320541,Hotels & Motels
320547,Events & Venues
320569,Health & Beauty
320596,Miscellaneous
320607,Restaurants
320611,Miscellaneous
320649,IT Services
320667,Real Estate
320686,Miscellaneous
320710,Bars & Nightlife
320717,Miscellaneous
320718,Real Estate
320722,Miscellaneous
320774,Miscellaneous
320779,Automotive Retail
320792,Miscellaneous
320796,Miscellaneous
320797,Clothing & Apparel
320805,Fitness & Recreation
320817,Health & Beauty
320835,Miscellaneous
320838,Miscellaneous
320872,Arts & Entertainment
320880,Towing & Roadside
320919,Miscellaneous
320920,Specialty Food
320940,Fitness & Recreation
320983,Miscellaneous
320998,Restaurants
321024,Health & Beauty
321033,Miscellaneous
321052,Bars & Nightlife
321067,Miscellaneous
321068,Pet Services
321075,Hotels & Motels
321088,Miscellaneous
321118,Miscellaneous
321132,Dry Cleaning & Laundry
321138,Miscellaneous
321165,Miscellaneous
321167,Specialty Food
321186,Miscellaneous
321189,Specialized Healthcare
321231,Miscellaneous
321256,Medical Offices
321286,Automotive Retail
321289,Miscellaneous
321290,Events & Venues
321370,Miscellaneous
321377,Miscellaneous
321382,Financial Services
321401,Miscellaneous
321410,Restaurants
321424,Health & Beauty
321447,Miscellaneous
321454,Miscellaneous
321485,Consulting
321487,Miscellaneous
321489,Miscellaneous
321502,Miscellaneous
321503,Bars & Nightlife
321517,Miscellaneous
321554,Miscellaneous
321556,Miscellaneous
321562,Miscellaneous
321572,Bars & Nightlife
321581,Restaurants
321582,Restaurants
321586,Fast Food
321589,Miscellaneous
321617,Bakery & Desserts
321682,Miscellaneous
321683,Miscellaneous
321687,Miscellaneous
321690,Miscellaneous
321739,Restaurants
321768,Miscellaneous
321780,Repair & Maintenance
321781,Miscellaneous
321809,Miscellaneous
321811,Restaurants
321812,Miscellaneous
321813,Miscellaneous
321814,Miscellaneous
321823,Miscellaneous
321845,Hotels & Motels
321855,Miscellaneous
321856,Miscellaneous
321864,Restaurants
321882,Miscellaneous
321885,Miscellaneous
321900,Restaurants
321912,Telecommunications
321916,Pet Services
321940,Restaurants
321968,Miscellaneous
321972,Medical Offices
321977,Arts & Entertainment
322008,Miscellaneous
322024,General Merchandise
322033,Restaurants
322037,Specialty Food
322059,Miscellaneous
322064,Restaurants
322081,Miscellaneous
322084,Miscellaneous
322090,Bars & Nightlife
322101,Sports & Recreation
322117,Construction & Contractors
322137,Miscellaneous
322139,Repair & Maintenance
322166,Miscellaneous
322175,Miscellaneous
322184,Miscellaneous
322214,Miscellaneous
322248,Miscellaneous
322250,Fitness & Recreation
322262,Bakery & Desserts
322285,Miscellaneous
322307,Specialty Food
322310,Miscellaneous
322322,Medical Offices
322328,Miscellaneous
322334,Health & Beauty
322338,Bars & Nightlife
322385,Fast Food
322411,Miscellaneous
322426,Miscellaneous
322431,Miscellaneous
322440,Repair & Maintenance
322446,Restaurants
322457,Bars & Nightlife
322478,Financial Services
322480,Miscellaneous
322488,Miscellaneous
322505,Miscellaneous
322514,Restaurants
322523,Automotive Retail
322525,Construction & Contractors
322532,Health & Beauty
322534,Miscellaneous
322567,General Merchandise
322586,Pet Services
322618,Restaurants
322625,Telecommunications
322632,Travel Services
322654,Miscellaneous
322675,Miscellaneous
322688,Consulting
322699,Miscellaneous
322700,Health & Beauty
322705,Construction & Contractors
322706,Specialty Retail
322751,Miscellaneous
322756,Real Estate
322779,Repair & Maintenance
322782,Miscellaneous
322843,Miscellaneous
322861,Miscellaneous
322864,Real Estate
322878,Miscellaneous
322895,Events & Venues
322901,Miscellaneous
322903,Restaurants
322933,Miscellaneous
322963,Financial Services
322975,Specialty Food
322990,Automotive Retail
322994,Miscellaneous
322995,Miscellaneous
323007,Events & Venues
323008,Miscellaneous
323035,Pharmacy
323040,Miscellaneous
323046,Miscellaneous
323062,Miscellaneous
323081,Health & Beauty
323087,Automotive Retail
323096,Construction & Contractors
323109,Health & Beauty
323121,Fast Food
323147,Miscellaneous
323156,Restaurants
323159,Miscellaneous
323172,Schools
323176,Fast Food
323180,Miscellaneous
323184,Miscellaneous
323188,Miscellaneous
323237,Restaurants
323281,Business Services
323290,Miscellaneous
323293,Medical Offices
323304,Miscellaneous
323305,Car Wash & Detailing
323326,Miscellaneous
323327,Miscellaneous
323345,Restaurants
323350,Restaurants
323351,Bars & Nightlife
323368,Consulting
323439,Restaurants
323446,Miscellaneous
323455,Miscellaneous
323463,Telecommunications
323482,Miscellaneous
323500,Home & Garden
323503,Clothing & Apparel
323534,Miscellaneous
323560,Coffee & Tea
323571,Miscellaneous
323602,Restaurants
323617,Coffee & Tea
323631,Automotive Retail
323659,Miscellaneous
323663,Miscellaneous
323674,Real Estate
323679,Restaurants
323690,Miscellaneous
323726,Miscellaneous
323734,Miscellaneous
323746,Miscellaneous
323762,Telecommunications
323793,Repair & Maintenance
323845,Restaurants
323846,Fitness & Recreation
323849,Miscellaneous
323852,Automotive Retail
323855,Restaurants
323863,Miscellaneous
323874,Miscellaneous
323891,Miscellaneous
323907,Clothing & Apparel
323921,Specialized Healthcare
323923,Fitness & Recreation
323928,Bakery & Desserts
323945,Miscellaneous
323948,Landscaping
323953,Miscellaneous
323954,Sports & Recreation
323961,Automotive Retail
323977,Miscellaneous
323985,Financial Services
324001,Miscellaneous
324026,Miscellaneous
324027,Fitness & Recreation
324032,Miscellaneous
324056,Miscellaneous
324061,Specialty Food
324071,Miscellaneous
324075,Miscellaneous
324080,IT Services
324089,Miscellaneous
324105,Miscellaneous
324118,Bakery & Desserts
324122,Automotive Retail
324130,Miscellaneous
324171,Miscellaneous
324178,Miscellaneous
324181,Miscellaneous
324200,Miscellaneous
324239,Medical Offices
324249,Miscellaneous
324266,Miscellaneous
324302,Restaurants
324304,Miscellaneous
324316,Miscellaneous
324333,Restaurants
324340,Miscellaneous
324349,Miscellaneous
324354,Schools
324360,Medical Offices
324372,Bars & Nightlife
324407,Coffee & Tea
324430,Sports & Recreation
324436,Miscellaneous
324438,Miscellaneous
324444,Clothing & Apparel
324466,Fast Food
324484,Miscellaneous
324501,Miscellaneous
324502,Restaurants
324527,Miscellaneous
324531,Miscellaneous
324596,Miscellaneous
324600,Real Estate
324604,Miscellaneous
324609,Miscellaneous
324616,Miscellaneous
324632,Restaurants
324659,Miscellaneous
324666,Specialty Food
324683,Restaurants
324685,Restaurants
324691,IT Services
324694,Restaurants
324697,Automotive Retail
324710,Miscellaneous
324735,Miscellaneous
324742,Telecommunications
324745,Miscellaneous
324803,Hotels & Motels
324866,Automotive Retail
324869,Miscellaneous
324878,Sports & Recreation
324881,Miscellaneous
324892,Miscellaneous
324929,Coffee & Tea
324936,Construction & Contractors
324939,Fast Food
324952,Fast Food
324975,Fitness & Recreation
324977,Miscellaneous
324987,Miscellaneous
324993,Miscellaneous
325003,Restaurants
325021,Miscellaneous
325022,Miscellaneous
325026,Miscellaneous
325047,Construction & Contractors
325050,Pharmacy
325065,Miscellaneous
325071,Miscellaneous
325098,Sports & Recreation
325103,Restaurants
325107,Miscellaneous
325173,Miscellaneous
325181,Miscellaneous
325193,Specialized Healthcare
325216,Miscellaneous
325220,Miscellaneous
325236,Miscellaneous
325258,Legal Services
325263,Health & Beauty
325265,Miscellaneous
325274,Automotive Retail
325276,Bakery & Desserts
325279,Travel Services
325285,Bars & Nightlife
325293,Clothing & Apparel
325295,Miscellaneous
325301,Miscellaneous
325320,Miscellaneous
325330,Miscellaneous
325333,Miscellaneous
325343,Miscellaneous
325379,Restaurants
325390,Repair & Maintenance
325423,Telecommunications
325445,Miscellaneous
325451,Health & Beauty
325457,Fitness & Recreation
325463,Miscellaneous
325469,Miscellaneous
325477,Car Wash & Detailing
325480,Plumbing & HVAC
325495,Landscaping
325499,Miscellaneous
325504,Miscellaneous
325506,Restaurants
325508,Miscellaneous
325512,Miscellaneous
325532,Restaurants
325602,Miscellaneous
325608,Health & Beauty
325613,Telecommunications
325615,Miscellaneous
325617,Miscellaneous
325628,Restaurants
325637,Car Wash & Detailing
325673,Construction & Contractors
325674,Fitness & Recreation
325676,Health & Beauty
325677,Consulting
325691,Electrical
325699,Miscellaneous
325731,Restaurants
325743,Miscellaneous
325749,Miscellaneous
325755,Medical Offices
325763,Miscellaneous
325769,Dry Cleaning & Laundry
325798,Restaurants
325806,Home & Garden
325822,Miscellaneous
325850,Miscellaneous
325858,Specialty Food
325866,Pharmacy
325868,Health & Beauty
325880,Miscellaneous
325921,Home & Garden
325924,Medical Offices
325948,Miscellaneous
325964,Restaurants
326005,Miscellaneous
326040,Miscellaneous
326050,Miscellaneous
326067,Telecommunications
326077,Miscellaneous
326116,Real Estate
326191,Miscellaneous
326200,Miscellaneous
326249,Restaurants
326266,Miscellaneous
326277,Miscellaneous
326283,Miscellaneous
326290,Specialty Food
326309,Restaurants
326311,Miscellaneous
326315,Sports & Recreation
326317,Bars & Nightlife
326325,Miscellaneous
326331,Specialty Food
326350,Miscellaneous
326353,Miscellaneous
326359,Miscellaneous
326370,Miscellaneous
326372,Restaurants
326373,Miscellaneous
326375,Telecommunications
326377,Arts & Entertainment
326387,Miscellaneous
326390,Telecommunications
326434,Miscellaneous
326454,Miscellaneous
326461,Miscellaneous
326524,Miscellaneous
326544,Miscellaneous
326570,Bakery & Desserts
326594,Specialty Retail
326595,Miscellaneous
326596,Specialty Food
326616,Miscellaneous
326621,Miscellaneous
326622,Health & Beauty
326633,Restaurants
326684,Miscellaneous
326685,Miscellaneous
326722,Clothing & Apparel
326731,Miscellaneous
326746,Clothing & Apparel
326782,Restaurants
326789,Miscellaneous
326800,Miscellaneous
326809,Miscellaneous
326822,Restaurants
326840,Fitness & Recreation
326897,Restaurants
326917,Miscellaneous
326918,Miscellaneous
326938,Restaurants
326953,Miscellaneous
326968,Miscellaneous
327006,Miscellaneous
327011,Miscellaneous
327033,Coffee & Tea
327044,Miscellaneous
327123,Miscellaneous
327142,Miscellaneous
327152,Bars & Nightlife
327156,Miscellaneous
327173,Miscellaneous
327174,Miscellaneous
327209,Telecommunications
327211,Sports & Recreation
327215,Miscellaneous
327223,Miscellaneous
327243,Miscellaneous
327244,Coffee & Tea
327261,Restaurants
327272,Miscellaneous
327273,Miscellaneous
327280,Financial Services
327304,Repair & Maintenance
327308,Miscellaneous
327309,Miscellaneous
327324,Miscellaneous
327333,Restaurants
327345,Fast Food
327378,Construction & Contractors
327425,Miscellaneous
327441,Miscellaneous
327471,Arts & Entertainment
327477,Medical Offices
327478,Miscellaneous
327479,Miscellaneous
327482,Restaurants
327489,Restaurants
327514,Dry Cleaning & Laundry
327522,Restaurants
327537,Bars & Nightlife
327538,Miscellaneous
327552,Miscellaneous
327553,Miscellaneous
327555,Restaurants
327572,Health & Beauty
327573,Construction & Contractors
327575,Bakery & Desserts
327592,Automotive Retail
327613,Miscellaneous
327625,Real Estate
327636,Miscellaneous
327652,Miscellaneous
327660,Restaurants
327667,Miscellaneous
327668,Miscellaneous
327670,Dry Cleaning & Laundry
327678,Restaurants
327717,Restaurants
327730,Miscellaneous
327735,Miscellaneous
327744,Restaurants
327750,Specialized Healthcare
327760,Miscellaneous
327770,Arts & Entertainment
327815,Miscellaneous
327820,Fast Food
327833,Restaurants
327855,Restaurants
327860,Restaurants
327870,Cleaning Services
327883,Health & Beauty
327889,Bars & Nightlife
327910,Restaurants
327911,Miscellaneous
327913,Miscellaneous
327924,Telecommunications
327935,Bars & Nightlife
327936,Restaurants
327942,Coffee & Tea
327950,Miscellaneous
327954,Health & Beauty
327955,Bars & Nightlife
327961,Miscellaneous
327968,Miscellaneous
327984,Miscellaneous
327996,Miscellaneous
328009,Restaurants
328025,Fast Food
328034,Coffee & Tea
328049,Miscellaneous
328050,Miscellaneous
328052,Medical Offices
328055,Miscellaneous
328057,Coffee & Tea
328058,Miscellaneous
328075,Health & Beauty
328079,Miscellaneous
328114,Bakery & Desserts
328137,Restaurants
328171,Miscellaneous
328195,Miscellaneous
328205,Financial Services
328238,Clothing & Apparel
328262,Miscellaneous
328274,Miscellaneous
328279,Bars & Nightlife
328307,Sports & Recreation
328309,Miscellaneous
328318,Miscellaneous
328320,Restaurants
328325,Miscellaneous
328329,Business Services
328342,Restaurants
328349,Restaurants
328351,Miscellaneous
328370,Financial Services
328393,Miscellaneous
328423,Health & Beauty
328432,Miscellaneous
328436,Miscellaneous
328449,Miscellaneous
328450,Health & Beauty
328503,Bars & Nightlife
328529,Medical Offices
328531,Specialty Food
328563,Restaurants
328605,Miscellaneous
328612,Miscellaneous
328615,Construction & Contractors
328621,Miscellaneous
328629,Restaurants
328637,Schools
328642,Bars & Nightlife
328681,Bars & Nightlife
328683,Sports & Recreation
328692,Miscellaneous
328743,Schools
328744,Miscellaneous
328770,Miscellaneous
328772,Restaurants
328791,Clothing & Apparel
328820,Automotive Retail
328827,Automotive Retail
328844,Medical Offices
328845,Repair & Maintenance
328852,Miscellaneous
328858,Restaurants
328864,Coffee & Tea
328881,Miscellaneous
328889,Fitness & Recreation
328893,Restaurants
328908,Restaurants
328909,Health & Beauty
328910,Automotive Retail
328911,Miscellaneous
328912,Miscellaneous
328914,Restaurants
328925,Hotels & Motels
328934,Miscellaneous
328937,Miscellaneous
328964,Home & Garden
329041,Health & Beauty
329051,Construction & Contractors
329068,Restaurants
329082,Car Wash & Detailing
329110,Miscellaneous
329113,Miscellaneous
329117,Miscellaneous
329137,Miscellaneous
329156,Miscellaneous
329158,Miscellaneous
329162,Miscellaneous
329177,Restaurants
329202,Telecommunications
329213,Bars & Nightlife
329230,Miscellaneous
329241,Telecommunications
329254,General Merchandise
329256,Miscellaneous
329271,Medical Offices
329306,Miscellaneous
329322,Car Wash & Detailing
329333,Bars & Nightlife
329339,Fast Food
329410,Miscellaneous
329419,Miscellaneous
329433,Real Estate
329441,Restaurants
329445,Miscellaneous
329447,Coffee & Tea
329454,Miscellaneous
329467,Hotels & Motels
329468,Restaurants
329470,Restaurants
329513,Bars & Nightlife
329515,Medical Offices
329539,Specialty Retail
329573,Clothing & Apparel
329584,Restaurants
329585,Miscellaneous
329612,Miscellaneous
329613,Restaurants
329646,Miscellaneous
329669,Miscellaneous
329670,Miscellaneous
329685,Restaurants
329696,Miscellaneous
329704,Miscellaneous
329732,Sports & Recreation
329744,Real Estate
329747,Miscellaneous
329759,Miscellaneous
329766,Miscellaneous
329771,Restaurants
329772,Miscellaneous
329788,Miscellaneous
329790,Restaurants
329797,Miscellaneous
329808,Hotels & Motels
329809,Miscellaneous
329818,Miscellaneous
329823,Restaurants
329826,Restaurants
329874,Construction & Contractors
329878,Restaurants
329897,Electrical
329902,Restaurants
329914,Miscellaneous
329954,Miscellaneous
329962,Bars & Nightlife
329965,Restaurants
329967,Health & Beauty
329978,Bakery & Desserts
329979,Bars & Nightlife
329994,Sports & Recreation
330011,Miscellaneous
330013,Miscellaneous
330014,Miscellaneous
330016,Specialty Food
330021,Bars & Nightlife
330024,Specialty Food
330087,Miscellaneous
330095,Miscellaneous
330106,Restaurants
330115,Miscellaneous
330128,Miscellaneous
330133,Restaurants
330138,Fitness & Recreation
330153,Miscellaneous
330164,Bars & Nightlife
330166,Miscellaneous
330191,Restaurants
330197,Legal Services
330209,Miscellaneous
330216,Health & Beauty
330222,Schools
330229,Arts & Entertainment
330239,Miscellaneous
330268,Bars & Nightlife
330296,Miscellaneous
330299,Real Estate
330312,Miscellaneous
330318,Health & Beauty
330328,Schools
330335,Miscellaneous
330370,Miscellaneous
330374,Cleaning Services
330381,Telecommunications
330426,Miscellaneous
330429,Miscellaneous
330431,Miscellaneous
330433,Miscellaneous
330440,Pet Services
330454,Miscellaneous
330460,Specialty Retail
330480,Miscellaneous
330482,Landscaping
330487,Miscellaneous
330494,Miscellaneous
330504,Miscellaneous
330512,Health & Beauty
330517,Real Estate
330548,Specialty Retail
330554,Home & Garden
330623,Miscellaneous
330643,Miscellaneous
330677,Bakery & Desserts
330703,Restaurants
330704,Miscellaneous
330718,Health & Beauty
330741,Pet Services
330747,Fitness & Recreation
330765,Restaurants
330772,Miscellaneous
330776,Restaurants
330780,Financial Services
330786,Restaurants
330801,Health & Beauty
330804,Construction & Contractors
330810,Real Estate
330843,General Merchandise
330874,Schools
330884,Miscellaneous
330903,Home & Garden
330919,Financial Services
330925,Miscellaneous
330948,Bars & Nightlife
330949,Bars & Nightlife
330956,Miscellaneous
330970,Miscellaneous
331030,Health & Beauty
331049,Miscellaneous
331065,Arts & Entertainment
331091,Legal Services
331099,Miscellaneous
331116,Fitness & Recreation
331140,Mental Health
331177,Legal Services
331193,Health & Beauty
331213,Miscellaneous
331236,Specialty Food
331242,Miscellaneous
331247,Miscellaneous
331268,Health & Beauty
331271,Restaurants
331273,Specialty Food
331280,Miscellaneous
331286,Real Estate
331298,Miscellaneous
331303,Health & Beauty
331306,Medical Offices
331309,Health & Beauty
331319,Miscellaneous
331321,Home & Garden
331334,Miscellaneous
331351,Miscellaneous
331352,Miscellaneous
331355,Clothing & Apparel
331378,Bars & Nightlife
331420,Miscellaneous
331421,Construction & Contractors
331431,Construction & Contractors
331442,Fitness & Recreation
331452,Miscellaneous
331500,Restaurants
331538,Restaurants
331561,Miscellaneous
331567,Restaurants
331577,Automotive Retail
331595,Miscellaneous
331612,Construction & Contractors
331632,Clothing & Apparel
331637,Coffee & Tea
331638,Miscellaneous
331648,Health & Beauty
331668,Miscellaneous
331675,Restaurants
331676,Health & Beauty
331684,Miscellaneous
331688,Miscellaneous
331695,Health & Beauty
331733,Miscellaneous
331743,Miscellaneous
331755,Restaurants
331760,Telecommunications
331780,Miscellaneous
331783,Miscellaneous
331803,Sports & Recreation
331816,Miscellaneous
331821,Telecommunications
331834,Health & Beauty
331877,Medical Offices
331900,Fitness & Recreation
331948,Telecommunications
331949,Miscellaneous
331953,Miscellaneous
331960,Restaurants
331963,Miscellaneous
331975,Restaurants
331980,Restaurants
331983,Clothing & Apparel
331986,Bakery & Desserts
332010,Restaurants
332013,Medical Offices
332035,Miscellaneous
332048,Miscellaneous
332069,Towing & Roadside
332071,Miscellaneous
332073,Miscellaneous
332095,Arts & Entertainment
332125,Restaurants
332140,Travel Services
332145,Health & Beauty
332153,Business Services
332161,Miscellaneous
332165,Miscellaneous
332175,Miscellaneous
332189,Bars & Nightlife
332192,Clothing & Apparel
332200,Restaurants
332204,Business Services
332232,Fitness & Recreation
332261,Schools
332273,Bakery & Desserts
332349,Miscellaneous
332361,Miscellaneous
332370,Miscellaneous
332376,Schools
332397,Miscellaneous
332410,Repair & Maintenance
332416,Dry Cleaning & Laundry
332441,Miscellaneous
332483,Business Services
332502,Miscellaneous
332505,Miscellaneous
332509,Restaurants
332510,Miscellaneous
332517,Bakery & Desserts
332525,Financial Services
332540,Miscellaneous
332565,Miscellaneous
332567,Miscellaneous
332569,Miscellaneous
332575,Financial Services
332595,Miscellaneous
332613,Specialized Healthcare
332615,Health & Beauty
332638,Miscellaneous
332658,Miscellaneous
332680,Restaurants
332681,Miscellaneous
332696,Miscellaneous
332738,Landscaping
332740,Financial Services
332754,Miscellaneous
332786,Specialty Retail
332821,Bars & Nightlife
332839,Miscellaneous
332865,Miscellaneous
332876,Pharmacy
332877,Miscellaneous
332879,Clothing & Apparel
332921,Miscellaneous
332927,Plumbing & HVAC
332936,Bars & Nightlife
332940,Pet Services
332944,Sports & Recreation
332948,Pet Services
332965,Pet Services
332976,Fitness & Recreation
332989,Miscellaneous
332998,Miscellaneous
333001,Miscellaneous
333002,Miscellaneous
333003,Miscellaneous
333011,Miscellaneous
333033,Business Services
333037,Repair & Maintenance
333044,Medical Offices
333061,Construction & Contractors
333066,Coffee & Tea
333087,Miscellaneous
333094,Miscellaneous
333106,Towing & Roadside
333107,Medical Offices
333111,Miscellaneous
333121,Consulting
333135,Coffee & Tea
333151,Miscellaneous
333158,Telecommunications
333167,Schools
333194,Health & Beauty
333213,Miscellaneous
333232,Hotels & Motels
333259,Miscellaneous
333260,Coffee & Tea
333264,Health & Beauty
333270,Miscellaneous
333315,Miscellaneous
333343,Real Estate
333346,Miscellaneous
333347,Miscellaneous
333385,Miscellaneous
333399,Miscellaneous
333403,Miscellaneous
333415,Miscellaneous
333420,Miscellaneous
333422,Miscellaneous
333438,Construction & Contractors
333449,Pet Services
333461,Miscellaneous
333463,Electrical
333469,Miscellaneous
333506,Financial Services
333513,Specialty Food
333514,Financial Services
333515,Miscellaneous
333526,Hotels & Motels
333532,Repair & Maintenance
333583,Clothing & Apparel
333601,Miscellaneous
333602,Coffee & Tea
333608,Miscellaneous
333626,Miscellaneous
333643,Miscellaneous
333644,Miscellaneous
333651,Miscellaneous
333661,Health & Beauty
333666,Miscellaneous
333687,Miscellaneous
333714,Miscellaneous
333721,Repair & Maintenance
333775,Miscellaneous
333785,Miscellaneous
333810,Miscellaneous
333816,Bars & Nightlife
333817,Restaurants
333827,Repair & Maintenance
333840,Schools
333852,Miscellaneous
333858,Construction & Contractors
333859,Legal Services
333862,Miscellaneous
333863,Restaurants
333867,Miscellaneous
333913,Medical Offices
333914,Health & Beauty
333922,Specialized Healthcare
333937,Miscellaneous
333940,Medical Offices
333941,Miscellaneous
333943,Health & Beauty
333952,Miscellaneous
333953,Miscellaneous
334003,Miscellaneous
334018,Specialty Retail
334028,Miscellaneous
334031,Miscellaneous
334038,Restaurants
334041,Bars & Nightlife
334045,Miscellaneous
334047,Specialty Retail
334064,Business Services
334066,Real Estate
334068,Specialized Healthcare
334089,Construction & Contractors
334105,Miscellaneous
334109,Health & Beauty
334141,Real Estate
334146,Miscellaneous
334165,Construction & Contractors
334186,Travel Services
334190,Miscellaneous
334242,Miscellaneous
334245,Miscellaneous
334268,Coffee & Tea
334282,Miscellaneous
334283,Health & Beauty
334306,Miscellaneous
334314,Miscellaneous
334330,Miscellaneous
334333,Legal Services
334363,Miscellaneous
334365,Miscellaneous
334367,Miscellaneous
334381,Miscellaneous
334383,Plumbing & HVAC
334386,Health & Beauty
334390,Health & Beauty
334410,Health & Beauty
334419,Miscellaneous
334428,Miscellaneous
334429,Miscellaneous
334466,Miscellaneous
334476,Medical Offices
334478,Miscellaneous
334480,Health & Beauty
334505,Miscellaneous
334508,Miscellaneous
334513,Restaurants
334523,Miscellaneous
334549,Electrical
334550,Restaurants
334561,Miscellaneous
334567,Construction & Contractors
334604,Health & Beauty
334622,Miscellaneous
334651,Restaurants
334665,Restaurants
334687,Miscellaneous
334710,Medical Offices
334723,Miscellaneous
334729,Miscellaneous
334730,Miscellaneous
334731,Specialty Retail
334735,Bars & Nightlife
334761,Health & Beauty
334777,Health & Beauty
334784,Car Wash & Detailing
334791,Telecommunications
334810,Miscellaneous
334820,Miscellaneous
334845,Coffee & Tea
334859,Health & Beauty
334865,IT Services
334876,Plumbing & HVAC
334916,Miscellaneous
334919,Miscellaneous
334938,Miscellaneous
334949,Clothing & Apparel
334955,Miscellaneous
334964,Miscellaneous
334978,Restaurants
334980,Miscellaneous
334990,Miscellaneous
335001,Miscellaneous
335002,Miscellaneous
335009,Health & Beauty
335041,Medical Offices
335042,Restaurants
335054,Miscellaneous
335055,Specialized Healthcare
335067,Dry Cleaning & Laundry
335088,Miscellaneous
335092,Miscellaneous
335094,Repair & Maintenance
335145,Miscellaneous
335166,Miscellaneous
335179,Events & Venues
335208,Miscellaneous
335219,Car Wash & Detailing
335229,Miscellaneous
335233,Miscellaneous
335239,Health & Beauty
335267,Financial Services
335268,Business Services
335283,Health & Beauty
335293,Restaurants
335320,Medical Offices
335322,Health & Beauty
335323,Schools
335333,Miscellaneous
335346,Miscellaneous
335376,Miscellaneous
335377,Restaurants
335396,Real Estate
335399,Miscellaneous
335406,Miscellaneous
335428,Pharmacy
335441,Miscellaneous
335443,Miscellaneous
335458,Miscellaneous
335470,Health & Beauty
335474,Clothing & Apparel
335479,Miscellaneous
335531,Miscellaneous
335557,Miscellaneous
335563,Clothing & Apparel
335565,Miscellaneous
335589,Miscellaneous
335607,Repair & Maintenance
335622,Medical Offices
335629,Miscellaneous
335671,Restaurants
335711,Miscellaneous
335726,Miscellaneous
335734,Schools
335742,Restaurants
335743,Miscellaneous
335746,Miscellaneous
335756,Bars & Nightlife
335760,Miscellaneous
335780,Specialty Food
335788,Miscellaneous
335796,Miscellaneous
335815,Restaurants
335817,Miscellaneous
335848,Health & Beauty
335861,Miscellaneous
335865,Financial Services
335869,Medical Offices
335894,Repair & Maintenance
335921,Bakery & Desserts
335929,Restaurants
335943,Miscellaneous
335956,Miscellaneous
335982,Miscellaneous
336000,Miscellaneous
336024,Coffee & Tea
336036,Medical Offices
336038,Miscellaneous
336039,Miscellaneous
336042,Miscellaneous
336085,Miscellaneous
336089,Specialty Retail
336090,Repair & Maintenance
336104,Medical Offices
336110,Miscellaneous
336121,Miscellaneous
336126,Miscellaneous
336130,Business Services
336134,Fitness & Recreation
336139,Clothing & Apparel
336144,Financial Services
336166,Miscellaneous
336167,Fitness & Recreation
336168,Miscellaneous
336171,Miscellaneous
336179,Miscellaneous
336187,Miscellaneous
336189,Construction & Contractors
336210,Health & Beauty
336211,Miscellaneous
336216,Miscellaneous
336217,Miscellaneous
336232,Miscellaneous
336259,Fitness & Recreation
336272,Miscellaneous
336276,Miscellaneous
336290,Specialized Healthcare
336307,Fast Food
336333,Bars & Nightlife
336344,Fitness & Recreation
336351,Miscellaneous
336362,Miscellaneous
336393,Miscellaneous
336434,Restaurants
336441,Financial Services
336444,Miscellaneous
336496,Restaurants
336499,Miscellaneous
336524,Fitness & Recreation
336529,Miscellaneous
336548,Hotels & Motels
336552,Bars & Nightlife
336573,Miscellaneous
336582,Miscellaneous
336621,Telecommunications
336641,Restaurants
336675,Medical Offices
336677,Health & Beauty
336701,Miscellaneous
336706,Miscellaneous
336738,Clothing & Apparel
336739,Restaurants
336741,Miscellaneous
336742,Bars & Nightlife
336747,Telecommunications
336748,Miscellaneous
336752,Bars & Nightlife
336753,Bars & Nightlife
336771,Restaurants
336775,Miscellaneous
336780,Miscellaneous
336799,Automotive Retail
336842,Miscellaneous
336851,Restaurants
336861,Miscellaneous
336874,Legal Services
336888,Fast Food
336889,Miscellaneous
336891,Miscellaneous
336897,Fast Food
336900,Miscellaneous
336912,Restaurants
336914,Miscellaneous
336918,Legal Services
336924,Miscellaneous
336932,Miscellaneous
336943,Restaurants
336947,Financial Services
336949,Miscellaneous
336952,Miscellaneous
336965,Miscellaneous
336972,Miscellaneous
336974,Miscellaneous
336976,Miscellaneous
336981,Miscellaneous
336992,Miscellaneous
337005,Miscellaneous
337012,Restaurants
337014,Miscellaneous
337015,Electrical
337028,Health & Beauty
337099,Automotive Retail
337105,Restaurants
337109,Coffee & Tea
337176,Miscellaneous
337180,Restaurants
337203,Construction & Contractors
337209,Miscellaneous
337259,Miscellaneous
337279,Miscellaneous
337283,Restaurants
337290,Miscellaneous
337322,Bakery & Desserts
337324,Miscellaneous
337331,Specialty Food
337342,Restaurants
337343,Miscellaneous
337348,Miscellaneous
337357,Miscellaneous
337371,Sports & Recreation
337386,Sports & Recreation
337400,Health & Beauty
337406,Health & Beauty
337423,Specialized Healthcare
337426,Bars & Nightlife
337433,Events & Venues
337446,Miscellaneous
337447,Miscellaneous
337451,Health & Beauty
337469,Miscellaneous
337486,Miscellaneous
337507,Specialty Food
337509,Miscellaneous
337581,Repair & Maintenance
337585,Bars & Nightlife
337588,Miscellaneous
337602,Miscellaneous
337621,Restaurants
337622,Restaurants
337627,Medical Offices
337628,Health & Beauty
337630,Repair & Maintenance
337634,Fitness & Recreation
337636,Miscellaneous
337650,Miscellaneous
337675,Fast Food
337676,Bars & Nightlife
337678,Coffee & Tea
337682,Restaurants
337707,Restaurants
337714,Miscellaneous
337728,Repair & Maintenance
337745,Miscellaneous
337754,Miscellaneous
337765,Miscellaneous
337767,Health & Beauty
337790,Miscellaneous
337800,Miscellaneous
337814,Restaurants
337834,Miscellaneous
337846,Health & Beauty
337857,Restaurants
337878,Miscellaneous
337887,Coffee & Tea
337900,Miscellaneous
337944,Miscellaneous
337946,Specialty Food
337951,Restaurants
337962,Restaurants
337966,Telecommunications
337979,Miscellaneous
337987,Medical Offices
337995,Miscellaneous
338047,Miscellaneous
338065,Miscellaneous
338075,Home & Garden
338105,Miscellaneous
338130,Health & Beauty
338148,Restaurants
338158,Miscellaneous
338160,Miscellaneous
338178,Miscellaneous
338186,Home & Garden
338190,Business Services
338196,Miscellaneous
338222,Repair & Maintenance
338224,Home & Garden
338225,Miscellaneous
338234,Miscellaneous
338254,Restaurants
338294,Miscellaneous
338297,Miscellaneous
338299,Miscellaneous
338307,Restaurants
338313,Health & Beauty
338322,Miscellaneous
338328,Miscellaneous
338332,Coffee & Tea
338334,Construction & Contractors
338347,Health & Beauty
338395,Miscellaneous
338400,Health & Beauty
338407,Miscellaneous
338413,Miscellaneous
338449,Sports & Recreation
338473,Fast Food
338478,Restaurants
338482,Automotive Retail
338483,Miscellaneous
338491,Restaurants
338525,Miscellaneous
338526,Miscellaneous
338557,Miscellaneous
338586,Medical Offices
338622,Automotive Retail
338634,Miscellaneous
338651,Pharmacy
338663,Bars & Nightlife
338673,Miscellaneous
338686,Medical Offices
338716,Fitness & Recreation
338718,Miscellaneous
338723,Miscellaneous
338724,Miscellaneous
338749,Bars & Nightlife
338752,Miscellaneous
338755,Miscellaneous
338759,Miscellaneous
338790,Miscellaneous
338799,Pet Services
338800,Health & Beauty
338833,Restaurants
338843,Health & Beauty
338854,Miscellaneous
338936,Restaurants
338938,Miscellaneous
338945,Health & Beauty
338946,Miscellaneous
338972,Financial Services
338978,Bakery & Desserts
339018,Telecommunications
339023,Clothing & Apparel
339034,Miscellaneous
339035,Dry Cleaning & Laundry
339082,Specialty Food
339083,Miscellaneous
339150,Financial Services
339152,Miscellaneous
339165,Restaurants
339220,Pet Services
339234,Miscellaneous
339244,Events & Venues
339279,Bars & Nightlife
339280,Sports & Recreation
339289,Restaurants
339293,Towing & Roadside
339335,Miscellaneous
339337,Health & Beauty
339342,Miscellaneous
339355,Restaurants
339361,Miscellaneous
339372,Coffee & Tea
339377,Miscellaneous
339378,Medical Offices
339402,Miscellaneous
339406,Restaurants
339424,Telecommunications
339432,Miscellaneous
339436,Miscellaneous
339437,Miscellaneous
339438,Towing & Roadside
339448,Miscellaneous
339450,Miscellaneous
339452,Medical Offices
339456,Miscellaneous
339480,Bars & Nightlife
339490,Miscellaneous
339497,Miscellaneous
339499,Sports & Recreation
339506,Miscellaneous
339520,Restaurants
339524,Automotive Retail
339552,Pet Services
339553,Miscellaneous
339605,Miscellaneous
339628,Miscellaneous
339665,Miscellaneous
339666,Restaurants
339684,Financial Services
339699,Miscellaneous
339729,Miscellaneous
339733,Miscellaneous
339775,Business Services
339777,Restaurants
339778,Hotels & Motels
339789,Medical Offices
339790,Restaurants
339791,Business Services
339795,Specialized Healthcare
339828,Pet Services
339854,Miscellaneous
339879,Miscellaneous
339906,Clothing & Apparel
339909,Miscellaneous
339911,Restaurants
339927,Financial Services
339950,Coffee & Tea
339953,Restaurants
339964,Miscellaneous
339982,Miscellaneous
339985,Restaurants
339990,Restaurants
339991,Miscellaneous
339999,Restaurants
340020,Miscellaneous
340021,Restaurants
340033,Miscellaneous
340042,Restaurants
340045,Health & Beauty
340047,Coffee & Tea
340057,Miscellaneous
340075,Automotive Retail
340190,Miscellaneous
340191,Telecommunications
340193,Telecommunications
340200,Restaurants
340211,Miscellaneous
340218,Miscellaneous
340241,Bars & Nightlife
340269,Restaurants
340299,Pet Services
340312,Miscellaneous
340324,Repair & Maintenance
340327,Miscellaneous
340340,Miscellaneous
340358,Bakery & Desserts
340387,Miscellaneous
340393,Schools
340413,Medical Offices
340418,Specialty Food
340454,Miscellaneous
340457,Miscellaneous
340467,Miscellaneous
340476,Restaurants
340490,Miscellaneous
340493,Miscellaneous
340497,Miscellaneous
340516,Miscellaneous
340564,Miscellaneous
340569,Consulting
340607,Restaurants
340611,Miscellaneous
340613,Bars & Nightlife
340623,Fitness & Recreation
340642,Miscellaneous
340648,Miscellaneous
340656,Telecommunications
340660,Miscellaneous
340663,Miscellaneous
340670,Miscellaneous
340672,Miscellaneous
340690,Miscellaneous
340695,Schools
340725,Health & Beauty
340726,Plumbing & HVAC
340729,Miscellaneous
340730,Health & Beauty
340734,Restaurants
340756,Miscellaneous
340765,Travel Services
340788,Restaurants
340793,Sports & Recreation
340797,Miscellaneous
340864,Bakery & Desserts
340926,Miscellaneous
340932,Miscellaneous
340935,Medical Offices
340939,Miscellaneous
340953,Bars & Nightlife
340978,Miscellaneous
340985,Restaurants
341000,Miscellaneous
341022,Miscellaneous
341025,Arts & Entertainment
341056,Miscellaneous
341060,Health & Beauty
341064,Miscellaneous
341074,Miscellaneous
341084,Landscaping
341098,Sports & Recreation
341121,Miscellaneous
341122,Miscellaneous
341124,Coffee & Tea
341132,Miscellaneous
341151,Miscellaneous
341153,Miscellaneous
341158,Restaurants
341161,Restaurants
341180,Miscellaneous
341192,Schools
341240,Medical Offices
341256,Clothing & Apparel
341264,Specialty Food
341270,Miscellaneous
341297,Bakery & Desserts
341300,Miscellaneous
341308,Restaurants
341314,Miscellaneous
341316,Construction & Contractors
341318,Restaurants
341327,Miscellaneous
341352,Miscellaneous
341354,Miscellaneous
341363,Miscellaneous
341373,Bars & Nightlife
341411,Hotels & Motels
341423,Restaurants
341432,Miscellaneous
341447,Specialty Food
341457,Miscellaneous
341468,Health & Beauty
341482,Restaurants
341484,Miscellaneous
341502,Telecommunications
341504,Miscellaneous
341513,Miscellaneous
341521,Specialty Retail
341525,Coffee & Tea
341567,Miscellaneous
341570,Specialty Food
341573,Restaurants
341579,Car Wash & Detailing
341584,Restaurants
341588,Restaurants
341589,Miscellaneous
341593,Miscellaneous
341595,Miscellaneous
341607,Miscellaneous
341638,Miscellaneous
341651,Miscellaneous
341707,Restaurants
341725,Miscellaneous
341755,Miscellaneous
341765,Miscellaneous
341793,Bakery & Desserts
341814,Miscellaneous
341826,Coffee & Tea
341847,Restaurants
341856,Miscellaneous
341878,Miscellaneous
341882,Miscellaneous
341922,Specialty Food
341929,Restaurants
341932,Coffee & Tea
341952,Hotels & Motels
341965,Miscellaneous
341977,Bars & Nightlife
341980,Automotive Retail
341981,Bars & Nightlife
341988,Miscellaneous
342000,Business Services
342006,Restaurants
342021,Miscellaneous
342023,Miscellaneous
342025,Restaurants
342069,Health & Beauty
342071,Miscellaneous
342077,Bakery & Desserts
342079,Miscellaneous
342083,Miscellaneous
342085,Medical Offices
342088,Miscellaneous
342093,Bars & Nightlife
342095,Clothing & Apparel
342096,Bakery & Desserts
342125,Restaurants
342151,Fitness & Recreation
342158,Schools
342194,Restaurants
342210,Bars & Nightlife
342217,Miscellaneous
342233,Fast Food
342234,Restaurants
342249,Miscellaneous
342252,Miscellaneous
342255,Fast Food
342263,Bars & Nightlife
342266,Car Wash & Detailing
342274,Miscellaneous
342278,Home & Garden
342321,Miscellaneous
342322,Restaurants
342356,Telecommunications
342365,IT Services
342383,Bakery & Desserts
342393,Health & Beauty
342396,Miscellaneous
342409,Financial Services
342410,Miscellaneous
342411,Coffee & Tea
342425,Miscellaneous
342427,Miscellaneous
342428,Automotive Retail
342437,Miscellaneous
342442,Coffee & Tea
342449,Clothing & Apparel
342470,Fast Food
342473,Miscellaneous
342490,Miscellaneous
342510,Restaurants
342512,Miscellaneous
342524,Miscellaneous
342526,Miscellaneous
342549,Bars & Nightlife
342557,Events & Venues
342641,Fitness & Recreation
342642,Miscellaneous
342651,Bars & Nightlife
342658,Bars & Nightlife
342665,Miscellaneous
342683,Medical Offices
342684,Telecommunications
342685,Restaurants
342733,Fast Food
342735,Automotive Retail
342756,Fast Food
342763,Bars & Nightlife
342765,Miscellaneous
342797,Restaurants
342809,Bakery & Desserts
342814,Miscellaneous
342821,Fast Food
342832,Coffee & Tea
342837,Miscellaneous
342869,Miscellaneous
342884,Restaurants
342885,Miscellaneous
342889,Hotels & Motels
342894,Specialty Food
342901,Miscellaneous
342912,Miscellaneous
342970,Miscellaneous
342983,Health & Beauty
342986,Miscellaneous
342999,Miscellaneous
343006,Restaurants
343022,Medical Offices
343027,Miscellaneous
343028,Restaurants
343035,Telecommunications
343069,Miscellaneous
343071,Fast Food
343077,Miscellaneous
343083,Financial Services
343087,Hotels & Motels
343106,Miscellaneous
343132,Miscellaneous
343136,Miscellaneous
343137,Hotels & Motels
343140,Hotels & Motels
343144,IT Services
343146,Miscellaneous
343162,Miscellaneous
343224,Repair & Maintenance
343254,Restaurants
343265,Restaurants
343276,Medical Offices
343291,Specialty Food
343297,Financial Services
343327,Coffee & Tea
343328,Sports & Recreation
343338,Repair & Maintenance
343344,Miscellaneous
343345,Real Estate
343348,Miscellaneous
343349,Miscellaneous
343350,Miscellaneous
343383,Clothing & Apparel
343386,Repair & Maintenance
343391,Miscellaneous
343397,Automotive Retail
343398,Restaurants
343427,Miscellaneous
343461,Miscellaneous
343474,Miscellaneous
343481,Restaurants
343511,Specialty Food
343513,Specialty Food
343525,Restaurants
343540,Restaurants
343541,Health & Beauty
343557,Bars & Nightlife
343574,Miscellaneous
343586,Miscellaneous
343597,Miscellaneous
343600,Miscellaneous
343601,Construction & Contractors
343608,Childcare
343616,Car Wash & Detailing
343635,Coffee & Tea
343655,Miscellaneous
343681,Medical Offices
343701,Restaurants
343708,Restaurants
343726,Miscellaneous
343731,Miscellaneous
343748,Miscellaneous
343750,Clothing & Apparel
343784,Miscellaneous
343785,Miscellaneous
343806,Miscellaneous
343822,Business Services
343823,Bars & Nightlife
343838,Miscellaneous
343844,Miscellaneous
343849,Clothing & Apparel
343860,Home & Garden
343887,Bakery & Desserts
343949,Restaurants
343959,Home & Garden
343961,Restaurants
343970,Restaurants
343989,Miscellaneous
343998,Miscellaneous
344011,IT Services
344013,Automotive Retail
344027,Miscellaneous
344038,Restaurants
344039,Towing & Roadside
344044,Real Estate
344050,Restaurants
344073,Miscellaneous
344090,Telecommunications
344112,Pet Services
344120,Restaurants
344148,Coffee & Tea
344149,Restaurants
344152,Miscellaneous
344212,Bakery & Desserts
344247,Restaurants
344267,Specialty Retail
344271,Miscellaneous
344275,General Merchandise
344276,Miscellaneous
344280,Miscellaneous
344286,Miscellaneous
344296,Clothing & Apparel
344316,Miscellaneous
344319,Coffee & Tea
344321,Miscellaneous
344338,Car Wash & Detailing
344343,Restaurants
344380,Miscellaneous
344385,Miscellaneous
344393,Automotive Retail
344415,Miscellaneous
344442,Miscellaneous
344477,Miscellaneous
344486,Miscellaneous
344506,Miscellaneous
344530,Health & Beauty
344531,Bars & Nightlife
344547,Miscellaneous
344552,Miscellaneous
344558,Fast Food
344559,Coffee & Tea
344576,Miscellaneous
344616,Restaurants
344617,Restaurants
344635,Medical Offices
344641,Miscellaneous
344649,Events & Venues
344672,Miscellaneous
344677,Miscellaneous
344692,Sports & Recreation
344695,Hotels & Motels
344708,Telecommunications
344742,Clothing & Apparel
344756,Miscellaneous
344763,Bakery & Desserts
344786,Miscellaneous
344787,Miscellaneous
344802,Bakery & Desserts
344803,Miscellaneous
344805,Bakery & Desserts
344807,Bars & Nightlife
344809,Pharmacy
344836,Miscellaneous
344838,Coffee & Tea
344853,Specialty Food
344854,Clothing & Apparel
344861,Restaurants
344862,Miscellaneous
344927,Miscellaneous
344934,Miscellaneous
344946,Miscellaneous
344948,Restaurants
344954,Restaurants
345039,Travel Services
345046,Miscellaneous
345052,Bakery & Desserts
345083,Specialty Food
345116,Miscellaneous
345122,Restaurants
345127,Miscellaneous
345132,Miscellaneous
345155,Repair & Maintenance
345166,Arts & Entertainment
345192,Bars & Nightlife
345193,Miscellaneous
345224,Restaurants
345237,Restaurants
345256,Miscellaneous
345257,Miscellaneous
345260,Miscellaneous
345269,Automotive Retail
345288,Specialty Food
345289,Miscellaneous
345294,Miscellaneous
345329,Miscellaneous
345342,Miscellaneous
345352,Miscellaneous
345359,Miscellaneous
345391,Restaurants
345400,Hotels & Motels
345409,Miscellaneous
345416,Restaurants
345417,Specialty Food
345422,Miscellaneous
345438,Miscellaneous
345500,Miscellaneous
345501,Restaurants
345502,Miscellaneous
345529,Restaurants
345530,Miscellaneous
345532,Fitness & Recreation
345546,Miscellaneous
345579,Miscellaneous
345580,Restaurants
345584,Coffee & Tea
345585,Specialty Retail
345589,Pet Services
345642,Restaurants
345669,Arts & Entertainment
345672,Miscellaneous
345675,Coffee & Tea
345685,General Merchandise
345686,Miscellaneous
345692,Miscellaneous
345712,Restaurants
345714,Miscellaneous
345723,Miscellaneous
345727,Miscellaneous
345729,Automotive Retail
345740,Pet Services
345749,Miscellaneous
345750,Specialty Retail
345775,Restaurants
345783,Restaurants
345787,Restaurants
345788,Miscellaneous
345789,Bakery & Desserts
345790,Specialty Food
345791,Miscellaneous
345793,Restaurants
345797,Health & Beauty
345838,Miscellaneous
345843,Fast Food
345846,Miscellaneous
345876,Bars & Nightlife
345877,Miscellaneous
345879,Specialty Food
345880,Bars & Nightlife
345906,Restaurants
345919,Specialty Retail
345924,Miscellaneous
345926,Health & Beauty
345927,Health & Beauty
345934,Travel Services
345971,Coffee & Tea
345997,Dry Cleaning & Laundry
345998,Miscellaneous
345999,Miscellaneous
346019,Health & Beauty
346020,Health & Beauty
346026,Travel Services
346058,Coffee & Tea
346077,Hotels & Motels
346079,Miscellaneous
346081,Miscellaneous
346085,Dry Cleaning & Laundry
346096,Construction & Contractors
346107,Miscellaneous
346111,Miscellaneous
346125,Miscellaneous
346131,Restaurants
346151,Miscellaneous
346166,Miscellaneous
346177,Automotive Retail
346181,Real Estate
346182,Miscellaneous
346193,Health & Beauty
346196,Legal Services
346198,Miscellaneous
346225,Miscellaneous
346229,Miscellaneous
346244,Travel Services
346255,Financial Services
346271,Miscellaneous
346272,Miscellaneous
346463,Health & Beauty
346472,Miscellaneous
346477,Fitness & Recreation
346481,Health & Beauty
346489,Restaurants
346498,Health & Beauty
346545,Restaurants
346573,Miscellaneous
346589,Restaurants
346590,Miscellaneous
346603,Miscellaneous
346608,Miscellaneous
346634,Restaurants
346635,Specialty Food
346662,Miscellaneous
346666,Plumbing & HVAC
346676,Miscellaneous
346701,Restaurants
346702,Miscellaneous
346705,Miscellaneous
346706,Miscellaneous
346723,Restaurants
346747,Bars & Nightlife
346750,Bars & Nightlife
346751,Car Wash & Detailing
346773,Specialty Food
346782,Miscellaneous
346794,Restaurants
346864,Miscellaneous
346868,Arts & Entertainment
346891,Miscellaneous
346897,Health & Beauty
346899,Repair & Maintenance
346902,Miscellaneous
346910,Medical Offices
346917,Miscellaneous
346933,Miscellaneous
346936,Miscellaneous
346937,Miscellaneous
346941,Miscellaneous
346945,Miscellaneous
346982,Miscellaneous
347004,Miscellaneous
347007,Restaurants
347015,Restaurants
347041,Restaurants
347044,Bars & Nightlife
347053,Specialty Food
347115,Health & Beauty
347119,Health & Beauty
347132,Miscellaneous
347137,Arts & Entertainment
347141,Travel Services
347151,Health & Beauty
347160,Miscellaneous
347174,Miscellaneous
347175,Miscellaneous
347184,Miscellaneous
347198,Legal Services
347199,Miscellaneous
347204,Restaurants
347226,Dry Cleaning & Laundry
347243,Miscellaneous
347249,Miscellaneous
347254,Repair & Maintenance
347261,Miscellaneous
347285,Medical Offices
347289,Miscellaneous
347296,Miscellaneous
347306,Restaurants
347308,Real Estate
347318,Miscellaneous
347321,Schools
347331,Medical Offices
347338,Bars & Nightlife
347375,Bakery & Desserts
347380,Restaurants
347382,Miscellaneous
347389,Miscellaneous
347393,Miscellaneous
347403,Miscellaneous
347404,Miscellaneous
347405,Bars & Nightlife
347410,Restaurants
347426,Miscellaneous
347428,Miscellaneous
347431,Miscellaneous
347435,Automotive Retail
347441,Miscellaneous
347461,Specialty Retail
347464,Miscellaneous
347467,Medical Offices
347483,Health & Beauty
347501,Miscellaneous
347505,Restaurants
347508,Bakery & Desserts
347517,Miscellaneous
347527,Restaurants
347536,Health & Beauty
347544,Miscellaneous
347606,Restaurants
347607,Fitness & Recreation
347612,Miscellaneous
347613,Health & Beauty
347616,Restaurants
347622,Health & Beauty
347630,Miscellaneous
347661,Miscellaneous
347677,Miscellaneous
347681,Miscellaneous
347728,Bars & Nightlife
347755,Repair & Maintenance
347758,Miscellaneous
347759,Restaurants
347760,Miscellaneous
347791,Miscellaneous
347795,Hotels & Motels
347799,Miscellaneous
347800,Miscellaneous
347802,Miscellaneous
347807,Restaurants
347819,Miscellaneous
347849,Miscellaneous
347850,Real Estate
347876,Miscellaneous
347877,Miscellaneous
347881,Miscellaneous
347898,Specialty Food
347902,Miscellaneous
347912,Home & Garden
347919,Miscellaneous
347920,Miscellaneous
347921,Miscellaneous
347927,Miscellaneous
347933,Miscellaneous
347975,Miscellaneous
347979,Consulting
347984,Miscellaneous
347991,Miscellaneous
348010,Pharmacy
348012,Construction & Contractors
348022,Miscellaneous
348032,Miscellaneous
348033,Bars & Nightlife
348043,Restaurants
348046,Legal Services
348050,Health & Beauty
348109,Medical Offices
348119,Miscellaneous
348122,Construction & Contractors
348132,Pet Services
348148,Miscellaneous
348192,Miscellaneous
348199,Miscellaneous
348228,Miscellaneous
348235,Miscellaneous
348239,Home & Garden
348244,Restaurants
348246,Miscellaneous
348285,Restaurants
348319,Bakery & Desserts
348330,Miscellaneous
348333,Miscellaneous
348352,Hotels & Motels
348367,Health & Beauty
348368,Miscellaneous
348371,Miscellaneous
348387,Miscellaneous
348389,Miscellaneous
348391,Miscellaneous
348428,Pharmacy
348433,Health & Beauty
348442,Mental Health
348445,Bars & Nightlife
348474,Medical Offices
348476,Miscellaneous
348492,Miscellaneous
348533,Miscellaneous
348546,Miscellaneous
348562,Miscellaneous
348599,Coffee & Tea
348600,Miscellaneous
348608,Home & Garden
348611,Miscellaneous
348621,Bars & Nightlife
348624,Miscellaneous
348636,Miscellaneous
348637,Cleaning Services
348647,Coffee & Tea
348651,General Merchandise
348655,Specialty Food
348677,Health & Beauty
348685,Specialty Retail
348692,Miscellaneous
348727,Miscellaneous
348733,Business Services
348734,Telecommunications
348744,Miscellaneous
348766,Repair & Maintenance
348771,Towing & Roadside
348792,Bars & Nightlife
348810,Telecommunications
348819,Home & Garden
348843,Miscellaneous
348856,Medical Offices
348857,Telecommunications
348865,Business Services
348911,Clothing & Apparel
348941,Miscellaneous
348943,Specialty Retail
348945,Restaurants
348950,Miscellaneous
348952,Miscellaneous
348966,Pet Services
348991,Health & Beauty
348994,Medical Offices
349008,Business Services
349009,Miscellaneous
349021,Restaurants
349066,Miscellaneous
349077,Medical Offices
349090,Miscellaneous
349096,Bars & Nightlife
349114,Hotels & Motels
349138,Repair & Maintenance
349151,Clothing & Apparel
349170,Health & Beauty
349191,Miscellaneous
349202,Health & Beauty
349203,Restaurants
349206,Business Services
349242,Health & Beauty
349248,Automotive Retail
349298,Health & Beauty
349339,Miscellaneous
349347,Miscellaneous
349349,Restaurants
349353,Miscellaneous
349364,Medical Offices
349381,IT Services
349384,Health & Beauty
349413,Pharmacy
349426,Restaurants
349435,Miscellaneous
349482,Real Estate
349485,Telecommunications
349489,Travel Services
349541,Repair & Maintenance
349551,Fitness & Recreation
349565,Restaurants
349575,Financial Services
349583,IT Services
349618,Miscellaneous
349630,Restaurants
349679,Specialized Healthcare
349701,Restaurants
349704,Miscellaneous
349741,Miscellaneous
349750,Miscellaneous
349751,Miscellaneous
349771,Bars & Nightlife
349785,Miscellaneous
349801,Miscellaneous
349807,Miscellaneous
349831,Restaurants
349832,Home & Garden
349860,Miscellaneous
349913,Arts & Entertainment
349938,Schools
349978,Health & Beauty
349979,Telecommunications
350043,Telecommunications
350045,Health & Beauty
350046,Miscellaneous
350058,Miscellaneous
350076,Miscellaneous
350093,Restaurants
350099,Miscellaneous
350112,Construction & Contractors
350127,Miscellaneous
350130,Specialty Food
350137,Legal Services
350145,Miscellaneous
350151,Restaurants
350155,Fitness & Recreation
350171,Restaurants
350175,Miscellaneous
350179,Fast Food
350180,Miscellaneous
350199,Miscellaneous
350208,Repair & Maintenance
350214,Business Services
350231,Miscellaneous
350271,Miscellaneous
350286,Restaurants
350296,Hotels & Motels
350319,Specialty Food
350332,Miscellaneous
350348,Miscellaneous
350351,Miscellaneous
350379,Miscellaneous
350405,Miscellaneous
350410,Restaurants
350413,Restaurants
350417,Financial Services
350443,Miscellaneous
350453,Miscellaneous
350463,Telecommunications
350464,Miscellaneous
350475,Miscellaneous
350490,Restaurants
350534,Miscellaneous
350535,Restaurants
350562,Restaurants
350563,Telecommunications
350567,Miscellaneous
350587,Miscellaneous
350618,Miscellaneous
350621,Restaurants
350622,Restaurants
350632,Miscellaneous
350672,Coffee & Tea
350690,Bars & Nightlife
350714,Miscellaneous
350725,Medical Offices
350751,Miscellaneous
350752,Fast Food
350770,Miscellaneous
350783,Construction & Contractors
350787,Restaurants
350823,Miscellaneous
350830,Restaurants
350841,Miscellaneous
350846,Health & Beauty
350848,Miscellaneous
350870,Miscellaneous
350888,Telecommunications
350908,Miscellaneous
350923,Restaurants
350931,Miscellaneous
350964,Miscellaneous
350972,Bars & Nightlife
350984,Medical Offices
351012,Financial Services
351022,Bars & Nightlife
351035,Schools
351051,Miscellaneous
351053,Miscellaneous
351064,Miscellaneous
351093,Miscellaneous
351094,Restaurants
351102,Miscellaneous
351104,Clothing & Apparel
351123,Fitness & Recreation
351128,Repair & Maintenance
351132,Restaurants
351179,Miscellaneous
351180,Miscellaneous
351181,Miscellaneous
351193,Repair & Maintenance
351202,Specialty Retail
351214,Specialty Retail
351220,Pharmacy
351225,Miscellaneous
351229,Pet Services
351262,Miscellaneous
351266,Restaurants
351277,Miscellaneous
351317,Real Estate
351328,Miscellaneous
351340,Miscellaneous
351350,Specialty Food
351355,Miscellaneous
351361,Miscellaneous
351374,Miscellaneous
351467,Miscellaneous
351469,Miscellaneous
351478,Fitness & Recreation
351480,Miscellaneous
351506,Miscellaneous
351513,Medical Offices
351568,Miscellaneous
351591,Coffee & Tea
351598,Restaurants
351623,Home & Garden
351624,Miscellaneous
351666,Miscellaneous
351704,Restaurants
351720,Miscellaneous
351729,Miscellaneous
351732,Dry Cleaning & Laundry
351748,Miscellaneous
351749,Miscellaneous
351755,Bars & Nightlife
351816,Fitness & Recreation
351838,Clothing & Apparel
351848,Bars & Nightlife
351850,Clothing & Apparel
351861,Specialty Retail
351877,Miscellaneous
351881,Home & Garden
351883,Coffee & Tea
351897,Coffee & Tea
351924,Restaurants
351945,Coffee & Tea
351957,Miscellaneous
351962,Legal Services
351976,Bars & Nightlife
351990,Miscellaneous
352041,Fitness & Recreation
352052,Miscellaneous
352055,Miscellaneous
352079,Restaurants
352100,Miscellaneous
352105,Miscellaneous
352116,Restaurants
352150,Restaurants
352166,Bakery & Desserts
352187,Miscellaneous
352198,Miscellaneous
352213,Restaurants
352243,Miscellaneous
352246,Miscellaneous
352257,Miscellaneous
352263,Miscellaneous
352265,Miscellaneous
352275,Coffee & Tea
352276,Miscellaneous
352280,Miscellaneous
352343,Arts & Entertainment
352360,Miscellaneous
352406,Specialty Food
352408,Consulting
352409,Financial Services
352418,Home & Garden
352425,Miscellaneous
352436,General Merchandise
352438,Miscellaneous
352447,Miscellaneous
352450,Miscellaneous
352462,Restaurants
352478,Miscellaneous
352499,Miscellaneous
352507,Miscellaneous
352546,Bars & Nightlife
352563,Miscellaneous
352636,Miscellaneous
352655,Financial Services
352658,Restaurants
352672,Miscellaneous
352674,Medical Offices
352694,Telecommunications
352700,Miscellaneous
352701,Travel Services
352702,Financial Services
352703,Miscellaneous
352708,Miscellaneous
352710,Miscellaneous
352712,Telecommunications
352726,Health & Beauty
352735,Miscellaneous
352736,Miscellaneous
352738,Repair & Maintenance
352740,Electrical
352757,Restaurants
352772,Miscellaneous
352782,Construction & Contractors
352789,Fast Food
352802,Miscellaneous
352805,Miscellaneous
352809,Miscellaneous
352810,Miscellaneous
352815,Restaurants
352817,Health & Beauty
352827,Miscellaneous
352850,Specialty Food
352851,Telecommunications
352852,Bars & Nightlife
352859,Miscellaneous
352864,Arts & Entertainment
352912,Miscellaneous
352918,Miscellaneous
352949,Miscellaneous
352952,Coffee & Tea
352980,Miscellaneous
352986,Bakery & Desserts
352987,Medical Offices
352993,Restaurants
353002,Bars & Nightlife
353003,Restaurants
353054,Restaurants
353069,Arts & Entertainment
353070,Business Services
353071,Miscellaneous
353083,Health & Beauty
353107,Miscellaneous
353118,Health & Beauty
353141,Miscellaneous
353154,Real Estate
353157,Miscellaneous
353164,Health & Beauty
353192,Miscellaneous
353215,Bars & Nightlife
353218,Miscellaneous
353243,Restaurants
353249,Bars & Nightlife
353253,Real Estate
353254,Miscellaneous
353262,Miscellaneous
353267,Miscellaneous
353272,Fitness & Recreation
353302,Miscellaneous
353305,Miscellaneous
353312,Miscellaneous
353320,Miscellaneous
353352,Miscellaneous
353356,Clothing & Apparel
353368,Clothing & Apparel
353369,Health & Beauty
353383,Miscellaneous
353417,Pet Services
353420,Coffee & Tea
353422,Financial Services
353424,Miscellaneous
353426,Miscellaneous
353456,Financial Services
353476,Miscellaneous
353499,Medical Offices
353513,Financial Services
353515,Miscellaneous
353527,Miscellaneous
353563,Health & Beauty
353573,Restaurants
353593,Restaurants
353614,Miscellaneous
353634,Miscellaneous
353662,Miscellaneous
353673,Miscellaneous
353685,Miscellaneous
353687,Miscellaneous
353714,Specialty Retail
353734,Health & Beauty
353735,Restaurants
353736,Health & Beauty
353742,Health & Beauty
353765,Medical Offices
353766,Home & Garden
353773,Specialty Food
353785,Miscellaneous
353810,Health & Beauty
353824,Miscellaneous
353884,Bakery & Desserts
353894,Miscellaneous
353897,Miscellaneous
353918,Restaurants
353921,Fast Food
353929,Coffee & Tea
353931,Miscellaneous
353945,Miscellaneous
354029,Health & Beauty
354032,Miscellaneous
354034,Fast Food
354040,Bars & Nightlife
354068,Miscellaneous
354073,Restaurants
354111,Miscellaneous
354115,Miscellaneous
354123,Coffee & Tea
354129,Restaurants
354130,Miscellaneous
354131,Restaurants
354134,Miscellaneous
354144,Miscellaneous
354146,Restaurants
354148,Health & Beauty
354151,Bars & Nightlife
354154,Bars & Nightlife
354166,General Merchandise
354173,Restaurants
354192,Medical Offices
354239,Miscellaneous
354244,Coffee & Tea
354250,Miscellaneous
354253,Miscellaneous
354263,Miscellaneous
354272,Miscellaneous
354276,Home & Garden
354283,Bakery & Desserts
354284,Repair & Maintenance
354296,Restaurants
354297,Bakery & Desserts
354305,Coffee & Tea
354328,Miscellaneous
354330,Miscellaneous
354332,Miscellaneous
354353,Health & Beauty
354362,Restaurants
354381,Miscellaneous
354424,Miscellaneous
354435,Miscellaneous
354447,Restaurants
354463,Miscellaneous
354466,Restaurants
354470,Restaurants
354538,Clothing & Apparel
354539,Miscellaneous
354545,Miscellaneous
354568,Miscellaneous
354589,Miscellaneous
354592,Coffee & Tea
354626,Clothing & Apparel
354639,Restaurants
354642,Restaurants
354654,Miscellaneous
354694,Miscellaneous
354695,Miscellaneous
354707,Restaurants
354790,Miscellaneous
354815,Miscellaneous
354823,Miscellaneous
354826,Miscellaneous
354832,Clothing & Apparel
354854,Restaurants
354867,Miscellaneous
354876,Miscellaneous
354877,Miscellaneous
354887,Clothing & Apparel
354889,Miscellaneous
354894,Business Services
354906,Construction & Contractors
354940,Consulting
354945,Coffee & Tea
354965,Miscellaneous
354984,Bars & Nightlife
354994,Miscellaneous
355010,Miscellaneous
355019,Miscellaneous
355065,Coffee & Tea
355080,Miscellaneous
355082,Miscellaneous
355093,Legal Services
355108,Restaurants
355113,Legal Services
355131,Miscellaneous
355170,Repair & Maintenance
355233,Repair & Maintenance
355258,Miscellaneous
355281,Restaurants
355309,Repair & Maintenance
355313,Restaurants
355326,Medical Offices
355342,Restaurants
355343,Restaurants
355344,Medical Offices
355351,Miscellaneous
355365,Restaurants
355375,Miscellaneous
355386,Bars & Nightlife
355398,Miscellaneous
355399,Miscellaneous
355405,Restaurants
355422,Miscellaneous
355426,Miscellaneous
355429,Health & Beauty
355438,Miscellaneous
355439,Miscellaneous
355464,Miscellaneous
355470,Miscellaneous
355484,Restaurants
355503,Miscellaneous
355519,Restaurants
355544,Home & Garden
355547,Miscellaneous
355552,Health & Beauty
355553,Construction & Contractors
355603,Restaurants
355622,Arts & Entertainment
355631,Medical Offices
355633,Medical Offices
355656,Miscellaneous
355681,Miscellaneous
355692,Miscellaneous
355705,Miscellaneous
355756,Miscellaneous
355767,Automotive Retail
355772,Restaurants
355776,Miscellaneous
355788,Restaurants
355792,Pharmacy
355824,Restaurants
355825,Bars & Nightlife
355841,Miscellaneous
355845,Restaurants
355856,Restaurants
355863,Bars & Nightlife
355880,Coffee & Tea
355919,Bars & Nightlife
355934,Restaurants
355939,Clothing & Apparel
355951,Construction & Contractors
355976,Health & Beauty
355981,Miscellaneous
355986,Restaurants
355988,Restaurants
355989,Fast Food
355996,Events & Venues
356001,Miscellaneous
356004,Bakery & Desserts
356029,Restaurants
356071,Telecommunications
356080,Miscellaneous
356087,Coffee & Tea
356088,Restaurants
356106,Restaurants
356107,Bakery & Desserts
356131,Clothing & Apparel
356156,Miscellaneous
356158,Miscellaneous
356165,Health & Beauty
356173,Miscellaneous
356174,Sports & Recreation
356190,Miscellaneous
356202,Miscellaneous
356205,Specialty Retail
356217,Restaurants
356225,Restaurants
356228,Miscellaneous
356229,Restaurants
356237,Pet Services
356239,Health & Beauty
356247,Automotive Retail
356249,Restaurants
356251,Automotive Retail
356268,Fast Food
356296,Specialty Food
356301,Bars & Nightlife
356305,Restaurants
356309,Miscellaneous
356331,Bars & Nightlife
356333,Miscellaneous
356341,Miscellaneous
356354,Financial Services
356360,Restaurants
356372,Restaurants
356373,Arts & Entertainment
356392,Fast Food
356393,Hotels & Motels
356413,Miscellaneous
356427,Health & Beauty
356441,Consulting
356467,Medical Offices
356485,Restaurants
356492,Restaurants
356496,Miscellaneous
356563,Health & Beauty
356570,Miscellaneous
356587,Repair & Maintenance
356601,Miscellaneous
356606,Restaurants
356614,Home & Garden
356615,Miscellaneous
356679,Miscellaneous
356693,Telecommunications
356708,Miscellaneous
356720,Miscellaneous
356745,Miscellaneous
356764,Health & Beauty
356797,Miscellaneous
356825,Health & Beauty
356826,Coffee & Tea
356832,Coffee & Tea
356835,Miscellaneous
356839,Childcare
356840,Specialty Retail
356852,Coffee & Tea
356871,Specialty Food
356884,Miscellaneous
356890,Telecommunications
356898,Miscellaneous
356926,Restaurants
356972,Restaurants
356974,Health & Beauty
357035,Coffee & Tea
357050,Restaurants
357055,Miscellaneous
357059,Miscellaneous
357063,Miscellaneous
357065,Automotive Retail
357075,Miscellaneous
357085,Miscellaneous
357103,Hotels & Motels
357132,Specialty Food
357135,Miscellaneous
357139,Restaurants
357141,Specialty Food
357146,Restaurants
357154,Miscellaneous
357196,Miscellaneous
357205,Miscellaneous
357233,Restaurants
357249,Restaurants
357250,Restaurants
357254,Health & Beauty
357261,Miscellaneous
357282,Miscellaneous
357298,Events & Venues
357300,Coffee & Tea
357310,Restaurants
357313,Restaurants
357314,Restaurants
357324,Specialty Food
357325,Restaurants
357340,Restaurants
357350,Miscellaneous
357353,Miscellaneous
357368,Miscellaneous
357372,Clothing & Apparel
357375,Miscellaneous
357376,Specialized Healthcare
357397,Restaurants
357444,Repair & Maintenance
357461,Restaurants
357469,Restaurants
357475,Bars & Nightlife
357487,Business Services
357520,Coffee & Tea
357522,Restaurants
357531,Restaurants
357532,Miscellaneous
357543,Real Estate
357547,Miscellaneous
357548,Medical Offices
357557,Miscellaneous
357565,Hotels & Motels
357571,Arts & Entertainment
357609,Bakery & Desserts
357611,Repair & Maintenance
357615,Restaurants
357617,Financial Services
357618,Specialty Food
357619,Bars & Nightlife
357627,Miscellaneous
357647,Miscellaneous
357653,Restaurants
357671,Restaurants
357703,Miscellaneous
357707,Health & Beauty
357712,General Merchandise
357718,Financial Services
357721,Restaurants
357726,Automotive Retail
357741,Restaurants
357742,Restaurants
357757,Health & Beauty
357762,Bakery & Desserts
357763,Miscellaneous
357770,Bars & Nightlife
357779,Miscellaneous
357803,Miscellaneous
357818,Home & Garden
357833,Fitness & Recreation
357877,Construction & Contractors
357880,Coffee & Tea
357892,Fast Food
357917,Miscellaneous
357920,Restaurants
357922,Miscellaneous
357925,Miscellaneous
357928,Sports & Recreation
357929,Miscellaneous
357937,Miscellaneous
357947,Miscellaneous
357957,Miscellaneous
357958,Clothing & Apparel
357966,Miscellaneous
357971,Miscellaneous
357975,Clothing & Apparel
357991,Miscellaneous
357993,Travel Services
357995,Medical Offices
357997,Repair & Maintenance
358010,Medical Offices
358021,Medical Offices
358027,Miscellaneous
358099,Restaurants
358153,Construction & Contractors
358154,Repair & Maintenance
358155,Bars & Nightlife
358156,Health & Beauty
358157,Miscellaneous
358160,Bakery & Desserts
358161,Miscellaneous
358175,Coffee & Tea
358191,Cleaning Services
358243,Repair & Maintenance
358248,Coffee & Tea
358269,Miscellaneous
358282,Restaurants
358290,Specialty Retail
358328,Bakery & Desserts
358338,Restaurants
358340,Restaurants
358348,Clothing & Apparel
358350,Miscellaneous
358371,Miscellaneous
358380,Miscellaneous
358382,Restaurants
358391,Restaurants
358399,Restaurants
358400,Restaurants
358401,Restaurants
358403,Restaurants
358419,Restaurants
358425,Miscellaneous
358444,Bakery & Desserts
358445,Specialized Healthcare
358487,Coffee & Tea
358490,Specialty Food
358491,Pet Services
358501,Miscellaneous
358509,Restaurants
358517,Specialty Food
358536,Repair & Maintenance
358542,Miscellaneous
358545,Repair & Maintenance
358551,Specialty Food
358553,Fast Food
358583,Health & Beauty
358592,Restaurants
358611,Bars & Nightlife
358614,Travel Services
358625,Miscellaneous
358639,Medical Offices
358659,Specialty Food
358660,Miscellaneous
358665,Restaurants
358667,Coffee & Tea
358668,Specialty Food
358676,Restaurants
358684,Restaurants
358725,Miscellaneous
358733,Miscellaneous
358741,Restaurants
358745,Pharmacy
358774,Miscellaneous
358783,Bars & Nightlife
358791,Sports & Recreation
358795,Restaurants
358799,Business Services
358808,Restaurants
358809,Restaurants
358810,Health & Beauty
358812,Miscellaneous
358830,Cleaning Services
358838,Miscellaneous
358842,Miscellaneous
358849,Restaurants
358859,Telecommunications
358865,Coffee & Tea
358881,Construction & Contractors
358882,Miscellaneous
358893,Clothing & Apparel
358914,Coffee & Tea
358916,Bars & Nightlife
358917,Miscellaneous
358919,Real Estate
358929,Restaurants
358974,Bars & Nightlife
358977,Bars & Nightlife
359002,Miscellaneous
359005,Miscellaneous
359013,Miscellaneous
359014,Hotels & Motels
359017,Miscellaneous
359041,Health & Beauty
359049,Restaurants
359058,Financial Services
359059,Restaurants
359063,Bars & Nightlife
359066,Restaurants
359093,Miscellaneous
359101,Restaurants
359118,Miscellaneous
359133,Medical Offices
359136,Miscellaneous
359139,Miscellaneous
359151,Fast Food
359155,Restaurants
359160,Telecommunications
359171,Miscellaneous
359175,Miscellaneous
359178,Miscellaneous
359186,Clothing & Apparel
359194,Construction & Contractors
359210,Restaurants
359212,Miscellaneous
359219,Health & Beauty
359229,Bars & Nightlife
359243,Miscellaneous
359245,Bakery & Desserts
359251,Miscellaneous
359252,Events & Venues
359258,Miscellaneous
359263,Pet Services
359301,Miscellaneous
359317,Restaurants
359330,Miscellaneous
359343,Arts & Entertainment
359345,Repair & Maintenance
359346,Arts & Entertainment
359349,Miscellaneous
359351,Miscellaneous
359356,Miscellaneous
359373,Restaurants
359384,Restaurants
359422,Restaurants
359428,Restaurants
359437,Hotels & Motels
359449,Restaurants
359477,Financial Services
359507,Bakery & Desserts
359511,Restaurants
359520,Restaurants
359521,Restaurants
359548,Miscellaneous
359551,Miscellaneous
359587,Restaurants
359606,Restaurants
359607,Financial Services
359625,Sports & Recreation
359626,Bars & Nightlife
359633,Miscellaneous
359634,Health & Beauty
359645,Restaurants
359648,Coffee & Tea
359651,Restaurants
359668,Restaurants
359683,Fast Food
359698,Pet Services
359704,Restaurants
359749,Arts & Entertainment
359781,Miscellaneous
359782,Fitness & Recreation
359784,Miscellaneous
359785,Restaurants
359792,Hotels & Motels
359799,Miscellaneous
359807,Medical Offices
359824,Bars & Nightlife
359831,Miscellaneous
359837,Miscellaneous
359838,Miscellaneous
359855,Miscellaneous
359884,Restaurants
359885,Miscellaneous
359891,Restaurants
359917,Arts & Entertainment
359927,Restaurants
359932,Bars & Nightlife
359934,General Merchandise
359939,Clothing & Apparel
359941,Miscellaneous
359952,Medical Offices
359954,Specialty Retail
359962,Construction & Contractors
359975,Coffee & Tea
359977,Restaurants
359990,Miscellaneous
359991,Miscellaneous
360000,Restaurants
360002,Medical Offices
360008,Miscellaneous
360025,Restaurants
360031,Restaurants
360051,Construction & Contractors
360088,Restaurants
360110,Miscellaneous
360114,Specialty Food
360116,Home & Garden
360125,Miscellaneous
360126,Hotels & Motels
360130,Fitness & Recreation
360157,Construction & Contractors
360160,Restaurants
360168,Miscellaneous
360205,Restaurants
360211,Sports & Recreation
360217,Hotels & Motels
360232,Bakery & Desserts
360252,Coffee & Tea
360253,Coffee & Tea
360255,Coffee & Tea
360303,Restaurants
360309,Miscellaneous
360325,Miscellaneous
360340,Restaurants
360347,Plumbing & HVAC
360350,Miscellaneous
360356,Construction & Contractors
360364,Events & Venues
360373,Schools
360374,Clothing & Apparel
360376,Miscellaneous
360380,Fitness & Recreation
360386,Home & Garden
360400,Arts & Entertainment
360408,Health & Beauty
360415,Restaurants
360432,Restaurants
360440,Medical Offices
360446,Schools
360449,Restaurants
360464,Restaurants
360466,Restaurants
360467,Miscellaneous
360486,Health & Beauty
360487,Miscellaneous
360488,Bars & Nightlife
360495,Fitness & Recreation
360496,Bakery & Desserts
360498,Repair & Maintenance
360528,Miscellaneous
360530,Miscellaneous
360543,Miscellaneous
360545,Miscellaneous
360555,Miscellaneous
360557,Miscellaneous
360559,Bars & Nightlife
360580,Miscellaneous
360584,Miscellaneous
360613,Miscellaneous
360617,Fitness & Recreation
360618,Bars & Nightlife
360625,Miscellaneous
360628,Restaurants
360636,Hotels & Motels
360638,Restaurants
360643,Bars & Nightlife
360649,Miscellaneous
360666,Bars & Nightlife
360672,Restaurants
360673,Miscellaneous
360705,Miscellaneous
360715,Miscellaneous
360722,Bars & Nightlife
360728,Automotive Retail
360731,Specialty Food
360752,Restaurants
360755,Clothing & Apparel
360769,Health & Beauty
360770,Bakery & Desserts
360777,Bakery & Desserts
360784,Restaurants
360804,Medical Offices
360808,Miscellaneous
360812,Restaurants
360821,Restaurants
360823,Restaurants
360831,Arts & Entertainment
360835,Business Services
360856,General Merchandise
360882,Restaurants
360883,Restaurants
360895,Restaurants
360896,Miscellaneous
360904,Clothing & Apparel
360907,Miscellaneous
360908,Accounting
360909,Health & Beauty
360914,Miscellaneous
360927,Restaurants
360968,Miscellaneous
360978,Miscellaneous
360983,Bars & Nightlife
360984,Clothing & Apparel
360999,Miscellaneous
361002,Restaurants
361012,Miscellaneous
361025,Miscellaneous
361026,Bars & Nightlife
361028,Restaurants
361047,Clothing & Apparel
361052,Telecommunications
361071,Bars & Nightlife
361076,Miscellaneous
361082,Miscellaneous
361083,Restaurants
361085,Specialty Food
361086,Business Services
361091,Miscellaneous
361103,Restaurants
361121,Telecommunications
361123,Repair & Maintenance
361129,Restaurants
361131,Miscellaneous
361149,Restaurants
361156,Health & Beauty
361164,Restaurants
361186,Miscellaneous
361188,Miscellaneous
361193,Miscellaneous
361195,Hotels & Motels
361205,Miscellaneous
361207,Bars & Nightlife
361217,Specialty Retail
361226,Childcare
361231,Arts & Entertainment
361240,Health & Beauty
361244,Miscellaneous
361247,Restaurants
361251,Miscellaneous
361253,Miscellaneous
361264,Real Estate
361268,Coffee & Tea
361272,Medical Offices
361302,Miscellaneous
361303,Miscellaneous
361311,Restaurants
361316,Coffee & Tea
361322,Health & Beauty
361353,General Merchandise
361374,Restaurants
361376,Construction & Contractors
361378,Restaurants
361396,Miscellaneous
361499,Restaurants
361506,Miscellaneous
361509,Miscellaneous
361526,Miscellaneous
361551,Medical Offices
361575,Bakery & Desserts
361576,Miscellaneous
361591,Miscellaneous
361598,Restaurants
361617,Restaurants
361639,Restaurants
361666,Medical Offices
361685,Restaurants
361719,Restaurants
361720,Restaurants
361736,Bars & Nightlife
361737,Specialty Food
361740,Miscellaneous
361752,Medical Offices
361754,Clothing & Apparel
361757,Medical Offices
361759,Dry Cleaning & Laundry
361778,Restaurants
361779,Home & Garden
361780,Miscellaneous
361789,Specialty Food
361792,Specialty Food
361847,Pharmacy
361854,Bakery & Desserts
361860,Miscellaneous
361861,Miscellaneous
361863,Restaurants
361865,Medical Offices
361867,Miscellaneous
361887,Miscellaneous
361893,Miscellaneous
361940,Bakery & Desserts
361953,General Merchandise
361979,Home & Garden
361981,Health & Beauty
361984,Miscellaneous
362005,Miscellaneous
362039,Miscellaneous
362056,Arts & Entertainment
362149,Miscellaneous
362188,Miscellaneous
362189,Miscellaneous
362190,Miscellaneous
362206,Bakery & Desserts
362223,Restaurants
362231,Travel Services
362237,Specialty Retail
362245,Restaurants
362285,Miscellaneous
362299,Coffee & Tea
362349,Miscellaneous
362361,Miscellaneous
362369,Miscellaneous
362380,Restaurants
362390,Real Estate
362393,Miscellaneous
362394,Arts & Entertainment
362396,Medical Offices
362398,Cleaning Services
362422,Health & Beauty
362424,Bakery & Desserts
362446,Hotels & Motels
362450,Miscellaneous
362451,Miscellaneous
362483,Clothing & Apparel
362517,Miscellaneous
362523,Miscellaneous
362528,Restaurants
362540,Health & Beauty
362541,Restaurants
362568,Restaurants
362577,Bars & Nightlife
362578,Bars & Nightlife
362589,Restaurants
362605,Miscellaneous
362616,Miscellaneous
362622,Miscellaneous
362631,Repair & Maintenance
362644,Health & Beauty
362645,Miscellaneous
362653,Miscellaneous
362679,Arts & Entertainment
362704,Medical Offices
362726,Restaurants
362728,Bars & Nightlife
362746,Financial Services
362760,Restaurants
362778,Miscellaneous
362784,Restaurants
362799,Miscellaneous
362800,Miscellaneous
362805,Coffee & Tea
362815,Miscellaneous
362820,Miscellaneous
362825,Restaurants
362833,Specialty Food
362846,Miscellaneous
362892,Miscellaneous
362903,Bars & Nightlife
362904,Restaurants
362905,Health & Beauty
362910,Restaurants
362911,Restaurants
362922,Health & Beauty
362967,Bakery & Desserts
362981,Miscellaneous
362984,Miscellaneous
363022,Miscellaneous
363058,Miscellaneous
363080,Health & Beauty
363093,Automotive Retail
363095,Miscellaneous
363102,Miscellaneous
363127,Restaurants
363159,Bars & Nightlife
363162,Miscellaneous
363179,Miscellaneous
363196,Specialty Food
363199,Specialty Retail
363249,Construction & Contractors
363251,General Merchandise
363277,Miscellaneous
363326,Miscellaneous
363327,Sports & Recreation
363331,Miscellaneous
363337,Sports & Recreation
363342,Clothing & Apparel
363374,Restaurants
363437,Specialty Retail
363443,Pet Services
363444,Miscellaneous
363455,Miscellaneous
363466,Medical Offices
363469,Miscellaneous
363475,Miscellaneous
363485,Health & Beauty
363487,Miscellaneous
363498,Financial Services
363524,Miscellaneous
363560,Miscellaneous
363575,Medical Offices
363608,Dry Cleaning & Laundry
363611,Health & Beauty
363622,Miscellaneous
363627,Restaurants
363645,Health & Beauty
363665,Miscellaneous
363690,Restaurants
363702,Miscellaneous
363712,Miscellaneous
363750,Miscellaneous
363752,Miscellaneous
363758,Health & Beauty
363776,Miscellaneous
363806,Miscellaneous
363817,Miscellaneous
363834,Miscellaneous
363835,Miscellaneous
363840,Miscellaneous
363850,Arts & Entertainment
363851,Miscellaneous
363864,Miscellaneous
363876,Sports & Recreation
363881,Miscellaneous
363891,Medical Offices
363910,Miscellaneous
363922,Miscellaneous
363938,Schools
363939,Restaurants
363982,Bars & Nightlife
363985,Financial Services
363987,Restaurants
364056,Real Estate
364071,Miscellaneous
364080,Miscellaneous
364089,Legal Services
364095,Restaurants
364127,Restaurants
364146,Miscellaneous
364169,Miscellaneous
364174,Miscellaneous
364181,Miscellaneous
364185,Clothing & Apparel
364198,Miscellaneous
364203,Miscellaneous
364211,Miscellaneous
364221,Miscellaneous
364258,Miscellaneous
364269,Clothing & Apparel
364270,Miscellaneous
364274,Miscellaneous
364307,Restaurants
364325,Fitness & Recreation
364340,Miscellaneous
364377,Fitness & Recreation
364408,Miscellaneous
364445,Miscellaneous
364455,Schools
364465,Business Services
364468,Miscellaneous
364469,Miscellaneous
364474,Fitness & Recreation
364489,Miscellaneous
364491,Construction & Contractors
364501,Miscellaneous
364502,Miscellaneous
364505,Miscellaneous
364517,Miscellaneous
364523,Miscellaneous
364532,Miscellaneous
364542,Miscellaneous
364546,Specialty Food
364564,Restaurants
364575,Miscellaneous
364582,Health & Beauty
364583,Miscellaneous
364589,Miscellaneous
364590,Miscellaneous
364600,Specialty Food
364602,Miscellaneous
364603,Repair & Maintenance
364610,Restaurants
364611,Construction & Contractors
364638,Miscellaneous
364663,Miscellaneous
364667,Restaurants
364673,Restaurants
364678,Miscellaneous
364730,Coffee & Tea
364767,Miscellaneous
364776,Miscellaneous
364780,Bars & Nightlife
364783,Miscellaneous
364790,Real Estate
364802,Health & Beauty
364803,Hotels & Motels
364809,Miscellaneous
364811,Arts & Entertainment
364814,Restaurants
364825,Real Estate
364833,Real Estate
364834,Construction & Contractors
364835,Miscellaneous
364838,Miscellaneous
364843,Miscellaneous
364867,Miscellaneous
364868,Coffee & Tea
364869,Coffee & Tea
364894,Automotive Retail
364896,Restaurants
364902,Miscellaneous
364904,Miscellaneous
364913,Fitness & Recreation
364916,Financial Services
364931,Miscellaneous
364946,Real Estate
364960,Miscellaneous
364968,Repair & Maintenance
364972,Restaurants
364981,Clothing & Apparel
364988,Miscellaneous
364991,Miscellaneous
365009,Restaurants
365075,Real Estate
365083,General Merchandise
365091,Financial Services
365097,Coffee & Tea
365098,Medical Offices
365102,Restaurants
365103,Miscellaneous
365120,Bars & Nightlife
365137,Bars & Nightlife
365141,Restaurants
365148,Miscellaneous
365180,Miscellaneous
365188,Miscellaneous
365189,Bars & Nightlife
365196,Business Services
365200,Miscellaneous
365210,Medical Offices
365216,Miscellaneous
365223,Miscellaneous
365243,Bars & Nightlife
365244,Dry Cleaning & Laundry
365252,Coffee & Tea
365266,Medical Offices
365276,Medical Offices
365286,Miscellaneous
365290,Pet Services
365299,Medical Offices
365300,Fitness & Recreation
365327,Miscellaneous
365354,Miscellaneous
365361,Miscellaneous
365412,Electrical
365420,Schools
365435,Miscellaneous
365438,Miscellaneous
365484,Legal Services
365487,Restaurants
365497,Clothing & Apparel
365509,Restaurants
365512,Restaurants
365550,Miscellaneous
365552,Real Estate
365556,Consulting
365562,Repair & Maintenance
365566,Towing & Roadside
365601,Restaurants
365612,Miscellaneous
365616,Restaurants
365633,Miscellaneous
365643,Plumbing & HVAC
365649,Miscellaneous
365703,Towing & Roadside
365704,Miscellaneous
365707,Fitness & Recreation
365712,Miscellaneous
365721,Coffee & Tea
365747,Miscellaneous
365749,Hotels & Motels
365751,Pet Services
365762,Schools
365763,Restaurants
365777,Miscellaneous
365778,Miscellaneous
365781,Bars & Nightlife
365821,Consulting
365834,Miscellaneous
365839,Business Services
365840,Restaurants
365844,Miscellaneous
365851,Miscellaneous
365855,Dry Cleaning & Laundry
365856,Restaurants
365935,Consulting
365945,Health & Beauty
365963,Miscellaneous
365989,Automotive Retail
365994,Bars & Nightlife
366013,Home & Garden
366019,Restaurants
366027,Business Services
366043,Miscellaneous
366045,Car Wash & Detailing
366052,Business Services
366076,Health & Beauty
366087,Miscellaneous
366111,Miscellaneous
366114,Health & Beauty
366119,Construction & Contractors
366133,Miscellaneous
366145,Miscellaneous
366174,Construction & Contractors
366178,Miscellaneous
366185,Miscellaneous
366193,Miscellaneous
366195,Miscellaneous
366196,Business Services
366206,Construction & Contractors
366207,Miscellaneous
366228,Miscellaneous
366233,Health & Beauty
366256,Medical Offices
366261,Fast Food
366262,Miscellaneous
366271,Automotive Retail
366288,Restaurants
366303,Miscellaneous
366314,Miscellaneous
366322,Fitness & Recreation
366330,Miscellaneous
366343,Specialty Food
366355,Health & Beauty
366365,Miscellaneous
366374,Miscellaneous
366392,Coffee & Tea
366401,Miscellaneous
366404,Specialty Food
366405,Miscellaneous
366411,Miscellaneous
366420,Health & Beauty
366445,Miscellaneous
366466,Miscellaneous
366486,Miscellaneous
366504,Miscellaneous
366522,Consulting
366528,Medical Offices
366535,Schools
366556,Miscellaneous
366563,Miscellaneous
366566,Health & Beauty
366567,Miscellaneous
366577,Restaurants
366606,Miscellaneous
366612,Automotive Retail
366616,Real Estate
366652,Business Services
366656,Medical Offices
366668,Miscellaneous
366669,Miscellaneous
366677,IT Services
366681,Restaurants
366693,Miscellaneous
366695,Miscellaneous
366698,Miscellaneous
366716,Miscellaneous
366772,Miscellaneous
366773,Miscellaneous
366787,Real Estate
366844,Events & Venues
366846,Bars & Nightlife
366856,Miscellaneous
366858,Repair & Maintenance
366859,Miscellaneous
366865,Miscellaneous
366941,Repair & Maintenance
366960,Miscellaneous
366965,Miscellaneous
366993,Miscellaneous
366997,Miscellaneous
367001,Restaurants
367009,Clothing & Apparel
367013,Health & Beauty
367028,Restaurants
367032,Miscellaneous
367037,Miscellaneous
367053,Miscellaneous
367055,Bars & Nightlife
367059,Miscellaneous
367091,Repair & Maintenance
367101,Real Estate
367106,Miscellaneous
367122,Miscellaneous
367123,Miscellaneous
367128,Health & Beauty
367177,Miscellaneous
367182,Miscellaneous
367191,Miscellaneous
367197,Miscellaneous
367212,Miscellaneous
367231,Automotive Retail
367246,Construction & Contractors
367254,Miscellaneous
367255,Miscellaneous
367256,Restaurants
367258,Restaurants
367309,Bars & Nightlife
367314,Mental Health
367328,Specialty Retail
367329,Real Estate
367331,Miscellaneous
367338,Miscellaneous
367345,Financial Services
367347,Miscellaneous
367349,Miscellaneous
367367,Miscellaneous
367433,Miscellaneous
367467,Miscellaneous
367512,Miscellaneous
367517,Repair & Maintenance
367519,Construction & Contractors
367534,Telecommunications
367546,Miscellaneous
367549,Miscellaneous
367551,Mental Health
367564,Miscellaneous
367571,Financial Services
367577,Miscellaneous
367603,Miscellaneous
367611,Miscellaneous
367612,Miscellaneous
367637,Business Services
367646,Miscellaneous
367679,Cleaning Services
367693,Car Wash & Detailing
367694,Miscellaneous
367695,Automotive Retail
367703,Miscellaneous
367706,Coffee & Tea
367707,Miscellaneous
367709,Financial Services
367737,Repair & Maintenance
367751,Financial Services
367755,Automotive Retail
367775,Miscellaneous
367803,Miscellaneous
367812,Dry Cleaning & Laundry
367818,Health & Beauty
367821,Miscellaneous
367823,Miscellaneous
367860,Miscellaneous
367864,Repair & Maintenance
367866,Health & Beauty
367874,Home & Garden
367886,Miscellaneous
367890,Automotive Retail
367891,Automotive Retail
367909,IT Services
367935,Health & Beauty
367950,Miscellaneous
367951,Clothing & Apparel
367954,Medical Offices
367962,Miscellaneous
367963,Miscellaneous
367984,Bars & Nightlife
367986,Miscellaneous
367988,Cleaning Services
367990,Miscellaneous
368003,Fast Food
368010,Bakery & Desserts
368029,Miscellaneous
368077,Miscellaneous
368081,Miscellaneous
368090,Restaurants
368097,Clothing & Apparel
368109,Financial Services
368117,Plumbing & HVAC
368120,Medical Offices
368129,General Merchandise
368140,Miscellaneous
368141,Miscellaneous
368145,Miscellaneous
368159,Restaurants
368163,Financial Services
368185,Restaurants
368201,Miscellaneous
368216,Miscellaneous
368229,Miscellaneous
368245,Miscellaneous
368247,Repair & Maintenance
368250,Miscellaneous
368277,Miscellaneous
368288,Sports & Recreation
368295,Restaurants
368310,Miscellaneous
368313,Miscellaneous
368315,Miscellaneous
368317,Miscellaneous
368319,Miscellaneous
368320,Automotive Retail
368340,Automotive Retail
368342,Schools
368356,Restaurants
368358,Health & Beauty
368385,Hotels & Motels
368401,Miscellaneous
368414,Medical Offices
368434,Restaurants
368438,Health & Beauty
368439,Pharmacy
368452,Medical Offices
368461,Medical Offices
368494,Construction & Contractors
368499,Real Estate
368516,Sports & Recreation
368572,Miscellaneous
368575,Health & Beauty
368578,Miscellaneous
368581,Health & Beauty
368608,Miscellaneous
368611,Miscellaneous
368613,Medical Offices
368630,Restaurants
368633,Repair & Maintenance
368645,Miscellaneous
368670,Clothing & Apparel
368680,Miscellaneous
368687,Miscellaneous
368705,Bakery & Desserts
368719,Home & Garden
368726,Specialty Food
368746,Miscellaneous
368748,Financial Services
368765,Miscellaneous
368775,Miscellaneous
368783,Health & Beauty
368809,Miscellaneous
368814,Miscellaneous
368848,Health & Beauty
368855,Repair & Maintenance
368888,Miscellaneous
368889,Health & Beauty
368910,Miscellaneous
368930,Repair & Maintenance
368933,Real Estate
368945,Miscellaneous
368956,Mental Health
368984,Health & Beauty
368985,Specialty Retail
368992,Medical Offices
369001,Medical Offices
369012,General Merchandise
369013,Real Estate
369034,Financial Services
369049,Health & Beauty
369052,Real Estate
369081,Restaurants
369082,Miscellaneous
369110,Miscellaneous
369139,Restaurants
369140,Miscellaneous
369145,Miscellaneous
369162,Miscellaneous
369166,Medical Offices
369178,Financial Services
369183,Restaurants
369200,Specialty Food
369271,Miscellaneous
369274,Specialty Food
369279,Schools
369315,Miscellaneous
369324,Real Estate
369329,Restaurants
369334,Schools
369344,Miscellaneous
369355,General Merchandise
369366,Dry Cleaning & Laundry
369377,Miscellaneous
369416,Specialty Food
369432,Bars & Nightlife
369435,Miscellaneous
369446,Miscellaneous
369475,Telecommunications
369478,Specialty Retail
369488,Miscellaneous
369509,Miscellaneous
369517,Miscellaneous
369539,Repair & Maintenance
369541,Miscellaneous
369552,Clothing & Apparel
369562,Miscellaneous
369566,Miscellaneous
369569,Restaurants
369587,Automotive Retail
369598,Restaurants
369625,Sports & Recreation
369640,Miscellaneous
369674,Specialized Healthcare
369697,Miscellaneous
369701,Miscellaneous
369702,Miscellaneous
369721,Miscellaneous
369724,Miscellaneous
369743,Bars & Nightlife
369753,Miscellaneous
369757,Miscellaneous
369772,Health & Beauty
369779,Clothing & Apparel
369782,Specialty Food
369797,Clothing & Apparel
369808,Miscellaneous
369826,Restaurants
369834,Miscellaneous
369845,Construction & Contractors
369887,Specialized Healthcare
369897,Miscellaneous
369911,Clothing & Apparel
369919,Bars & Nightlife
369925,Miscellaneous
369956,Miscellaneous
370017,Miscellaneous
370019,Health & Beauty
370020,Health & Beauty
370026,Miscellaneous
370033,Miscellaneous
370042,Medical Offices
370066,Miscellaneous
370070,Miscellaneous
370078,Miscellaneous
370102,Miscellaneous
370110,Restaurants
370124,Miscellaneous
370125,Miscellaneous
370130,Pharmacy
370131,Miscellaneous
370143,Miscellaneous
370162,Miscellaneous
370191,Miscellaneous
370193,Miscellaneous
370230,Medical Offices
370231,Miscellaneous
370243,Specialty Retail
370255,Bars & Nightlife
370286,Restaurants
370290,Miscellaneous
370298,Health & Beauty
370299,Medical Offices
370300,Miscellaneous
370312,Miscellaneous
370317,Car Wash & Detailing
370321,Health & Beauty
370328,Bars & Nightlife
370369,Telecommunications
370370,Miscellaneous
370376,Construction & Contractors
370392,Financial Services
370410,Restaurants
370411,Miscellaneous
370412,Miscellaneous
370413,Miscellaneous
370435,Construction & Contractors
370450,Miscellaneous
370453,Bars & Nightlife
370457,Miscellaneous
370458,Miscellaneous
370459,Coffee & Tea
370461,Health & Beauty
370470,Miscellaneous
370478,Miscellaneous
370480,Fitness & Recreation
370482,Miscellaneous
370492,Miscellaneous
370499,Miscellaneous
370549,Miscellaneous
370551,Automotive Retail
370568,Repair & Maintenance
370571,Miscellaneous
370597,Fitness & Recreation
370619,Miscellaneous
370620,Miscellaneous
370631,Repair & Maintenance
370634,Miscellaneous
370638,Schools
370641,Restaurants
370658,Miscellaneous
370660,Miscellaneous
370722,Fitness & Recreation
370723,Miscellaneous
370737,Miscellaneous
370747,Coffee & Tea
370784,Telecommunications
370814,Miscellaneous
370821,Miscellaneous
370845,Miscellaneous
370854,Miscellaneous
370910,Bars & Nightlife
370920,Telecommunications
370926,Miscellaneous
370937,Miscellaneous
370948,Miscellaneous
370952,Restaurants
370970,Miscellaneous
371000,Specialty Food
371006,Miscellaneous
371013,Miscellaneous
371016,Towing & Roadside
371017,Miscellaneous
371033,Medical Offices
371045,Health & Beauty
371054,Health & Beauty
371057,Miscellaneous
371060,Miscellaneous
371069,Restaurants
371078,Bars & Nightlife
371086,Repair & Maintenance
371094,Fast Food
371095,Electrical
371103,Restaurants
371106,Bakery & Desserts
371114,Specialized Healthcare
371123,Miscellaneous
371138,Clothing & Apparel
371139,Miscellaneous
371146,Restaurants
371161,Business Services
371168,Miscellaneous
371173,Miscellaneous
371203,Miscellaneous
371206,Miscellaneous
371207,Home & Garden
371213,Miscellaneous
371216,Restaurants
371221,Bars & Nightlife
371223,Miscellaneous
371229,Schools
371246,Pet Services
371253,Restaurants
371259,Miscellaneous
371260,Miscellaneous
371276,Miscellaneous
371281,Bars & Nightlife
371299,Miscellaneous
371312,Miscellaneous
371316,Miscellaneous
371338,Car Wash & Detailing
371347,Construction & Contractors
371392,Health & Beauty
371417,Restaurants
371443,Miscellaneous
371451,Health & Beauty
371457,Repair & Maintenance
371459,Financial Services
371460,Health & Beauty
371487,Miscellaneous
371499,Telecommunications
371502,Restaurants
371532,Miscellaneous
371541,Health & Beauty
371555,Automotive Retail
371575,Specialty Retail
371588,Miscellaneous
371598,Miscellaneous
371600,Specialty Retail
371613,Bars & Nightlife
371621,Specialized Healthcare
371630,Miscellaneous
371641,Miscellaneous
371661,Specialty Food
371666,Restaurants
371675,Restaurants
371682,Miscellaneous
371700,Construction & Contractors
371703,Restaurants
371725,Bars & Nightlife
371735,Miscellaneous
371736,Specialized Healthcare
371747,Miscellaneous
371749,Miscellaneous
371788,Miscellaneous
371793,Miscellaneous
371802,Repair & Maintenance
371814,Bars & Nightlife
371823,Miscellaneous
371824,Bars & Nightlife
371864,Fast Food
371866,Health & Beauty
371874,Miscellaneous
371880,Miscellaneous
371881,Miscellaneous
371901,Miscellaneous
371902,Miscellaneous
371922,Fitness & Recreation
371924,Medical Offices
371938,Specialty Food
371945,Specialty Food
371949,Miscellaneous
371957,Financial Services
371966,Health & Beauty
371975,Miscellaneous
372030,Restaurants
372034,Miscellaneous
372043,Health & Beauty
372063,Schools
372085,Restaurants
372106,Miscellaneous
372108,Restaurants
372129,Restaurants
372136,Health & Beauty
372141,Telecommunications
372146,Specialty Food
372156,Specialty Food
372169,Restaurants
372228,Restaurants
372250,Miscellaneous
372265,Coffee & Tea
372277,Miscellaneous
372288,Specialty Food
372305,Real Estate
372311,Bars & Nightlife
372322,Miscellaneous
372325,Miscellaneous
372330,Coffee & Tea
372354,Restaurants
372375,Miscellaneous
372405,Miscellaneous
372406,Restaurants
372407,Miscellaneous
372408,Automotive Retail
372413,Restaurants
372415,Miscellaneous
372422,Telecommunications
372439,Hotels & Motels
372451,Restaurants
372459,Automotive Retail
372526,Hotels & Motels
372531,Financial Services
372532,Miscellaneous
372549,Miscellaneous
372552,Miscellaneous
372556,Bars & Nightlife
372576,Miscellaneous
372582,Miscellaneous
372601,Miscellaneous
372616,Miscellaneous
372619,Miscellaneous
372620,Specialty Food
372672,Miscellaneous
372684,Miscellaneous
372690,Miscellaneous
372693,Miscellaneous
372695,Restaurants
372713,Miscellaneous
372719,Health & Beauty
372728,Health & Beauty
372747,Restaurants
372761,Bakery & Desserts
372791,Miscellaneous
372801,Real Estate
372803,Fast Food
372821,Miscellaneous
372824,Miscellaneous
372835,Business Services
372844,Towing & Roadside
372847,Miscellaneous
372860,Miscellaneous
372862,Fast Food
372892,Miscellaneous
372899,Miscellaneous
372904,Coffee & Tea
372912,Miscellaneous
372934,Miscellaneous
372938,Miscellaneous
372945,Miscellaneous
372950,Arts & Entertainment
372956,Bars & Nightlife
372957,Miscellaneous
372980,Miscellaneous
372982,Specialty Food
373034,Restaurants
373049,Miscellaneous
373050,Restaurants
373055,Specialty Food
373057,Financial Services
373067,Miscellaneous
373075,Health & Beauty
373079,Fitness & Recreation
373086,Miscellaneous
373091,Financial Services
373108,Bars & Nightlife
373124,Repair & Maintenance
373135,Fast Food
373163,Health & Beauty
373169,Restaurants
373170,Fast Food
373207,Restaurants
373216,Repair & Maintenance
373230,Coffee & Tea
373238,Repair & Maintenance
373240,Telecommunications
373242,Miscellaneous
373256,Specialty Food
373293,Miscellaneous
373298,Financial Services
373317,Miscellaneous
373355,Automotive Retail
373356,Miscellaneous
373359,Miscellaneous
373396,Miscellaneous
373402,Specialty Retail
373419,Miscellaneous
373430,Miscellaneous
373475,Miscellaneous
373486,Miscellaneous
373522,Miscellaneous
373535,Miscellaneous
373537,Bars & Nightlife
373557,Bars & Nightlife
373562,Health & Beauty
373578,Health & Beauty
373582,Bars & Nightlife
373616,Miscellaneous
373617,Restaurants
373623,Repair & Maintenance
373643,Restaurants
373705,Restaurants
373722,Medical Offices
373738,Miscellaneous
373739,Fitness & Recreation
373740,Miscellaneous
373751,Pharmacy
373753,Repair & Maintenance
373754,Health & Beauty
373756,Miscellaneous
373797,Miscellaneous
373817,Bars & Nightlife
373824,Cleaning Services
373827,Miscellaneous
373835,Schools
373837,Miscellaneous
373850,Miscellaneous
373869,Fast Food
373872,Arts & Entertainment
373897,Miscellaneous
373936,Home & Garden
374050,Miscellaneous
374051,Miscellaneous
374067,Restaurants
374086,Automotive Retail
374102,Restaurants
374104,Restaurants
374112,Construction & Contractors
374124,Miscellaneous
374128,Restaurants
374137,Miscellaneous
374139,Fast Food
374144,Medical Offices
374148,Restaurants
374184,Telecommunications
374209,Miscellaneous
374275,Miscellaneous
374300,Miscellaneous
374388,Miscellaneous
374419,Legal Services
374432,Miscellaneous
374435,Repair & Maintenance
374448,Restaurants
374454,Miscellaneous
374470,Home & Garden
374478,Miscellaneous
374491,Miscellaneous
374496,Miscellaneous
374503,Miscellaneous
374507,Miscellaneous
374522,Miscellaneous
374532,Real Estate
374567,Clothing & Apparel
374573,Health & Beauty
374578,Restaurants
374580,Miscellaneous
374587,Miscellaneous
374604,Miscellaneous
374623,Repair & Maintenance
374630,Bars & Nightlife
374642,Miscellaneous
374656,Miscellaneous
374665,Coffee & Tea
374671,Miscellaneous
374686,Repair & Maintenance
374693,Miscellaneous
374721,Financial Services
374743,Restaurants
374750,Miscellaneous
374766,Fast Food
374811,Bars & Nightlife
374824,Clothing & Apparel
374825,Miscellaneous
374831,Specialty Retail
374883,Automotive Retail
374885,Arts & Entertainment
374904,Coffee & Tea
374916,Miscellaneous
374921,Pet Services
374930,Miscellaneous
374933,Restaurants
374938,Miscellaneous
374957,Miscellaneous
374963,Restaurants
374975,Coffee & Tea
374986,Miscellaneous
374989,Fast Food
375011,Hotels & Motels
375021,Miscellaneous
375025,Miscellaneous
375030,Specialty Food
375031,Restaurants
375049,Miscellaneous
375051,Miscellaneous
375053,Restaurants
375074,Events & Venues
375128,Miscellaneous
375133,Restaurants
375139,Medical Offices
375150,Restaurants
375152,Restaurants
375165,Restaurants
375172,Miscellaneous
375206,Fast Food
375220,Miscellaneous
375223,Telecommunications
375226,Miscellaneous
375227,Miscellaneous
375228,Miscellaneous
375278,Restaurants
375282,Bakery & Desserts
375300,Construction & Contractors
375301,Specialty Food
375302,Repair & Maintenance
375306,Coffee & Tea
375325,Health & Beauty
375326,Miscellaneous
375344,Miscellaneous
375358,Medical Offices
375369,Miscellaneous
375372,Specialty Food
375411,Medical Offices
375412,Home & Garden
375446,Schools
375461,Restaurants
375600,Restaurants
375631,Restaurants
375640,Miscellaneous
375658,Restaurants
375689,Schools
375691,Coffee & Tea
375693,Miscellaneous
375695,Miscellaneous
375696,Health & Beauty
375719,Miscellaneous
375744,Miscellaneous
375756,Miscellaneous
375763,Miscellaneous
375766,Restaurants
375778,Restaurants
375787,IT Services
375789,Miscellaneous
375810,Restaurants
375839,Schools
375846,Miscellaneous
375848,Miscellaneous
375855,Cleaning Services
375869,Hotels & Motels
375875,Restaurants
375880,Restaurants
375886,Fitness & Recreation
375891,Miscellaneous
375894,Arts & Entertainment
375895,Clothing & Apparel
375956,Miscellaneous
375994,Bakery & Desserts
375995,Restaurants
376002,Miscellaneous
376004,Miscellaneous
376007,Miscellaneous
376020,Travel Services
376032,Miscellaneous
376048,IT Services
376059,Restaurants
376073,Medical Offices
376074,Miscellaneous
376080,Miscellaneous
376082,Miscellaneous
376093,Restaurants
376110,Miscellaneous
376121,Restaurants
376127,Towing & Roadside
376155,Restaurants
376170,Bakery & Desserts
376172,Medical Offices
376182,Miscellaneous
376190,Medical Offices
376206,Restaurants
376224,Health & Beauty
376227,Miscellaneous
376232,Miscellaneous
376236,Home & Garden
376237,Restaurants
376245,Clothing & Apparel
376248,Coffee & Tea
376295,Bars & Nightlife
376297,Coffee & Tea
376301,Bakery & Desserts
376304,Miscellaneous
376323,Construction & Contractors
376360,Restaurants
376372,Miscellaneous
376375,Restaurants
376378,Miscellaneous
376379,Restaurants
376408,Miscellaneous
376420,Specialty Retail
376422,Repair & Maintenance
376438,Miscellaneous
376453,Health & Beauty
376459,Miscellaneous
376461,Miscellaneous
376468,Specialty Food
376469,Restaurants
376470,Repair & Maintenance
376471,Miscellaneous
376479,Business Services
376482,Bars & Nightlife
376513,Miscellaneous
376542,Miscellaneous
376543,Coffee & Tea
376550,Miscellaneous
376553,Miscellaneous
376571,Restaurants
376574,Health & Beauty
376623,Arts & Entertainment
376635,Miscellaneous
376644,Bars & Nightlife
376666,Pharmacy
376670,Miscellaneous
376671,Medical Offices
376673,Fast Food
376677,Restaurants
376684,Health & Beauty
376688,General Merchandise
376695,Construction & Contractors
376701,Miscellaneous
376724,Restaurants
376734,Health & Beauty
376746,Miscellaneous
376757,Clothing & Apparel
376796,Specialty Food
376826,Miscellaneous
376839,Financial Services
376849,Car Wash & Detailing
376862,Miscellaneous
376865,Health & Beauty
376869,Restaurants
376870,Restaurants
376874,Miscellaneous
376880,Health & Beauty
376881,Restaurants
376890,Restaurants
376898,Miscellaneous
376899,Schools
376900,Health & Beauty
376909,Miscellaneous
376911,Miscellaneous
376977,Plumbing & HVAC
377002,Miscellaneous
377046,Restaurants
377076,Telecommunications
377077,Miscellaneous
377078,Miscellaneous
377081,Hotels & Motels
377084,Miscellaneous
377098,Construction & Contractors
377103,Restaurants
377104,Clothing & Apparel
377108,Childcare
377136,Restaurants
377185,Fitness & Recreation
377208,Restaurants
377227,Restaurants
377242,Sports & Recreation
377258,Pharmacy
377261,Miscellaneous
377263,Restaurants
377265,Schools
377268,Specialty Food
377270,Miscellaneous
377288,Schools
377298,Restaurants
377326,Restaurants
377327,Health & Beauty
377331,Restaurants
377374,Miscellaneous
377387,Alternative Lodging
377393,Health & Beauty
377397,Restaurants
377403,Arts & Entertainment
377412,Coffee & Tea
377414,Financial Services
377419,Miscellaneous
377423,Restaurants
377443,Hotels & Motels
377450,Telecommunications
377468,Restaurants
377490,Miscellaneous
377510,Restaurants
377534,Miscellaneous
377540,Financial Services
377556,Sports & Recreation
377558,Health & Beauty
377578,Miscellaneous
377579,Miscellaneous
377583,Miscellaneous
377600,Miscellaneous
377649,Restaurants
377664,Specialized Healthcare
377686,Miscellaneous
377701,Car Wash & Detailing
377704,Cleaning Services
377710,Miscellaneous
377716,Clothing & Apparel
377729,Miscellaneous
377730,Financial Services
377740,Miscellaneous
377760,Coffee & Tea
377761,Restaurants
377791,Restaurants
377795,Bakery & Desserts
377824,Clothing & Apparel
377829,Health & Beauty
377855,Miscellaneous
377858,Specialized Healthcare
377874,Miscellaneous
377878,Fast Food
377881,Restaurants
377907,Miscellaneous
377916,Hotels & Motels
377938,Health & Beauty
377942,Restaurants
377944,Restaurants
377946,Restaurants
377990,Miscellaneous
378048,Miscellaneous
378054,Health & Beauty
378082,Bars & Nightlife
378093,Restaurants
378100,Specialty Food
378120,Miscellaneous
378125,Restaurants
378127,Restaurants
378133,Miscellaneous
378146,Miscellaneous
378154,Miscellaneous
378158,Miscellaneous
378188,Miscellaneous
378189,Financial Services
378197,Miscellaneous
378214,Miscellaneous
378238,Clothing & Apparel
378268,Miscellaneous
378302,Miscellaneous
378308,Miscellaneous
378323,Construction & Contractors
378346,Hotels & Motels
378353,Bars & Nightlife
378392,Pet Services
378395,Restaurants
378396,Miscellaneous
378404,Restaurants
378410,Coffee & Tea
378413,Hotels & Motels
378415,Miscellaneous
378418,Miscellaneous
378419,Telecommunications
378421,Repair & Maintenance
378445,Miscellaneous
378448,Electrical
378451,Miscellaneous
378462,Restaurants
378485,Car Wash & Detailing
378488,Health & Beauty
378503,Miscellaneous
378506,Medical Offices
378521,Health & Beauty
378579,Schools
378585,Sports & Recreation
378615,Miscellaneous
378622,Miscellaneous
378626,Miscellaneous
378643,Miscellaneous
378647,Miscellaneous
378667,Miscellaneous
378681,Bakery & Desserts
378684,Coffee & Tea
378715,Restaurants
378744,Financial Services
378793,Specialty Food
378814,Miscellaneous
378834,Automotive Retail
378871,Miscellaneous
378880,Miscellaneous
378911,Health & Beauty
378920,Bakery & Desserts
378926,Restaurants
378931,Coffee & Tea
378932,Bakery & Desserts
378956,Fitness & Recreation
378963,Miscellaneous
378969,Restaurants
378977,Health & Beauty
378988,Miscellaneous
378989,Specialty Retail
378993,Restaurants
378996,Miscellaneous
379001,Hotels & Motels
379003,Miscellaneous
379021,Medical Offices
379035,Bakery & Desserts
379077,Miscellaneous
379082,Bars & Nightlife
379124,Restaurants
379144,IT Services
379164,Restaurants
379165,Bakery & Desserts
379170,Restaurants
379173,Coffee & Tea
379205,Miscellaneous
379210,Towing & Roadside
379213,Clothing & Apparel
379230,Miscellaneous
379247,Real Estate
379254,Bakery & Desserts
379255,Miscellaneous
379257,Miscellaneous
379287,General Merchandise
379289,Miscellaneous
379333,Coffee & Tea
379337,Business Services
379383,Specialty Food
379440,Towing & Roadside
379473,Restaurants
379475,Miscellaneous
379483,Miscellaneous
379485,Miscellaneous
379486,Medical Offices
379509,Miscellaneous
379516,Restaurants
379555,General Merchandise
379560,Miscellaneous
379633,Health & Beauty
379638,Restaurants
379639,Restaurants
379649,Hotels & Motels
379679,Medical Offices
379680,Miscellaneous
379681,Miscellaneous
379682,Pet Services
379683,Miscellaneous
379687,Medical Offices
379704,Restaurants
379706,Events & Venues
379710,Health & Beauty
379728,Miscellaneous
379732,Miscellaneous
379758,Restaurants
379759,Restaurants
379769,Restaurants
379778,Miscellaneous
379792,Miscellaneous
379796,Bakery & Desserts
379801,Clothing & Apparel
379809,Miscellaneous
379832,Miscellaneous
379878,Bars & Nightlife
379882,Restaurants
379883,Construction & Contractors
379893,Fast Food
379894,Alternative Lodging
379912,Coffee & Tea
379919,Miscellaneous
379928,Miscellaneous
379929,Miscellaneous
379944,Coffee & Tea
379952,Miscellaneous
379982,Miscellaneous
379985,Miscellaneous
380018,Miscellaneous
380032,Miscellaneous
380062,Medical Offices
380063,Automotive Retail
380080,Restaurants
380101,Miscellaneous
380102,Miscellaneous
380103,Miscellaneous
380106,Financial Services
380108,Business Services
380117,Bakery & Desserts
380120,Restaurants
380156,Miscellaneous
380185,Miscellaneous
380212,Sports & Recreation
380213,Pet Services
380216,Automotive Retail
380231,Restaurants
380233,General Merchandise
380254,Hotels & Motels
380313,Miscellaneous
380321,Pet Services
380324,Restaurants
380338,Miscellaneous
380347,Arts & Entertainment
380353,Restaurants
380389,Miscellaneous
380390,Bars & Nightlife
380395,Bars & Nightlife
380397,Miscellaneous
380398,Miscellaneous
380402,Miscellaneous
380436,Health & Beauty
380437,Miscellaneous
380445,Coffee & Tea
380448,Miscellaneous
380450,Restaurants
380457,Home & Garden
380475,Repair & Maintenance
380522,Restaurants
380524,Restaurants
380541,Coffee & Tea
380549,Miscellaneous
380550,Miscellaneous
380551,Miscellaneous
380552,Travel Services
380560,Miscellaneous
380563,Restaurants
380576,Miscellaneous
380587,Miscellaneous
380590,Miscellaneous
380596,Miscellaneous
380617,Car Wash & Detailing
380622,Miscellaneous
380653,Miscellaneous
380656,Car Wash & Detailing
380658,Miscellaneous
380664,Hotels & Motels
380675,Miscellaneous
380677,Medical Offices
380702,Coffee & Tea
380714,Restaurants
380718,Specialty Food
380722,Restaurants
380726,Bars & Nightlife
380736,Miscellaneous
380742,Miscellaneous
380786,Miscellaneous
380794,Consulting
380815,Medical Offices
380833,Miscellaneous
380835,Restaurants
380840,Miscellaneous
380843,Restaurants
380884,Restaurants
380909,Miscellaneous
380950,General Merchandise
380982,Health & Beauty
381024,Medical Offices
381032,Restaurants
381040,Restaurants
381055,Arts & Entertainment
381066,Medical Offices
381163,Miscellaneous
381215,Construction & Contractors
381232,Miscellaneous
381234,Bars & Nightlife
381243,Miscellaneous
381270,Miscellaneous
381283,Miscellaneous
381300,Medical Offices
381314,Miscellaneous
381321,IT Services
381332,Health & Beauty
381337,Miscellaneous
381341,Miscellaneous
381363,Miscellaneous
381364,Repair & Maintenance
381413,Miscellaneous
381418,Miscellaneous
381504,Miscellaneous
381505,Specialty Retail
381524,Health & Beauty
381598,Miscellaneous
381600,Miscellaneous
381614,Miscellaneous
381622,Schools
381634,Miscellaneous
381640,Miscellaneous
381695,Restaurants
381699,Landscaping
381701,Restaurants
381703,Miscellaneous
381712,Miscellaneous
381720,General Merchandise
381760,Telecommunications
381779,Miscellaneous
381789,Restaurants
381797,Pet Services
381829,Schools
381842,Medical Offices
381850,Hotels & Motels
381867,Mental Health
381883,Coffee & Tea
381900,Miscellaneous
381903,Towing & Roadside
381916,Schools
381921,Medical Offices
381937,Restaurants
381938,Restaurants
381950,Miscellaneous
381958,Hotels & Motels
381976,Automotive Retail
381985,Construction & Contractors
382010,Health & Beauty
382017,Miscellaneous
382025,Miscellaneous
382028,Schools
382029,Miscellaneous
382041,Restaurants
382070,Construction & Contractors
382073,Restaurants
382097,Consulting
382104,Real Estate
382116,Miscellaneous
382150,Miscellaneous
382157,Medical Offices
382180,Miscellaneous
382275,Restaurants
382279,Restaurants
382287,Restaurants
382301,Financial Services
382302,Miscellaneous
382338,Miscellaneous
382347,Miscellaneous
382350,Bars & Nightlife
382358,Miscellaneous
382366,Miscellaneous
382374,Miscellaneous
382376,Health & Beauty
382380,Pet Services
382384,Health & Beauty
382393,Miscellaneous
382399,Clothing & Apparel
382402,Coffee & Tea
382406,Miscellaneous
382407,Miscellaneous
382408,Miscellaneous
382424,Repair & Maintenance
382438,Miscellaneous
382440,Restaurants
382442,Miscellaneous
382446,Coffee & Tea
382447,Health & Beauty
382458,Legal Services
382461,Miscellaneous
382462,Miscellaneous
382464,Restaurants
382474,Arts & Entertainment
382481,Miscellaneous
382508,Miscellaneous
382519,Pharmacy
382521,Legal Services
382524,Miscellaneous
382529,Miscellaneous
382543,Miscellaneous
382562,Pet Services
382576,Restaurants
382580,Restaurants
382581,Automotive Retail
382600,Financial Services
382628,Repair & Maintenance
382655,Real Estate
382666,Financial Services
382674,Miscellaneous
382717,Miscellaneous
382718,Legal Services
382728,Miscellaneous
382734,Medical Offices
382748,Miscellaneous
382750,Health & Beauty
382769,Repair & Maintenance
382780,Miscellaneous
382806,Financial Services
382822,Telecommunications
382835,Miscellaneous
382840,Miscellaneous
382844,Clothing & Apparel
382852,Clothing & Apparel
382871,Specialty Food
382874,Health & Beauty
382921,Clothing & Apparel
382924,IT Services
382931,Legal Services
382934,Miscellaneous
382957,Health & Beauty
383008,Schools
383010,Medical Offices
383012,Specialized Healthcare
383027,Miscellaneous
383043,Construction & Contractors
383054,Miscellaneous
383067,Miscellaneous
383080,Miscellaneous
383086,Bars & Nightlife
383090,Miscellaneous
383091,Miscellaneous
383097,Automotive Retail
383101,Financial Services
383111,Miscellaneous
383164,Miscellaneous
383174,Miscellaneous
383180,Telecommunications
383197,Financial Services
383199,Miscellaneous
383231,Restaurants
383255,Miscellaneous
383258,Cleaning Services
383271,Health & Beauty
383280,Miscellaneous
383288,Financial Services
383329,Dry Cleaning & Laundry
383339,General Merchandise
383348,Medical Offices
383358,Financial Services
383367,Bars & Nightlife
383378,Medical Offices
383397,Financial Services
383403,Miscellaneous
383406,Specialty Food
383410,Business Services
383416,Specialized Healthcare
383429,Miscellaneous
383439,Restaurants
383476,Bars & Nightlife
383497,Miscellaneous
383511,Health & Beauty
383517,Miscellaneous
383532,Specialty Food
383568,Repair & Maintenance
383579,Restaurants
383595,Health & Beauty
383617,Miscellaneous
383628,Bars & Nightlife
383672,Miscellaneous
383718,Events & Venues
383732,Miscellaneous
383734,Miscellaneous
383742,Financial Services
383758,Miscellaneous
383771,Travel Services
383778,Miscellaneous
383790,Telecommunications
383838,Health & Beauty
383867,Specialized Healthcare
383890,Sports & Recreation
383894,Financial Services
383901,Miscellaneous
383958,Automotive Retail
383959,Repair & Maintenance
383965,Real Estate
383968,Miscellaneous
383975,Miscellaneous
383983,Miscellaneous
383984,Repair & Maintenance
384008,Miscellaneous
384019,Miscellaneous
384033,Miscellaneous
384042,Coffee & Tea
384043,Miscellaneous
384069,Bars & Nightlife
384072,Health & Beauty
384086,Restaurants
384112,Financial Services
384113,Hotels & Motels
384118,Restaurants
384134,Restaurants
384147,Medical Offices
384166,Miscellaneous
384227,Specialized Healthcare
384229,Specialty Food
384248,Fitness & Recreation
384267,Health & Beauty
384275,Telecommunications
384330,Repair & Maintenance
384373,Health & Beauty
384388,Fast Food
384421,Coffee & Tea
384447,Miscellaneous
384461,Miscellaneous
384463,Pharmacy
384468,Real Estate
384480,Miscellaneous
384497,Restaurants
384506,Specialized Healthcare
384523,Restaurants
384569,Miscellaneous
384582,Miscellaneous
384635,Bars & Nightlife
384681,Financial Services
384699,Miscellaneous
384732,Miscellaneous
384771,Miscellaneous
384782,Miscellaneous
384785,Miscellaneous
384805,Fitness & Recreation
384817,Bars & Nightlife
384827,Miscellaneous
384841,Arts & Entertainment
384842,Restaurants
384860,Medical Offices
384899,Car Wash & Detailing
384934,Miscellaneous
384953,Coffee & Tea
384954,Specialty Food
384964,Business Services
384967,Miscellaneous
384970,Health & Beauty
384980,Restaurants
384984,Pharmacy
384991,Miscellaneous
385010,Miscellaneous
385018,Restaurants
385028,Health & Beauty
385036,Financial Services
385069,Restaurants
385090,Bakery & Desserts
385099,Miscellaneous
385121,Pharmacy
385132,Miscellaneous
385138,Restaurants
385151,Miscellaneous
385152,Miscellaneous
385156,Restaurants
385160,Miscellaneous
385165,Miscellaneous
385192,Fitness & Recreation
385208,Bars & Nightlife
385226,Restaurants
385239,Bakery & Desserts
385240,Construction & Contractors
385245,Construction & Contractors
385281,Restaurants
385310,Miscellaneous
385356,Miscellaneous
385369,Miscellaneous
385380,Specialty Food
385386,Miscellaneous
385398,Specialty Food
385416,Miscellaneous
385433,Bars & Nightlife
385442,Miscellaneous
385443,Medical Offices
385444,Medical Offices
385447,Restaurants
385464,Real Estate
385501,Travel Services
385509,Bakery & Desserts
385514,Health & Beauty
385522,Miscellaneous
385528,Miscellaneous
385538,Miscellaneous
385545,Legal Services
385546,Miscellaneous
385547,Miscellaneous
385559,Restaurants
385563,Miscellaneous
385571,Restaurants
385583,Clothing & Apparel
385608,Restaurants
385626,Restaurants
385659,Miscellaneous
385686,Health & Beauty
385692,Coffee & Tea
385705,Restaurants
385708,Miscellaneous
385709,Sports & Recreation
385718,Fitness & Recreation
385724,Coffee & Tea
385738,Restaurants
385750,Health & Beauty
385753,Miscellaneous
385758,Cleaning Services
385772,Miscellaneous
385775,Miscellaneous
385776,Miscellaneous
385777,Dry Cleaning & Laundry
385779,Miscellaneous
385787,Schools
385825,Telecommunications
385844,Miscellaneous
385850,Restaurants
385857,Miscellaneous
385868,Financial Services
385894,Restaurants
385896,Restaurants
385904,Miscellaneous
385912,Restaurants
385916,Restaurants
385921,Restaurants
385922,Repair & Maintenance
385937,Miscellaneous
385938,Miscellaneous
385944,Specialized Healthcare
385947,Events & Venues
385971,Miscellaneous
385972,Miscellaneous
385975,Repair & Maintenance
385979,Miscellaneous
386001,Miscellaneous
386006,Repair & Maintenance
386043,Specialty Food
386055,Travel Services
386066,Specialized Healthcare
386080,Medical Offices
386127,Miscellaneous
386165,Specialty Food
386171,Fast Food
386176,Restaurants
386179,Home & Garden
386212,Pharmacy
386214,Restaurants
386249,Miscellaneous
386286,Medical Offices
386292,Miscellaneous
386320,Miscellaneous
386322,Miscellaneous
386328,Coffee & Tea
386332,Restaurants
386344,Restaurants
386350,Miscellaneous
386370,Miscellaneous
386439,Miscellaneous
386441,Miscellaneous
386448,Sports & Recreation
386483,Financial Services
386496,Miscellaneous
386498,Specialty Food
386505,Miscellaneous
386512,Restaurants
386561,Medical Offices
386579,Specialty Food
386582,Restaurants
386590,Miscellaneous
386593,Restaurants
386603,Coffee & Tea
386606,Health & Beauty
386616,Restaurants
386627,Miscellaneous
386630,Health & Beauty
386634,Miscellaneous
386642,Restaurants
386654,Miscellaneous
386660,Medical Offices
386664,Miscellaneous
386675,Restaurants
386710,Miscellaneous
386724,Miscellaneous
386729,Miscellaneous
386730,Miscellaneous
386733,Clothing & Apparel
386738,Miscellaneous
386751,Miscellaneous
386762,Construction & Contractors
386767,Miscellaneous
386777,Sports & Recreation
386779,Miscellaneous
386784,Miscellaneous
386798,Specialty Retail
386819,Miscellaneous
386831,Miscellaneous
386848,Miscellaneous
386860,Legal Services
386862,General Merchandise
386867,Restaurants
386894,Restaurants
386906,Restaurants
386907,Miscellaneous
386935,Miscellaneous
386950,Restaurants
386976,Miscellaneous
386983,Fast Food
386988,Bars & Nightlife
387002,Miscellaneous
387007,Health & Beauty
387020,Restaurants
387021,Travel Services
387022,Miscellaneous
387035,Restaurants
387040,Clothing & Apparel
387071,Miscellaneous
387079,Miscellaneous
387094,Restaurants
387095,Miscellaneous
387096,Dry Cleaning & Laundry
387097,Repair & Maintenance
387098,Financial Services
387120,Arts & Entertainment
387136,Electrical
387145,Fitness & Recreation
387155,Miscellaneous
387161,Health & Beauty
387171,Medical Offices
387184,Miscellaneous
387185,Miscellaneous
387223,Miscellaneous
387234,Restaurants
387252,Health & Beauty
387259,Coffee & Tea
387265,Health & Beauty
387267,Specialty Food
387271,Miscellaneous
387272,Automotive Retail
387283,Financial Services
387295,Miscellaneous
387297,Restaurants
387310,Miscellaneous
387321,Bars & Nightlife
387329,Telecommunications
387333,Miscellaneous
387340,Restaurants
387349,Bars & Nightlife
387351,Medical Offices
387365,Telecommunications
387458,Miscellaneous
387483,Specialty Retail
387490,Events & Venues
387502,Bakery & Desserts
387503,Miscellaneous
387510,Restaurants
387513,Miscellaneous
387514,Restaurants
387515,Miscellaneous
387520,Restaurants
387524,Health & Beauty
387535,Dry Cleaning & Laundry
387579,Miscellaneous
387591,Bars & Nightlife
387594,Automotive Retail
387630,Miscellaneous
387645,Miscellaneous
387649,Miscellaneous
387679,Fitness & Recreation
387740,Miscellaneous
387741,Miscellaneous
387750,Restaurants
387775,Bakery & Desserts
387796,Repair & Maintenance
387808,Miscellaneous
387832,Miscellaneous
387849,Health & Beauty
387852,Miscellaneous
387861,Miscellaneous
387876,Medical Offices
387887,Automotive Retail
387909,Miscellaneous
387912,Health & Beauty
387915,Construction & Contractors
387916,Coffee & Tea
387923,Miscellaneous
387926,Restaurants
387942,Health & Beauty
387949,Miscellaneous
387950,Miscellaneous
387959,Specialty Food
387971,Fitness & Recreation
388013,Miscellaneous
388017,Medical Offices
388020,Restaurants
388021,Miscellaneous
388037,Miscellaneous
388064,Repair & Maintenance
388078,Automotive Retail
388087,Restaurants
388088,Fast Food
388111,Miscellaneous
388115,Coffee & Tea
388116,Miscellaneous
388144,Miscellaneous
388151,Specialty Food
388178,Miscellaneous
388222,Legal Services
388227,Health & Beauty
388229,Telecommunications
388255,Miscellaneous
388300,Miscellaneous
388322,Medical Offices
388347,Bars & Nightlife
388353,Arts & Entertainment
388358,Construction & Contractors
388375,Restaurants
388385,Automotive Retail
388401,Miscellaneous
388404,Medical Offices
388420,Bakery & Desserts
388429,Miscellaneous
388437,Miscellaneous
388463,Events & Venues
388464,Miscellaneous
388465,Repair & Maintenance
388474,Restaurants
388481,Telecommunications
388488,Miscellaneous
388522,Coffee & Tea
388533,Restaurants
388578,Restaurants
388580,Miscellaneous
388583,Restaurants
388588,Restaurants
388608,Bars & Nightlife
388613,Miscellaneous
388617,Bars & Nightlife
388626,Health & Beauty
388650,Miscellaneous
388654,Miscellaneous
388673,Health & Beauty
388675,Miscellaneous
388677,Restaurants
388684,Miscellaneous
388685,Bakery & Desserts
388695,Travel Services
388714,Miscellaneous
388715,Miscellaneous
388716,Miscellaneous
388717,Miscellaneous
388720,Clothing & Apparel
388734,Miscellaneous
388748,Bakery & Desserts
388753,Miscellaneous
388784,Repair & Maintenance
388788,Restaurants
388795,Miscellaneous
388810,General Merchandise
388827,Miscellaneous
388871,Miscellaneous
388890,Health & Beauty
388891,Bars & Nightlife
388909,Clothing & Apparel
388910,Restaurants
388911,Miscellaneous
388928,Miscellaneous
388941,Financial Services
388954,Restaurants
388995,Business Services
389000,Miscellaneous
389014,Miscellaneous
389018,Schools
389028,Clothing & Apparel
389082,Miscellaneous
389093,Bars & Nightlife
389105,Miscellaneous
389118,Legal Services
389124,Restaurants
389137,Miscellaneous
389143,Miscellaneous
389162,Automotive Retail
389166,Miscellaneous
389172,Miscellaneous
389202,Miscellaneous
389246,Bakery & Desserts
389251,Miscellaneous
389253,Financial Services
389261,Automotive Retail
389268,Miscellaneous
389286,Restaurants
389321,Miscellaneous
389336,Miscellaneous
389349,Miscellaneous
389352,Telecommunications
389372,Miscellaneous
389375,Restaurants
389376,Miscellaneous
389403,Health & Beauty
389411,Miscellaneous
389419,Miscellaneous
389442,Miscellaneous
389449,Fitness & Recreation
389450,General Merchandise
389467,Financial Services
389471,Consulting
389473,Health & Beauty
389479,Miscellaneous
389485,Miscellaneous
389513,Miscellaneous
389514,Miscellaneous
389518,Automotive Retail
389520,Automotive Retail
389538,Miscellaneous
389555,Pharmacy
389557,Miscellaneous
389574,Miscellaneous
389578,Miscellaneous
389585,Miscellaneous
389588,Fitness & Recreation
389603,Miscellaneous
389611,Miscellaneous
389631,Miscellaneous
389648,Specialty Food
389707,Miscellaneous
389709,Miscellaneous
389741,Fast Food
389769,Repair & Maintenance
389827,Miscellaneous
389830,Specialty Food
389840,Restaurants
389849,Medical Offices
389859,Cleaning Services
389876,Miscellaneous
389877,Miscellaneous
389896,Restaurants
389897,Real Estate
389907,Miscellaneous
389929,Restaurants
389947,Miscellaneous
389955,Miscellaneous
389957,Legal Services
389963,Specialized Healthcare
389967,Coffee & Tea
390005,Clothing & Apparel
390022,Miscellaneous
390025,Health & Beauty
390030,Bakery & Desserts
390041,Miscellaneous
390054,Fitness & Recreation
390061,Construction & Contractors
390071,Restaurants
390077,Miscellaneous
390089,Specialty Food
390093,Clothing & Apparel
390105,Arts & Entertainment
390143,Miscellaneous
390148,Bars & Nightlife
390166,Miscellaneous
390187,Miscellaneous
390201,Miscellaneous
390248,Miscellaneous
390262,Health & Beauty
390271,Miscellaneous
390272,Home & Garden
390282,Miscellaneous
390283,Restaurants
390289,Restaurants
390306,Restaurants
390310,Miscellaneous
390321,Specialty Retail
390326,Miscellaneous
390347,Events & Venues
390359,Miscellaneous
390369,Restaurants
390370,Restaurants
390372,Miscellaneous
390393,General Merchandise
390396,Miscellaneous
390397,Miscellaneous
390406,Restaurants
390424,Miscellaneous
390425,Miscellaneous
390430,Miscellaneous
390431,Health & Beauty
390441,Miscellaneous
390476,Specialty Food
390477,Miscellaneous
390506,Restaurants
390508,Restaurants
390530,Medical Offices
390550,Miscellaneous
390551,Miscellaneous
390559,Restaurants
390561,Restaurants
390604,Medical Offices
390616,Business Services
390644,Coffee & Tea
390660,Specialty Food
390666,Home & Garden
390667,Miscellaneous
390739,Miscellaneous
390747,Repair & Maintenance
390748,Bars & Nightlife
390751,Restaurants
390753,Miscellaneous
390755,Bars & Nightlife
390771,Financial Services
390772,Specialized Healthcare
390789,Restaurants
390810,Restaurants
390815,Miscellaneous
390859,Restaurants
390867,Miscellaneous
390883,Health & Beauty
390924,Repair & Maintenance
390940,Miscellaneous
390950,Home & Garden
390953,Legal Services
390971,Miscellaneous
390974,Repair & Maintenance
390989,Telecommunications
390992,Miscellaneous
391000,Bakery & Desserts
391016,Miscellaneous
391020,Hotels & Motels
391023,Health & Beauty
391043,Specialty Food
391076,Coffee & Tea
391080,Miscellaneous
391081,Fast Food
391089,Miscellaneous
391110,Miscellaneous
391134,Miscellaneous
391150,Events & Venues
391157,Miscellaneous
391173,Miscellaneous
391177,Miscellaneous
391196,Restaurants
391198,Financial Services
391199,Miscellaneous
391211,Medical Offices
391214,Fitness & Recreation
391229,Miscellaneous
391243,Restaurants
391249,Health & Beauty
391263,Coffee & Tea
391277,Miscellaneous
391282,Miscellaneous
391286,IT Services
391291,Repair & Maintenance
391318,Miscellaneous
391321,Financial Services
391328,Miscellaneous
391333,Miscellaneous
391359,Miscellaneous
391376,Repair & Maintenance
391393,Coffee & Tea
391411,Bars & Nightlife
391412,Miscellaneous
391415,Medical Offices
391416,Dry Cleaning & Laundry
391423,Miscellaneous
391424,Bars & Nightlife
391430,Specialty Retail
391441,Miscellaneous
391450,Miscellaneous
391460,Miscellaneous
391475,Fitness & Recreation
391515,Financial Services
391521,Miscellaneous
391524,Miscellaneous
391526,Miscellaneous
391531,Legal Services
391533,Clothing & Apparel
391567,Electrical
391581,Fast Food
391600,Miscellaneous
391631,Restaurants
391641,Miscellaneous
391646,Medical Offices
391647,Restaurants
391668,Miscellaneous
391712,Miscellaneous
391729,Miscellaneous
391746,Miscellaneous
391752,Fitness & Recreation
391760,Real Estate
391762,Miscellaneous
391779,Restaurants
391780,Restaurants
391804,Miscellaneous
391820,Fast Food
391840,Health & Beauty
391847,Miscellaneous
391851,Coffee & Tea
391852,Restaurants
391853,Bars & Nightlife
391854,Telecommunications
391858,Miscellaneous
391886,Car Wash & Detailing
391892,Medical Offices
391898,Fitness & Recreation
391900,Miscellaneous
391901,Restaurants
391948,Miscellaneous
391952,Childcare
391983,Specialty Food
391988,Automotive Retail
391996,Medical Offices
392001,Miscellaneous
392023,Miscellaneous
392044,Health & Beauty
392046,Miscellaneous
392047,Miscellaneous
392051,Health & Beauty
392066,Coffee & Tea
392081,Towing & Roadside
392093,Miscellaneous
392118,Miscellaneous
392144,Bakery & Desserts
392163,Miscellaneous
392172,Fast Food
392177,Restaurants
392192,Financial Services
392215,Miscellaneous
392220,Miscellaneous
392240,Restaurants
392243,Cleaning Services
392265,Restaurants
392271,Miscellaneous
392285,Health & Beauty
392299,Miscellaneous
392315,Restaurants
392321,Health & Beauty
392344,Restaurants
392347,Miscellaneous
392348,Miscellaneous
392356,Bars & Nightlife
392360,Financial Services
392385,Miscellaneous
392400,Miscellaneous
392419,Restaurants
392424,Clothing & Apparel
392430,Miscellaneous
392444,Restaurants
392464,Miscellaneous
392477,Specialty Food
392483,Restaurants
392501,Miscellaneous
392517,Miscellaneous
392533,Restaurants
392537,Miscellaneous
392585,Miscellaneous
392589,Clothing & Apparel
392599,Fast Food
392610,Specialty Food
392612,Clothing & Apparel
392645,Financial Services
392659,Miscellaneous
392716,Automotive Retail
392729,Miscellaneous
392733,Miscellaneous
392741,Telecommunications
392742,Miscellaneous
392743,Miscellaneous
392746,Telecommunications
392753,Events & Venues
392778,Restaurants
392779,Repair & Maintenance
392782,Cleaning Services
392802,Miscellaneous
392856,Coffee & Tea
392863,Telecommunications
392869,Repair & Maintenance
392871,Hotels & Motels
392881,Miscellaneous
392885,Miscellaneous
392890,Miscellaneous
392900,Legal Services
392915,Miscellaneous
392921,Miscellaneous
392947,Fitness & Recreation
392961,Restaurants
392974,Miscellaneous
393014,Fast Food
393016,Restaurants
393058,Miscellaneous
393059,Financial Services
393086,Restaurants
393088,Restaurants
393103,Restaurants
393104,Repair & Maintenance
393105,Miscellaneous
393107,Automotive Retail
393133,Miscellaneous
393150,Miscellaneous
393169,Miscellaneous
393197,Bars & Nightlife
393199,Health & Beauty
393242,Repair & Maintenance
393262,Miscellaneous
393319,Miscellaneous
393345,Miscellaneous
393348,Miscellaneous
393359,Miscellaneous
393361,Miscellaneous
393367,Bars & Nightlife
393369,Medical Offices
393381,Miscellaneous
393414,Miscellaneous
393415,Miscellaneous
393418,Clothing & Apparel
393443,Miscellaneous
393461,Restaurants
393508,Medical Offices
393522,Pet Services
393534,Restaurants
393541,Automotive Retail
393545,Miscellaneous
393546,Miscellaneous
393548,Miscellaneous
393549,Miscellaneous
393551,Health & Beauty
393565,Miscellaneous
393621,Schools
393639,Restaurants
393644,Fast Food
393650,Restaurants
393669,Restaurants
393700,Restaurants
393710,Restaurants
393716,Specialty Retail
393720,Miscellaneous
393734,Automotive Retail
393735,Automotive Retail
393738,Clothing & Apparel
393739,Restaurants
393742,Miscellaneous
393783,Miscellaneous
393784,Miscellaneous
393806,Events & Venues
393832,Miscellaneous
393843,Financial Services
393864,Miscellaneous
393870,Health & Beauty
393882,Bars & Nightlife
393903,Coffee & Tea
393909,Restaurants
393944,Bars & Nightlife
393946,Schools
393957,Fast Food
393972,Restaurants
393983,Fast Food
394000,Miscellaneous
394021,Restaurants
394036,Restaurants
394041,Miscellaneous
394055,Hotels & Motels
394081,Restaurants
394106,Miscellaneous
394149,Bars & Nightlife
394150,Specialty Food
394160,Miscellaneous
394163,Coffee & Tea
394183,Miscellaneous
394187,Fitness & Recreation
394194,Miscellaneous
394217,Miscellaneous
394235,IT Services
394237,Miscellaneous
394261,Coffee & Tea
394262,Miscellaneous
394287,Miscellaneous
394294,Bars & Nightlife
394295,Miscellaneous
394301,Restaurants
394303,Health & Beauty
394310,Miscellaneous
394321,Miscellaneous
394341,Restaurants
394343,Miscellaneous
394347,Miscellaneous
394348,Bars & Nightlife
394351,Coffee & Tea
394357,Miscellaneous
394364,Miscellaneous
394374,Restaurants
394380,Miscellaneous
394400,Repair & Maintenance
394424,Restaurants
394436,Miscellaneous
394437,Bakery & Desserts
394463,Restaurants
394478,Repair & Maintenance
394495,Miscellaneous
394497,Restaurants
394528,Miscellaneous
394559,Restaurants
394567,Dry Cleaning & Laundry
394577,Car Wash & Detailing
394609,Coffee & Tea
394619,Fitness & Recreation
394645,Repair & Maintenance
394664,Bars & Nightlife
394666,Medical Offices
394669,Miscellaneous
394673,Miscellaneous
394696,Fitness & Recreation
394700,Home & Garden
394707,Miscellaneous
394717,Restaurants
394721,Restaurants
394722,Pharmacy
394723,Bars & Nightlife
394725,Bars & Nightlife
394734,Restaurants
394756,Restaurants
394825,Miscellaneous
394832,Miscellaneous
394836,Health & Beauty
394854,Restaurants
394855,Fitness & Recreation
394916,Miscellaneous
394927,Repair & Maintenance
394933,Bars & Nightlife
394946,Bars & Nightlife
394947,Pharmacy
394953,Financial Services
394954,Miscellaneous
394965,Health & Beauty
394971,Miscellaneous
394983,Miscellaneous
394988,Specialty Retail
394993,Specialty Food
394994,Construction & Contractors
394996,Miscellaneous
395029,Coffee & Tea
395036,Restaurants
395042,Automotive Retail
395049,Miscellaneous
395060,Miscellaneous
395109,Arts & Entertainment
395119,Miscellaneous
395152,Restaurants
395163,Health & Beauty
395164,Medical Offices
395171,Hotels & Motels
395185,Miscellaneous
395209,Bars & Nightlife
395213,Miscellaneous
395217,Restaurants
395236,Miscellaneous
395237,Miscellaneous
395240,Telecommunications
395268,Bars & Nightlife
395283,Bars & Nightlife
395297,Restaurants
395314,Clothing & Apparel
395320,Dry Cleaning & Laundry
395334,Miscellaneous
395335,Restaurants
395342,Miscellaneous
395361,Miscellaneous
395362,Pet Services
395370,Miscellaneous
395381,Miscellaneous
395436,Restaurants
395437,Arts & Entertainment
395453,Miscellaneous
395466,Miscellaneous
395469,Coffee & Tea
395473,Pet Services
395499,Restaurants
395517,Bars & Nightlife
395551,Miscellaneous
395552,Miscellaneous
395561,Miscellaneous
395569,Restaurants
395589,Miscellaneous
395643,Car Wash & Detailing
395644,Miscellaneous
395645,Specialized Healthcare
395648,Miscellaneous
395652,Miscellaneous
395674,Miscellaneous
395685,Miscellaneous
395688,Restaurants
395697,Clothing & Apparel
395724,Restaurants
395735,Restaurants
395736,Electrical
395744,Miscellaneous
395748,Fast Food
395753,Hotels & Motels
395774,Home & Garden
395777,Restaurants
395778,Miscellaneous
395779,Miscellaneous
395813,Restaurants
395822,General Merchandise
395827,Clothing & Apparel
395828,Miscellaneous
395829,Telecommunications
395839,Miscellaneous
395892,Restaurants
395906,Miscellaneous
395911,Miscellaneous
395913,Miscellaneous
395932,Miscellaneous
395991,Financial Services
396030,Miscellaneous
396031,Fast Food
396037,Legal Services
396051,Repair & Maintenance
396084,Cleaning Services
396093,Miscellaneous
396105,Miscellaneous
396119,Miscellaneous
396123,Sports & Recreation
396126,Restaurants
396134,Car Wash & Detailing
396150,Miscellaneous
396175,Construction & Contractors
396216,Hotels & Motels
396220,Medical Offices
396238,Telecommunications
396258,Restaurants
396261,Real Estate
396272,Miscellaneous
396310,Miscellaneous
396317,General Merchandise
396318,Real Estate
396331,Financial Services
396343,Miscellaneous
396344,Health & Beauty
396347,Medical Offices
396360,Miscellaneous
396383,Financial Services
396412,Arts & Entertainment
396430,Health & Beauty
396447,Health & Beauty
396461,Restaurants
396466,Sports & Recreation
396473,Sports & Recreation
396474,Restaurants
396486,Health & Beauty
396489,Restaurants
396496,Miscellaneous
396519,Miscellaneous
396528,Specialty Food
396562,Miscellaneous
396568,General Merchandise
396599,Specialty Food
396602,Coffee & Tea
396604,Specialized Healthcare
396608,Miscellaneous
396616,Fast Food
396620,Clothing & Apparel
396639,Hotels & Motels
396664,Miscellaneous
396675,Miscellaneous
396677,Bars & Nightlife
396696,Construction & Contractors
396712,Clothing & Apparel
396713,Miscellaneous
396748,Miscellaneous
396749,Miscellaneous
396763,Miscellaneous
396773,Miscellaneous
396774,Miscellaneous
396795,Miscellaneous
396804,Medical Offices
396840,Miscellaneous
396882,Miscellaneous
396920,Miscellaneous
396921,Restaurants
396938,Restaurants
396950,Restaurants
396955,Dry Cleaning & Laundry
396984,Miscellaneous
396988,Restaurants
397000,Restaurants
397001,Health & Beauty
397051,Restaurants
397055,Repair & Maintenance
397061,Coffee & Tea
397092,Miscellaneous
397132,Restaurants
397169,Miscellaneous
397196,Miscellaneous
397199,Fast Food
397250,Miscellaneous
397264,Miscellaneous
397267,Miscellaneous
397278,Miscellaneous
397348,Miscellaneous
397356,Hotels & Motels
397358,Miscellaneous
397363,Restaurants
397367,Bakery & Desserts
397368,Coffee & Tea
397385,Bars & Nightlife
397434,Specialized Healthcare
397437,Bars & Nightlife
397502,Restaurants
397533,Bars & Nightlife
397536,Miscellaneous
397544,Miscellaneous
397597,Clothing & Apparel
397621,Health & Beauty
397650,Hotels & Motels
397658,Miscellaneous
397668,Restaurants
397703,Miscellaneous
397704,Health & Beauty
397713,Miscellaneous
397727,Restaurants
397774,Miscellaneous
397778,Miscellaneous
397831,Restaurants
397832,Miscellaneous
397849,Miscellaneous
397856,Restaurants
397870,Restaurants
397876,Miscellaneous
397885,Miscellaneous
397886,Miscellaneous
397891,Miscellaneous
397900,Restaurants
397902,Bars & Nightlife
397903,Miscellaneous
397904,General Merchandise
397920,Bakery & Desserts
397921,Fast Food
397922,Pet Services
397935,Restaurants
397959,Restaurants
398003,Restaurants
398004,Miscellaneous
398019,Restaurants
398025,Financial Services
398032,Miscellaneous
398038,Hotels & Motels
398073,Health & Beauty
398080,Restaurants
398081,Miscellaneous
398088,Arts & Entertainment
398089,Miscellaneous
398117,Home & Garden
398119,Restaurants
398120,Restaurants
398123,Restaurants
398124,Restaurants
398125,Real Estate
398178,Bars & Nightlife
398182,Sports & Recreation
398210,Restaurants
398247,Miscellaneous
398255,Hotels & Motels
398261,Miscellaneous
398267,Hotels & Motels
398332,Miscellaneous
398350,Health & Beauty
398351,Miscellaneous
398365,Miscellaneous
398389,Restaurants
398408,Fast Food
398420,Miscellaneous
398421,Miscellaneous
398422,Health & Beauty
398429,Miscellaneous
398432,Miscellaneous
398483,Miscellaneous
398491,Clothing & Apparel
398506,Clothing & Apparel
398517,Miscellaneous
398518,Restaurants
398531,Miscellaneous
398533,Miscellaneous
398534,Coffee & Tea
398536,Bakery & Desserts
398556,Financial Services
398572,Miscellaneous
398582,Miscellaneous
398593,Restaurants
398594,Health & Beauty
398606,Miscellaneous
398617,Sports & Recreation
398624,Hotels & Motels
398646,Real Estate
398653,Miscellaneous
398661,Restaurants
398675,Telecommunications
398699,Miscellaneous
398710,Miscellaneous
398711,Bars & Nightlife
398717,Health & Beauty
398719,Arts & Entertainment
398731,Miscellaneous
398747,Miscellaneous
398755,Travel Services
398764,Home & Garden
398767,Miscellaneous
398768,Restaurants
398793,Miscellaneous
398794,Miscellaneous
398812,Bars & Nightlife
398820,Restaurants
398825,Coffee & Tea
398839,Telecommunications
398851,Health & Beauty
398869,Fitness & Recreation
398886,Miscellaneous
398887,Restaurants
398888,Restaurants
398890,Miscellaneous
398896,Bakery & Desserts
398907,Restaurants
398951,Miscellaneous
398953,Clothing & Apparel
398962,Financial Services
399032,Coffee & Tea
399053,Schools
399055,Financial Services
399060,Miscellaneous
399065,Financial Services
399075,Automotive Retail
399087,Miscellaneous
399118,Miscellaneous
399147,Events & Venues
399161,Miscellaneous
399180,Restaurants
399187,Repair & Maintenance
399188,Miscellaneous
399189,Miscellaneous
399221,Financial Services
399254,Health & Beauty
399280,Health & Beauty
399291,Health & Beauty
399295,Fitness & Recreation
399296,Automotive Retail
399307,Bars & Nightlife
399320,Bars & Nightlife
399334,Restaurants
399344,Towing & Roadside
399354,Miscellaneous
399371,Schools
399373,Specialized Healthcare
399395,Repair & Maintenance
399420,Restaurants
399424,Repair & Maintenance
399426,Miscellaneous
399428,Miscellaneous
399430,Miscellaneous
399432,Miscellaneous
399442,Restaurants
399462,Miscellaneous
399508,Restaurants
399574,Miscellaneous
399646,Bakery & Desserts
399655,Restaurants
399659,Fast Food
399677,Miscellaneous
399678,Miscellaneous
399685,Specialty Food
399687,General Merchandise
399692,Miscellaneous
399707,Medical Offices
399724,Restaurants
399734,Miscellaneous
399735,Clothing & Apparel
399740,Miscellaneous
399748,Fitness & Recreation
399757,Miscellaneous
399765,Health & Beauty
399773,Repair & Maintenance
399786,Automotive Retail
399794,Miscellaneous
399796,Consulting
399797,Restaurants
399809,Miscellaneous
399818,Miscellaneous
399849,Miscellaneous
399856,Miscellaneous
399905,Miscellaneous
399911,Real Estate
399916,Restaurants
399931,Medical Offices
399935,Miscellaneous
399943,Medical Offices
399944,Miscellaneous
399947,Health & Beauty
399956,Fast Food
399969,Financial Services
399970,Restaurants
399972,Real Estate
399998,Clothing & Apparel
400024,Pharmacy
400025,Specialty Retail
400028,Miscellaneous
400049,Miscellaneous
400073,Miscellaneous
400113,Miscellaneous
400117,Miscellaneous
400122,Miscellaneous
400141,Specialty Retail
400159,Coffee & Tea
400170,Miscellaneous
400191,Miscellaneous
400208,Miscellaneous
400212,Medical Offices
400243,Miscellaneous
400263,Restaurants
400337,Telecommunications
400358,Financial Services
400368,Miscellaneous
400386,Miscellaneous
400387,Miscellaneous
400391,Restaurants
400392,Miscellaneous
400395,Miscellaneous
400405,Travel Services
400408,Fast Food
400415,Miscellaneous
400451,Miscellaneous
400453,Miscellaneous
400463,Health & Beauty
400473,Coffee & Tea
400474,Miscellaneous
400475,Health & Beauty
400476,Restaurants
400490,Miscellaneous
400492,Automotive Retail
400545,Telecommunications
400563,Restaurants
400585,Financial Services
400602,Clothing & Apparel
400610,Miscellaneous
400641,Restaurants
400643,Restaurants
400645,Miscellaneous
400656,Miscellaneous
400659,Miscellaneous
400686,Miscellaneous
400691,Miscellaneous
400711,Miscellaneous
400729,Miscellaneous
400743,Medical Offices
400749,Restaurants
400752,Miscellaneous
400756,Miscellaneous
400779,Miscellaneous
400816,Miscellaneous
400823,Restaurants
400826,Medical Offices
400837,Miscellaneous
400839,Miscellaneous
400852,Miscellaneous
400866,Fitness & Recreation
400883,Construction & Contractors
400891,Miscellaneous
400897,Restaurants
400918,Miscellaneous
400930,Cleaning Services
400934,Construction & Contractors
400941,Fitness & Recreation
400958,Miscellaneous
400986,Landscaping
401019,Health & Beauty
401028,Restaurants
401050,Health & Beauty
401058,Construction & Contractors
401068,Home & Garden
401081,Miscellaneous
401131,Miscellaneous
401133,Miscellaneous
401159,Real Estate
401194,Health & Beauty
401226,Miscellaneous
401228,Coffee & Tea
401230,Clothing & Apparel
401278,Medical Offices
401292,Automotive Retail
401348,Medical Offices
401357,Miscellaneous
401377,Pet Services
401388,Miscellaneous
401393,Miscellaneous
401403,Restaurants
401405,Dry Cleaning & Laundry
401412,Miscellaneous
401430,Restaurants
401432,Repair & Maintenance
401439,Coffee & Tea
401442,Miscellaneous
401445,Legal Services
401475,Miscellaneous
401508,Restaurants
401518,Health & Beauty
401522,Real Estate
401524,Miscellaneous
401525,Miscellaneous
401527,Miscellaneous
401536,Miscellaneous
401544,Business Services
401574,Specialty Food
401579,Schools
401608,Miscellaneous
401634,Construction & Contractors
401658,Miscellaneous
401696,Financial Services
401698,Repair & Maintenance
401707,Health & Beauty
401726,Towing & Roadside
401752,Miscellaneous
401767,Medical Offices
401790,Miscellaneous
401833,Restaurants
401839,Bakery & Desserts
401868,Miscellaneous
401889,Health & Beauty
401892,Bars & Nightlife
401916,Miscellaneous
401926,Fitness & Recreation
401929,Miscellaneous
401934,Restaurants
401957,Restaurants
401972,Real Estate
401980,Electrical
401995,Miscellaneous
402045,Miscellaneous
402046,Miscellaneous
402053,Miscellaneous
402055,Legal Services
402072,Miscellaneous
402100,Miscellaneous
402101,Miscellaneous
402123,Miscellaneous
402135,Miscellaneous
402137,Miscellaneous
402141,Bars & Nightlife
402161,Bakery & Desserts
402165,Miscellaneous
402198,Miscellaneous
402204,Restaurants
402237,Medical Offices
402265,Miscellaneous
402271,Restaurants
402286,Health & Beauty
402307,Medical Offices
402319,Miscellaneous
402327,Health & Beauty
402338,Home & Garden
402339,Restaurants
402346,Miscellaneous
402362,Miscellaneous
402365,Restaurants
402385,Miscellaneous
402389,Fitness & Recreation
402401,Miscellaneous
402414,Miscellaneous
402446,Miscellaneous
402469,Restaurants
402494,Bars & Nightlife
402497,Towing & Roadside
402508,Miscellaneous
402511,Miscellaneous
402528,Miscellaneous
402540,Fitness & Recreation
402589,Miscellaneous
402597,Medical Offices
402601,Miscellaneous
402616,Telecommunications
402649,Miscellaneous
402654,Health & Beauty
402663,Miscellaneous
402685,Miscellaneous
402713,Clothing & Apparel
402732,Miscellaneous
402733,Miscellaneous
402739,Legal Services
402766,Miscellaneous
402791,Repair & Maintenance
402799,Medical Offices
402825,Legal Services
402860,Restaurants
402867,Miscellaneous
402893,Miscellaneous
402901,Miscellaneous
402907,Coffee & Tea
402946,Automotive Retail
402954,Miscellaneous
402956,Accounting
402962,Repair & Maintenance
402999,Miscellaneous
403010,Repair & Maintenance
403019,Miscellaneous
403035,Miscellaneous
403054,Miscellaneous
403095,Miscellaneous
403104,Coffee & Tea
403105,Coffee & Tea
403134,Specialized Healthcare
403144,Miscellaneous
403180,Miscellaneous
403192,Miscellaneous
403194,Medical Offices
403209,Restaurants
403218,Bars & Nightlife
403237,Health & Beauty
403243,Miscellaneous
403252,Miscellaneous
403257,Miscellaneous
403264,Miscellaneous
403267,Fast Food
403285,Health & Beauty
403312,Coffee & Tea
403320,Medical Offices
403324,Health & Beauty
403331,Miscellaneous
403343,Plumbing & HVAC
403348,Miscellaneous
403351,Repair & Maintenance
403364,Miscellaneous
403365,Restaurants
403366,Miscellaneous
403381,Miscellaneous
403391,Bakery & Desserts
403396,Miscellaneous
403411,Schools
403415,Miscellaneous
403423,Miscellaneous
403424,Miscellaneous
403429,Restaurants
403434,Financial Services
403441,Restaurants
403445,Business Services
403456,Coffee & Tea
403457,Miscellaneous
403478,Automotive Retail
403520,Miscellaneous
403526,Fast Food
403543,Miscellaneous
403550,Business Services
403582,Miscellaneous
403607,Miscellaneous
403627,Miscellaneous
403636,Miscellaneous
403637,Real Estate
403641,Restaurants
403644,Financial Services
403666,Miscellaneous
403676,Miscellaneous
403684,Miscellaneous
403686,Miscellaneous
403688,Financial Services
403691,Fitness & Recreation
403699,Fitness & Recreation
403700,Miscellaneous
403704,Miscellaneous
403747,Legal Services
403763,Miscellaneous
403768,Bars & Nightlife
403776,Schools
403800,Miscellaneous
403818,Restaurants
403828,Miscellaneous
403836,Miscellaneous
403850,Hotels & Motels
403894,IT Services
403902,Coffee & Tea
403919,Restaurants
403928,Restaurants
403943,Miscellaneous
403946,Health & Beauty
403950,Towing & Roadside
403964,Miscellaneous
403967,Miscellaneous
404044,Restaurants
404136,Coffee & Tea
404148,Miscellaneous
404155,Restaurants
404173,Miscellaneous
404184,Miscellaneous
404186,Miscellaneous
404215,Bars & Nightlife
404217,Health & Beauty
404229,Restaurants
404235,Miscellaneous
404240,Cleaning Services
404280,Fast Food
404298,Restaurants
404303,Specialty Food
404340,Bars & Nightlife
404352,Miscellaneous
404353,Restaurants
404364,Bars & Nightlife
404374,Legal Services
404376,Construction & Contractors
404386,Miscellaneous
404408,Restaurants
404462,Repair & Maintenance
404465,Miscellaneous
404466,Financial Services
404474,Miscellaneous
404484,Miscellaneous
404487,Miscellaneous
404495,Restaurants
404499,Automotive Retail
404514,Miscellaneous
404523,Miscellaneous
404579,Coffee & Tea
404592,Miscellaneous
404610,Restaurants
404615,Restaurants
404629,Telecommunications
404637,Specialty Food
404656,Restaurants
404658,Plumbing & HVAC
404681,Miscellaneous
404706,Health & Beauty
404729,Miscellaneous
404755,Miscellaneous
404762,Real Estate
404804,Repair & Maintenance
404807,Real Estate
404828,Miscellaneous
404832,Medical Offices
404847,Miscellaneous
404851,Restaurants
404853,Telecommunications
404877,Restaurants
404885,Miscellaneous
404896,Health & Beauty
404911,Miscellaneous
404937,Miscellaneous
404960,Tutoring
404962,Health & Beauty
404964,Fitness & Recreation
404967,Miscellaneous
404984,Miscellaneous
405002,Miscellaneous
405006,Bars & Nightlife
405036,Miscellaneous
405044,Miscellaneous
405056,Miscellaneous
405073,Health & Beauty
405076,Health & Beauty
405086,IT Services
405089,Miscellaneous
405094,Restaurants
405098,Dry Cleaning & Laundry
405100,Miscellaneous
405105,Specialty Food
405119,Telecommunications
405153,Financial Services
405160,Real Estate
405168,Restaurants
405171,Restaurants
405174,Bars & Nightlife
405176,Miscellaneous
405178,Medical Offices
405189,Miscellaneous
405192,Miscellaneous
405195,Repair & Maintenance
405200,Miscellaneous
405209,Miscellaneous
405224,Electrical
405232,Construction & Contractors
405251,Miscellaneous
405267,Miscellaneous
405285,Medical Offices
405288,Restaurants
405289,Miscellaneous
405320,Restaurants
405325,Miscellaneous
405331,Restaurants
405337,Miscellaneous
405370,Restaurants
405375,Miscellaneous
405376,Miscellaneous
405403,Miscellaneous
405431,Miscellaneous
405434,Health & Beauty
405445,Restaurants
405447,Fitness & Recreation
405451,Specialized Healthcare
405461,Restaurants
405470,Miscellaneous
405494,Legal Services
405524,Miscellaneous
405540,Miscellaneous
405579,Miscellaneous
405584,Miscellaneous
405586,Coffee & Tea
405595,Miscellaneous
405599,Plumbing & HVAC
405606,Restaurants
405620,Miscellaneous
405626,Real Estate
405627,Miscellaneous
405636,Miscellaneous
405638,Plumbing & HVAC
405641,Fitness & Recreation
405642,Health & Beauty
405643,Miscellaneous
405666,Miscellaneous
405680,Financial Services
405696,Restaurants
405702,Automotive Retail
405705,Miscellaneous
405717,Miscellaneous
405736,Specialty Food
405739,Legal Services
405740,Miscellaneous
405780,Plumbing & HVAC
405801,Miscellaneous
405807,Fitness & Recreation
405811,Medical Offices
405823,Home & Garden
405830,Miscellaneous
405832,Bars & Nightlife
405851,Miscellaneous
405873,Miscellaneous
405886,Miscellaneous
405890,Miscellaneous
405898,Home & Garden
405937,Business Services
405957,Miscellaneous
405966,Miscellaneous
405992,Restaurants
405998,Restaurants
406011,Restaurants
406032,Miscellaneous
406051,Miscellaneous
406052,Hotels & Motels
406091,Bakery & Desserts
406097,Financial Services
406099,Miscellaneous
406114,Restaurants
406126,Miscellaneous
406145,Consulting
406152,Miscellaneous
406155,Miscellaneous
406180,Miscellaneous
406184,Restaurants
406213,Medical Offices
406215,Restaurants
406221,Miscellaneous
406251,Miscellaneous
406264,Repair & Maintenance
406268,Sports & Recreation
406291,Miscellaneous
406303,Miscellaneous
406309,Miscellaneous
406313,Medical Offices
406314,Miscellaneous
406323,Miscellaneous
406326,Health & Beauty
406337,Miscellaneous
406355,Miscellaneous
406356,Miscellaneous
406359,Miscellaneous
406366,Construction & Contractors
406372,Restaurants
406376,Health & Beauty
406385,Miscellaneous
406388,Miscellaneous
406394,Miscellaneous
406414,Dry Cleaning & Laundry
406450,Miscellaneous
406455,Miscellaneous
406460,Towing & Roadside
406484,Plumbing & HVAC
406485,Repair & Maintenance
406506,Miscellaneous
406545,Medical Offices
406560,Repair & Maintenance
406616,Miscellaneous
406652,Bakery & Desserts
406664,Home & Garden
406675,Miscellaneous
406687,Electrical
406688,Miscellaneous
406696,Miscellaneous
406730,Pet Services
406732,Miscellaneous
406741,Specialized Healthcare
406755,Financial Services
406784,Miscellaneous
406811,IT Services
406812,Legal Services
406831,Coffee & Tea
406836,Plumbing & HVAC
406839,Restaurants
406873,Miscellaneous
406894,Miscellaneous
406905,Financial Services
406917,Restaurants
406920,Miscellaneous
406922,Arts & Entertainment
406925,Specialty Food
406928,Consulting
406935,Health & Beauty
406940,Miscellaneous
406960,Home & Garden
406993,Automotive Retail
407034,Restaurants
407039,Pharmacy
407040,Restaurants
407043,Health & Beauty
407045,Miscellaneous
407064,Pet Services
407075,Miscellaneous
407076,Miscellaneous
407117,Miscellaneous
407136,Miscellaneous
407150,Miscellaneous
407168,General Merchandise
407192,Miscellaneous
407224,Restaurants
407239,Fitness & Recreation
407268,Bakery & Desserts
407269,Miscellaneous
407273,Health & Beauty
407275,Restaurants
407276,Bars & Nightlife
407283,Miscellaneous
407316,Specialty Retail
407319,Legal Services
407361,Fast Food
407363,Arts & Entertainment
407379,Restaurants
407392,Miscellaneous
407402,Restaurants
407412,Restaurants
407417,Arts & Entertainment
407421,Restaurants
407451,Fast Food
407452,Real Estate
407462,Automotive Retail
407481,Miscellaneous
407490,Telecommunications
407491,Miscellaneous
407526,Bars & Nightlife
407528,Health & Beauty
407549,Restaurants
407577,Health & Beauty
407578,Bars & Nightlife
407600,Miscellaneous
407623,Restaurants
407640,Restaurants
407643,Car Wash & Detailing
407645,Bars & Nightlife
407686,Telecommunications
407737,Consulting
407767,Miscellaneous
407806,Restaurants
407808,Miscellaneous
407841,Miscellaneous
407877,Plumbing & HVAC
407884,Home & Garden
407903,Home & Garden
407928,Bars & Nightlife
407933,Bars & Nightlife
407939,Miscellaneous
407943,Restaurants
407944,Health & Beauty
407945,Health & Beauty
407954,Health & Beauty
407971,Miscellaneous
407972,Restaurants
407995,Business Services
408000,Miscellaneous
408001,Miscellaneous
408007,Health & Beauty
408029,Specialty Food
408035,IT Services
408045,Miscellaneous
408069,Miscellaneous
408071,Sports & Recreation
408072,Miscellaneous
408095,Consulting
408117,Coffee & Tea
408127,Restaurants
408137,Bars & Nightlife
408140,Miscellaneous
408167,Real Estate
408185,Health & Beauty
408192,Miscellaneous
408225,Restaurants
408250,Bakery & Desserts
408260,Miscellaneous
408262,Repair & Maintenance
408267,Miscellaneous
408290,Miscellaneous
408298,Automotive Retail
408319,Dry Cleaning & Laundry
408335,Restaurants
408336,Construction & Contractors
408337,Repair & Maintenance
408382,Miscellaneous
408420,Miscellaneous
408424,Health & Beauty
408442,Restaurants
408446,Coffee & Tea
408455,General Merchandise
408468,Health & Beauty
408484,Miscellaneous
408486,Coffee & Tea
408488,Restaurants
408489,Towing & Roadside
408506,Restaurants
408526,Events & Venues
408558,Restaurants
408580,Telecommunications
408581,Clothing & Apparel
408587,Travel Services
408605,Restaurants
408608,Legal Services
408617,Restaurants
408633,Miscellaneous
408669,Restaurants
408681,Restaurants
408690,Miscellaneous
408692,Coffee & Tea
408703,Restaurants
408704,Schools
408741,Miscellaneous
408751,Miscellaneous
408765,Miscellaneous
408769,Coffee & Tea
408781,Miscellaneous
408795,Miscellaneous
408812,Miscellaneous
408816,Financial Services
408826,Miscellaneous
408831,Home & Garden
408848,Restaurants
408855,Financial Services
408869,Health & Beauty
408871,IT Services
408882,Miscellaneous
408888,Miscellaneous
408905,Bars & Nightlife
408909,Telecommunications
408913,Repair & Maintenance
408915,Health & Beauty
408917,Miscellaneous
408919,Miscellaneous
408920,Restaurants
408942,Restaurants
408946,Miscellaneous
408966,Events & Venues
408972,Real Estate
408973,Clothing & Apparel
408974,Fast Food
408994,Restaurants
409002,Miscellaneous
409013,Miscellaneous
409018,Automotive Retail
409028,Health & Beauty
409055,Miscellaneous
409069,Miscellaneous
409072,Bakery & Desserts
409078,Miscellaneous
409125,Business Services
409147,Telecommunications
409150,Health & Beauty
409159,Clothing & Apparel
409179,Miscellaneous
409198,Miscellaneous
409209,Bars & Nightlife
409212,Car Wash & Detailing
409221,Miscellaneous
409226,Miscellaneous
409231,Miscellaneous
409232,Miscellaneous
409237,Miscellaneous
409241,Fitness & Recreation
409246,Construction & Contractors
409273,Financial Services
409275,Miscellaneous
409285,Miscellaneous
409288,Miscellaneous
409321,Car Wash & Detailing
409327,Miscellaneous
409353,Restaurants
409356,Automotive Retail
409387,Miscellaneous
409388,Coffee & Tea
409401,Miscellaneous
409406,Restaurants
409407,Miscellaneous
409410,Bars & Nightlife
409422,Miscellaneous
409427,Miscellaneous
409432,Arts & Entertainment
409438,Pet Services
409469,Miscellaneous
409487,Miscellaneous
409490,Miscellaneous
409491,Clothing & Apparel
409502,IT Services
409530,Miscellaneous
409531,Miscellaneous
409545,Real Estate
409557,Miscellaneous
409567,Business Services
409597,Miscellaneous
409604,Dry Cleaning & Laundry
409618,Clothing & Apparel
409666,Miscellaneous
409671,Schools
409720,Financial Services
409766,Miscellaneous
409788,Restaurants
409793,Miscellaneous
409808,Miscellaneous
409814,Miscellaneous
409849,Miscellaneous
409913,Fitness & Recreation
409927,Restaurants
409965,Miscellaneous
409971,Miscellaneous
409980,Miscellaneous
409985,Restaurants
410000,Miscellaneous
410039,Fitness & Recreation
410081,Coffee & Tea
410083,Miscellaneous
410086,Miscellaneous
410087,Telecommunications
410090,Fitness & Recreation
410094,Miscellaneous
410104,Bars & Nightlife
410105,Restaurants
410108,Health & Beauty
410110,Health & Beauty
410119,Miscellaneous
410129,Health & Beauty
410162,Fitness & Recreation
410164,Coffee & Tea
410178,Miscellaneous
410181,Health & Beauty
410189,Restaurants
410193,Medical Offices
410204,Bars & Nightlife
410210,Financial Services
410240,Restaurants
410241,Childcare
410277,Coffee & Tea
410282,Home & Garden
410303,Childcare
410306,Miscellaneous
410309,Miscellaneous
410315,Coffee & Tea
410349,Restaurants
410352,Miscellaneous
410361,Towing & Roadside
410368,Sports & Recreation
410386,Restaurants
410395,Health & Beauty
410396,Miscellaneous
410411,Miscellaneous
410416,Miscellaneous
410417,Miscellaneous
410437,Miscellaneous
410438,Miscellaneous
410449,Miscellaneous
410458,Miscellaneous
410483,Specialty Food
410504,Health & Beauty
410518,Restaurants
410539,Restaurants
410542,Miscellaneous
410553,Specialized Healthcare
410608,Miscellaneous
410616,Repair & Maintenance
410617,Health & Beauty
410658,Miscellaneous
410659,Miscellaneous
410660,Bars & Nightlife
410664,Bakery & Desserts
410668,Automotive Retail
410670,Miscellaneous
410678,Miscellaneous
410712,Restaurants
410719,Towing & Roadside
410723,Miscellaneous
410739,Restaurants
410781,Health & Beauty
410802,Restaurants
410806,Restaurants
410832,Miscellaneous
410859,Miscellaneous
410889,Restaurants
410890,Specialty Food
410907,Pet Services
410914,Miscellaneous
410922,Restaurants
410924,Coffee & Tea
410931,Medical Offices
410963,Miscellaneous
410964,Miscellaneous
410973,Restaurants
410988,Restaurants
410997,Health & Beauty
410999,Repair & Maintenance
411008,Miscellaneous
411014,Miscellaneous
411043,Repair & Maintenance
411073,Miscellaneous
411082,Miscellaneous
411083,Restaurants
411084,Bars & Nightlife
411095,Restaurants
411096,Miscellaneous
411114,Bars & Nightlife
411118,Medical Offices
411142,Miscellaneous
411150,Miscellaneous
411179,Bars & Nightlife
411206,Miscellaneous
411225,Miscellaneous
411234,Restaurants
411260,Restaurants
411269,Miscellaneous
411278,Bars & Nightlife
411281,Bars & Nightlife
411282,Miscellaneous
411293,Miscellaneous
411322,Miscellaneous
411323,Fitness & Recreation
411335,Specialty Food
411340,Restaurants
411362,Miscellaneous
411364,Medical Offices
411366,Miscellaneous
411373,Miscellaneous
411406,Miscellaneous
411449,Restaurants
411493,Miscellaneous
411498,Miscellaneous
411518,Miscellaneous
411519,Miscellaneous
411520,Pet Services
411521,Childcare
411541,Miscellaneous
411548,Restaurants
411553,Restaurants
411555,Specialty Food
411576,Restaurants
411579,Restaurants
411580,Restaurants
411589,Miscellaneous
411624,Restaurants
411676,Miscellaneous
411686,Bars & Nightlife
411688,Home & Garden
411692,Miscellaneous
411724,Clothing & Apparel
411731,Miscellaneous
411739,Specialty Food
411750,Miscellaneous
411771,Miscellaneous
411774,Restaurants
411787,Schools
411788,Miscellaneous
411804,Miscellaneous
411806,Clothing & Apparel
411829,Miscellaneous
411834,Miscellaneous
411838,Miscellaneous
411842,Miscellaneous
411848,Coffee & Tea
411849,Restaurants
411855,Miscellaneous
411856,Miscellaneous
411858,Restaurants
411891,Specialty Food
411914,Health & Beauty
411937,Miscellaneous
411947,Repair & Maintenance
411951,Construction & Contractors
411953,Fitness & Recreation
411954,Bars & Nightlife
411961,Miscellaneous
411980,Miscellaneous
411994,Miscellaneous
412017,Miscellaneous
412038,Miscellaneous
412044,Sports & Recreation
412054,Miscellaneous
412065,Restaurants
412068,Restaurants
412079,Repair & Maintenance
412087,Specialty Food
412111,Specialty Food
412115,Miscellaneous
412132,Miscellaneous
412135,Restaurants
412141,Restaurants
412144,Miscellaneous
412156,Restaurants
412165,Miscellaneous
412168,Telecommunications
412193,Automotive Retail
412194,Repair & Maintenance
412218,Miscellaneous
412232,Restaurants
412261,Miscellaneous
412304,Bars & Nightlife
412305,Miscellaneous
412306,Miscellaneous
412309,Miscellaneous
412315,Miscellaneous
412334,Miscellaneous
412340,Health & Beauty
412348,Fitness & Recreation
412360,Restaurants
412361,Restaurants
412385,Miscellaneous
412387,Restaurants
412423,Coffee & Tea
412481,Coffee & Tea
412520,Bars & Nightlife
412575,Miscellaneous
412581,Miscellaneous
412589,Fitness & Recreation
412599,Miscellaneous
412620,Car Wash & Detailing
412636,Bars & Nightlife
412639,Miscellaneous
412644,Miscellaneous
412665,Business Services
412668,Miscellaneous
412707,Miscellaneous
412714,Miscellaneous
412744,Health & Beauty
412748,Home & Garden
412779,Fitness & Recreation
412798,Restaurants
412799,Miscellaneous
412802,Fast Food
412803,Miscellaneous
412829,Miscellaneous
412832,Miscellaneous
412833,Miscellaneous
412837,Arts & Entertainment
412851,Miscellaneous
412863,Miscellaneous
412868,Miscellaneous
412887,Car Wash & Detailing
412891,Coffee & Tea
412921,Restaurants
412929,Bakery & Desserts
412952,Repair & Maintenance
412964,Health & Beauty
412971,Automotive Retail
412987,Hotels & Motels
413016,Restaurants
413030,General Merchandise
413031,Restaurants
413037,Specialty Food
413071,Arts & Entertainment
413109,Miscellaneous
413135,Miscellaneous
413137,Restaurants
413140,Medical Offices
413147,Miscellaneous
413153,Miscellaneous
413154,Restaurants
413191,Specialty Food
413199,Miscellaneous
413223,Miscellaneous
413254,General Merchandise
413278,Miscellaneous
413283,Miscellaneous
413288,Miscellaneous
413303,Miscellaneous
413324,Miscellaneous
413329,Miscellaneous
413351,Health & Beauty
413361,Landscaping
413373,Specialty Food
413377,Miscellaneous
413380,Miscellaneous
413388,Medical Offices
413398,Miscellaneous
413409,Restaurants
413420,Miscellaneous
413429,Travel Services
413442,Specialty Food
413444,Miscellaneous
413448,Restaurants
413450,Miscellaneous
413452,Miscellaneous
413457,Miscellaneous
413482,Miscellaneous
413540,Hotels & Motels
413542,Miscellaneous
413545,Miscellaneous
413564,Restaurants
413565,Automotive Retail
413578,Fast Food
413595,Restaurants
413599,Miscellaneous
413604,Miscellaneous
413606,Miscellaneous
413608,Restaurants
413615,Miscellaneous
413624,Miscellaneous
413638,Miscellaneous
413665,Miscellaneous
413668,Miscellaneous
413670,Construction & Contractors
413706,Miscellaneous
413709,Fast Food
413732,Miscellaneous
413755,Miscellaneous
413771,Automotive Retail
413800,Health & Beauty
413844,Miscellaneous
413864,Repair & Maintenance
413866,Restaurants
413867,Restaurants
413873,Restaurants
413878,Bars & Nightlife
413882,Restaurants
413922,Restaurants
413932,Specialty Food
413969,Coffee & Tea
413971,Restaurants
414001,Restaurants
414023,Coffee & Tea
414036,Miscellaneous
414051,Miscellaneous
414056,Restaurants
414085,Restaurants
414116,Schools
414144,Bakery & Desserts
414148,Miscellaneous
414149,Health & Beauty
414155,Miscellaneous
414163,Miscellaneous
414169,Miscellaneous
414174,Restaurants
414175,Miscellaneous
414183,Restaurants
414202,Medical Offices
414214,Miscellaneous
414253,Travel Services
414314,Specialty Food
414318,Fitness & Recreation
414326,Hotels & Motels
414349,Miscellaneous
414355,Miscellaneous
414368,Miscellaneous
414383,Fast Food
414388,Arts & Entertainment
414413,Miscellaneous
414414,Restaurants
414426,Miscellaneous
414445,Restaurants
414447,Specialty Food
414461,Miscellaneous
414472,Repair & Maintenance
414485,Financial Services
414501,Specialty Food
414509,Construction & Contractors
414548,Miscellaneous
414563,Miscellaneous
414573,Bars & Nightlife
414588,Restaurants
414607,Restaurants
414629,Home & Garden
414646,Miscellaneous
414654,Restaurants
414661,Miscellaneous
414670,Restaurants
414707,Restaurants
414731,Miscellaneous
414755,Miscellaneous
414758,Restaurants
414760,Real Estate
414776,Miscellaneous
414780,Miscellaneous
414806,Miscellaneous
414811,IT Services
414833,Fast Food
414836,Coffee & Tea
414837,Specialty Retail
414838,Restaurants
414845,Repair & Maintenance
414876,Miscellaneous
414890,Bars & Nightlife
414899,Schools
414910,Health & Beauty
414919,Medical Offices
414921,Business Services
414932,Miscellaneous
414972,Restaurants
415001,Restaurants
415006,Hotels & Motels
415010,Bars & Nightlife
415012,Miscellaneous
415014,Medical Offices
415020,Restaurants
415021,Restaurants
415033,Schools
415036,Miscellaneous
415061,Pet Services
415063,Coffee & Tea
415091,Miscellaneous
415100,Miscellaneous
415115,Restaurants
415117,Miscellaneous
415124,Health & Beauty
415125,Specialty Food
415139,Restaurants
415160,Clothing & Apparel
415183,Fitness & Recreation
415228,Hotels & Motels
415251,Restaurants
415268,Miscellaneous
415275,Miscellaneous
415279,Miscellaneous
415290,Health & Beauty
415324,Restaurants
415333,General Merchandise
415387,Specialized Healthcare
415401,Coffee & Tea
415407,Restaurants
415411,Construction & Contractors
415440,Miscellaneous
415465,Restaurants
415470,Restaurants
415471,Coffee & Tea
415487,Restaurants
415523,Restaurants
415528,Coffee & Tea
415544,Miscellaneous
415551,Restaurants
415562,Fast Food
415569,Arts & Entertainment
415572,Restaurants
415599,Miscellaneous
415615,Restaurants
415617,Hotels & Motels
415620,Dry Cleaning & Laundry
415672,Construction & Contractors
415677,Miscellaneous
415687,Fitness & Recreation
415697,Miscellaneous
415709,Restaurants
415740,Health & Beauty
415752,Miscellaneous
415772,Restaurants
415779,Miscellaneous
415797,Automotive Retail
415799,Sports & Recreation
415808,Coffee & Tea
415809,Miscellaneous
415833,Miscellaneous
415845,Bakery & Desserts
415851,Restaurants
415854,Restaurants
415871,Restaurants
415878,Hotels & Motels
415897,Coffee & Tea
415924,Restaurants
415945,Miscellaneous
415955,Hotels & Motels
415959,Health & Beauty
415965,Medical Offices
415975,Arts & Entertainment
415977,Miscellaneous
415982,Miscellaneous
415994,Restaurants
415995,Schools
416015,Miscellaneous
416019,Miscellaneous
416092,Miscellaneous
416119,Miscellaneous
416135,Miscellaneous
416142,Repair & Maintenance
416163,Restaurants
416166,Health & Beauty
416222,Miscellaneous
416226,Miscellaneous
416264,Restaurants
416265,Health & Beauty
416266,Restaurants
416270,Restaurants
416291,Miscellaneous
416298,Restaurants
416319,Miscellaneous
416320,Miscellaneous
416330,Restaurants
416353,Miscellaneous
416370,Restaurants
416378,Health & Beauty
416384,Restaurants
416386,Restaurants
416398,Restaurants
416401,Miscellaneous
416432,Miscellaneous
416434,Cleaning Services
416437,Restaurants
416452,Restaurants
416464,Sports & Recreation
416472,Hotels & Motels
416478,Restaurants
416484,Restaurants
416488,Miscellaneous
416493,Miscellaneous
416504,Miscellaneous
416505,Restaurants
416512,Restaurants
416515,Miscellaneous
416627,Real Estate
416646,Miscellaneous
416649,Restaurants
416665,Miscellaneous
416682,Coffee & Tea
416683,Miscellaneous
416684,Restaurants
416685,Coffee & Tea
416698,Miscellaneous
416715,Restaurants
416717,Miscellaneous
416735,Restaurants
416761,Miscellaneous
416769,Restaurants
416785,Miscellaneous
416786,Miscellaneous
416789,Specialty Food
416811,Miscellaneous
416830,Miscellaneous
416833,Miscellaneous
416834,Miscellaneous
416839,Clothing & Apparel
416850,Miscellaneous
416852,Restaurants
416853,Pet Services
416854,Restaurants
416860,Coffee & Tea
416862,Miscellaneous
416867,Dry Cleaning & Laundry
416877,Restaurants
416881,Miscellaneous
416884,Miscellaneous
416888,Restaurants
416901,Health & Beauty
416908,Coffee & Tea
416930,Specialty Food
416944,Home & Garden
416965,Restaurants
416978,Restaurants
416995,Restaurants
417000,Restaurants
417001,Restaurants
417008,Restaurants
417015,Miscellaneous
417019,Restaurants
417024,Business Services
417026,Restaurants
417029,Restaurants
417030,Restaurants
417049,Miscellaneous
417082,Restaurants
417083,Clothing & Apparel
417109,Coffee & Tea
417112,Restaurants
417115,Restaurants
417117,Restaurants
417142,Miscellaneous
417147,Specialty Food
417160,Miscellaneous
417162,Miscellaneous
417163,Miscellaneous
417185,Miscellaneous
417189,Restaurants
417191,Miscellaneous
417217,Miscellaneous
417230,Restaurants
417238,Miscellaneous
417241,Miscellaneous
417255,Restaurants
417263,Restaurants
417273,Specialty Food
417274,Miscellaneous
417285,Miscellaneous
417298,Miscellaneous
417341,Restaurants
417377,Fast Food
417386,Health & Beauty
417391,Repair & Maintenance
417392,Cleaning Services
417407,Restaurants
417409,Pharmacy
417425,Restaurants
417450,Restaurants
417453,Restaurants
417455,Miscellaneous
417458,Miscellaneous
417459,Miscellaneous
417468,Automotive Retail
417482,Dry Cleaning & Laundry
417493,Miscellaneous
417501,Repair & Maintenance
417522,Miscellaneous
417524,Miscellaneous
417527,Travel Services
417531,Clothing & Apparel
417532,Car Wash & Detailing
417533,Specialty Food
417547,Bakery & Desserts
417556,Miscellaneous
417591,Bakery & Desserts
417652,Restaurants
417681,Restaurants
417701,Miscellaneous
417712,Restaurants
417717,Miscellaneous
417754,Financial Services
417755,Hotels & Motels
417783,Miscellaneous
417803,Restaurants
417819,Restaurants
417823,Health & Beauty
417825,Real Estate
417846,Miscellaneous
417887,Bars & Nightlife
417937,Miscellaneous
417942,Fitness & Recreation
417977,Bars & Nightlife
418006,Miscellaneous
418018,Miscellaneous
418019,Miscellaneous
418030,Miscellaneous
418031,Automotive Retail
418032,Restaurants
418058,Miscellaneous
418086,Repair & Maintenance
418100,Miscellaneous
418107,Restaurants
418123,Restaurants
418125,Restaurants
418127,Bakery & Desserts
418134,Miscellaneous
418157,Health & Beauty
418160,Miscellaneous
418172,Bars & Nightlife
418186,Restaurants
418187,Pet Services
418190,Pet Services
418223,Miscellaneous
418228,Restaurants
418243,Restaurants
418264,Restaurants
418269,Clothing & Apparel
418306,Restaurants
418307,Miscellaneous
418342,Financial Services
418363,Bars & Nightlife
418375,Bakery & Desserts
418383,Restaurants
418397,Restaurants
418405,Pet Services
418409,Restaurants
418412,Miscellaneous
418415,Miscellaneous
418473,Fast Food
418488,Miscellaneous
418500,Fast Food
418526,Restaurants
418527,Clothing & Apparel
418532,Restaurants
418565,Restaurants
418567,Miscellaneous
418573,Restaurants
418580,Restaurants
418614,Restaurants
418635,Miscellaneous
418637,Miscellaneous
418641,Miscellaneous
418642,Miscellaneous
418662,Health & Beauty
418673,Miscellaneous
418678,Restaurants
418690,Miscellaneous
418696,Miscellaneous
418703,Miscellaneous
418707,Specialty Food
418713,Miscellaneous
418717,Miscellaneous
418728,Health & Beauty
418740,Bars & Nightlife
418752,Miscellaneous
418762,Hotels & Motels
418766,Miscellaneous
418774,Miscellaneous
418783,Construction & Contractors
418800,Car Wash & Detailing
418809,Coffee & Tea
418810,Bars & Nightlife
418812,Restaurants
418831,Fitness & Recreation
418848,Miscellaneous
418859,Miscellaneous
418861,Restaurants
418867,Pet Services
418877,Financial Services
418896,Arts & Entertainment
418900,Mental Health
418920,Miscellaneous
418951,Arts & Entertainment
418974,Miscellaneous
418990,Restaurants
418995,Miscellaneous
419004,Sports & Recreation
419051,Health & Beauty
419098,Miscellaneous
419111,Automotive Retail
419114,Legal Services
419122,Miscellaneous
419125,Miscellaneous
419150,Miscellaneous
419161,Miscellaneous
419180,Miscellaneous
419185,Telecommunications
419186,Events & Venues
419189,Bakery & Desserts
419197,Coffee & Tea
419212,Miscellaneous
419226,Specialty Food
419231,Miscellaneous
419246,Miscellaneous
419263,Miscellaneous
419270,Bars & Nightlife
419279,Bakery & Desserts
419283,Miscellaneous
419286,Miscellaneous
419287,Miscellaneous
419309,Miscellaneous
419312,Financial Services
419316,Miscellaneous
419324,Restaurants
419330,Restaurants
419359,Restaurants
419367,Medical Offices
419427,Specialty Food
419428,Home & Garden
419437,Miscellaneous
419451,Restaurants
419457,Legal Services
419458,Miscellaneous
419486,Business Services
419487,Restaurants
419492,Medical Offices
419534,Restaurants
419549,Miscellaneous
419564,Restaurants
419583,Specialty Food
419586,Restaurants
419592,Miscellaneous
419594,Pet Services
419615,Restaurants
419642,General Merchandise
419649,Coffee & Tea
419664,Restaurants
419671,Specialty Food
419672,Legal Services
419690,Business Services
419691,Bakery & Desserts
419707,Restaurants
419716,Specialty Food
419718,Miscellaneous
419721,Miscellaneous
419722,Health & Beauty
419730,Restaurants
419789,Restaurants
419796,Specialty Food
419827,Miscellaneous
419829,Miscellaneous
419858,Specialty Retail
419871,Restaurants
419901,Restaurants
419903,Restaurants
419905,Home & Garden
419911,Restaurants
419915,Medical Offices
419929,Restaurants
419948,Restaurants
419951,Restaurants
419967,Restaurants
419969,Restaurants
420008,Miscellaneous
420025,Fitness & Recreation
420035,Restaurants
420048,Medical Offices
420057,Miscellaneous
420063,Restaurants
420065,Miscellaneous
420077,Miscellaneous
420078,Miscellaneous
420081,Miscellaneous
420091,Specialty Food
420108,Fast Food
420154,Miscellaneous
420155,Hotels & Motels
420230,Restaurants
420235,Restaurants
420239,Miscellaneous
420250,Travel Services
420260,Health & Beauty
420282,Bars & Nightlife
420286,Restaurants
420298,Restaurants
420304,Miscellaneous
420306,Clothing & Apparel
420319,Medical Offices
420322,Hotels & Motels
420364,Miscellaneous
420381,Restaurants
420400,Hotels & Motels
420420,Health & Beauty
420441,Restaurants
420452,Coffee & Tea
420459,Miscellaneous
420461,Miscellaneous
420465,Real Estate
420466,Specialty Retail
420524,Restaurants
420532,Miscellaneous
420539,Restaurants
420543,Restaurants
420545,Coffee & Tea
420547,Hotels & Motels
420575,Miscellaneous
420626,Fast Food
420665,Bakery & Desserts
420668,Miscellaneous
420673,Hotels & Motels
420699,Health & Beauty
420732,Miscellaneous
420735,Miscellaneous
420749,Financial Services
420755,Miscellaneous
420765,Miscellaneous
420766,Miscellaneous
420776,Restaurants
420780,Bars & Nightlife
420796,Miscellaneous
420797,Legal Services
420812,Bakery & Desserts
420815,Automotive Retail
420832,Miscellaneous
420848,Fitness & Recreation
420849,Miscellaneous
420861,Health & Beauty
420886,Bakery & Desserts
420908,Restaurants
420916,Bakery & Desserts
420928,Restaurants
420936,Restaurants
420991,Coffee & Tea
420993,Restaurants
420994,Coffee & Tea
420998,Miscellaneous
421005,Real Estate
421009,Pet Services
421012,Restaurants
421015,Fast Food
421016,Fast Food
421024,Medical Offices
421025,Restaurants
421028,Coffee & Tea
421048,Hotels & Motels
421049,Restaurants
421052,Restaurants
421059,Restaurants
421069,Financial Services
421072,Telecommunications
421073,Restaurants
421109,Bars & Nightlife
421112,Construction & Contractors
421113,Miscellaneous
421124,Restaurants
421131,Miscellaneous
421157,Miscellaneous
421169,Specialty Food
421171,Schools
421193,IT Services
421201,Clothing & Apparel
421216,Specialty Food
421218,Miscellaneous
421223,Bakery & Desserts
421241,Miscellaneous
421293,Restaurants
421296,Miscellaneous
421305,Bakery & Desserts
421315,Miscellaneous
421329,Consulting
421347,Bars & Nightlife
421351,Repair & Maintenance
421379,Specialized Healthcare
421385,Miscellaneous
421386,Restaurants
421387,Financial Services
421401,General Merchandise
421403,Automotive Retail
421405,Sports & Recreation
421418,Miscellaneous
421424,Home & Garden
421425,Specialty Food
421429,Automotive Retail
421438,Miscellaneous
421443,Miscellaneous
421448,Restaurants
421454,Restaurants
421496,Medical Offices
421513,Sports & Recreation
421514,Miscellaneous
421519,Restaurants
421520,Miscellaneous
421532,Restaurants
421551,Restaurants
421565,Restaurants
421581,Fast Food
421590,Miscellaneous
421604,Specialty Food
421605,Miscellaneous
421608,Miscellaneous
421630,Specialty Retail
421641,Arts & Entertainment
421643,Health & Beauty
421664,Miscellaneous
421699,Miscellaneous
421713,Bars & Nightlife
421723,Home & Garden
421742,Miscellaneous
421744,Miscellaneous
421745,Automotive Retail
421746,Miscellaneous
421747,Miscellaneous
421751,Miscellaneous
421757,Miscellaneous
421767,Miscellaneous
421778,Miscellaneous
421780,Miscellaneous
421790,Restaurants
421820,Coffee & Tea
421824,Restaurants
421837,Restaurants
421843,Specialty Retail
421851,Miscellaneous
421875,Restaurants
421887,Miscellaneous
421889,Home & Garden
421893,Restaurants
421897,Restaurants
421912,Restaurants
421933,Restaurants
421986,General Merchandise
421988,Miscellaneous
422003,Hotels & Motels
422032,Miscellaneous
422068,Telecommunications
422071,Medical Offices
422080,Medical Offices
422088,Real Estate
422098,Clothing & Apparel
422106,Miscellaneous
422121,Miscellaneous
422136,Restaurants
422170,Telecommunications
422171,Medical Offices
422176,Medical Offices
422183,Restaurants
422188,Miscellaneous
422190,Coffee & Tea
422219,Fitness & Recreation
422240,Restaurants
422273,Miscellaneous
422295,Bakery & Desserts
422307,Mental Health
422326,Miscellaneous
422331,Miscellaneous
422332,Clothing & Apparel
422343,Miscellaneous
422352,Miscellaneous
422364,Construction & Contractors
422374,Clothing & Apparel
422379,Miscellaneous
422396,Financial Services
422398,Miscellaneous
422401,Real Estate
422411,Miscellaneous
422412,Miscellaneous
422420,Restaurants
422430,Fitness & Recreation
422456,Miscellaneous
422467,Miscellaneous
422469,Plumbing & HVAC
422484,Restaurants
422498,Construction & Contractors
422503,Real Estate
422523,Miscellaneous
422530,Bars & Nightlife
422557,Real Estate
422561,Restaurants
422564,Bars & Nightlife
422588,Health & Beauty
422618,Telecommunications
422624,Restaurants
422630,Specialized Healthcare
422636,Restaurants
422665,Fitness & Recreation
422679,Miscellaneous
422740,Miscellaneous
422750,Financial Services
422811,Restaurants
422814,Repair & Maintenance
422817,Health & Beauty
422844,Miscellaneous
422854,Miscellaneous
422899,Health & Beauty
422906,Health & Beauty
422912,Fitness & Recreation
422964,Restaurants
422969,Restaurants
422991,Car Wash & Detailing
422993,Specialized Healthcare
423001,Health & Beauty
423011,Restaurants
423015,Miscellaneous
423031,Miscellaneous
423034,Financial Services
423035,Miscellaneous
423038,Miscellaneous
423070,Miscellaneous
423072,Arts & Entertainment
423080,Medical Offices
423090,Telecommunications
423099,Restaurants
423145,Real Estate
423147,Coffee & Tea
423148,Bars & Nightlife
423167,Fitness & Recreation
423176,Restaurants
423178,Bars & Nightlife
423188,Restaurants
423191,Bakery & Desserts
423207,Miscellaneous
423224,Medical Offices
423233,Schools
423239,Medical Offices
423240,Medical Offices
423278,Restaurants
423282,Miscellaneous
423288,Miscellaneous
423293,Miscellaneous
423304,Travel Services
423317,Fast Food
423331,Health & Beauty
423332,Financial Services
423349,Restaurants
423360,Coffee & Tea
423368,Coffee & Tea
423374,Bars & Nightlife
423402,Medical Offices
423449,Miscellaneous
423464,Restaurants
423487,Miscellaneous
423523,Bars & Nightlife
423559,Clothing & Apparel
423590,Miscellaneous
423610,Health & Beauty
423624,Miscellaneous
423643,Miscellaneous
423648,Health & Beauty
423653,Health & Beauty
423671,Miscellaneous
423675,Business Services
423677,Miscellaneous
423697,Miscellaneous
423723,Fitness & Recreation
423757,Miscellaneous
423770,Restaurants
423771,Bakery & Desserts
423780,Miscellaneous
423782,Restaurants
423795,Bakery & Desserts
423799,Miscellaneous
423812,Repair & Maintenance
423827,Restaurants
423842,Miscellaneous
423848,Hotels & Motels
423858,Miscellaneous
423859,Medical Offices
423860,Miscellaneous
423871,Specialty Food
423879,Restaurants
423881,Miscellaneous
423884,Pet Services
423890,Specialty Food
423909,Miscellaneous
423910,Restaurants
423921,Miscellaneous
423934,Medical Offices
423935,Miscellaneous
423938,Miscellaneous
423962,Restaurants
423970,Automotive Retail
423977,Specialty Retail
423981,Restaurants
423983,Miscellaneous
423992,Restaurants
423999,Miscellaneous
424022,Miscellaneous
424042,Miscellaneous
424055,Specialty Food
424060,Restaurants
424061,Restaurants
424065,Repair & Maintenance
424086,Miscellaneous
424112,Repair & Maintenance
424122,Health & Beauty
424133,Restaurants
424144,Miscellaneous
424148,Restaurants
424188,Financial Services
424197,Miscellaneous
424198,Miscellaneous
424203,Specialty Retail
424204,Legal Services
424206,Miscellaneous
424209,Miscellaneous
424228,Miscellaneous
424229,Miscellaneous
424233,Miscellaneous
424234,Cleaning Services
424251,Restaurants
424266,Miscellaneous
424275,Events & Venues
424321,Bars & Nightlife
424324,Restaurants
424335,Construction & Contractors
424336,Construction & Contractors
424342,Construction & Contractors
424352,Fitness & Recreation
424363,Fitness & Recreation
424384,Schools
424400,Coffee & Tea
424403,Miscellaneous
424414,Financial Services
424420,Miscellaneous
424430,Miscellaneous
424433,Miscellaneous
424434,Repair & Maintenance
424439,Miscellaneous
424445,Medical Offices
424453,Miscellaneous
424461,Miscellaneous
424476,Sports & Recreation
424502,Miscellaneous
424507,Miscellaneous
424508,Miscellaneous
424532,Medical Offices
424544,Restaurants
424558,Miscellaneous
424582,Home & Garden
424583,Health & Beauty
424588,Miscellaneous
424600,Specialized Healthcare
424627,Restaurants
424639,Miscellaneous
424666,Miscellaneous
424689,Miscellaneous
424701,Miscellaneous
424711,Miscellaneous
424714,Clothing & Apparel
424717,Miscellaneous
424732,Clothing & Apparel
424754,Restaurants
424756,Miscellaneous
424761,Events & Venues
424766,Coffee & Tea
424773,Miscellaneous
424774,Miscellaneous
424793,Sports & Recreation
424824,Schools
424827,Miscellaneous
424835,Miscellaneous
424843,Telecommunications
424852,Consulting
424895,Miscellaneous
424901,Miscellaneous
424913,Business Services
424919,Miscellaneous
424946,Coffee & Tea
424948,Construction & Contractors
424959,Medical Offices
424989,Real Estate
424996,Financial Services
425003,Telecommunications
425009,Fitness & Recreation
425011,Miscellaneous
425013,Miscellaneous
425020,Miscellaneous
425042,Arts & Entertainment
425046,Medical Offices
425054,Medical Offices
425065,Construction & Contractors
425081,Miscellaneous
425093,Cleaning Services
425115,Miscellaneous
425136,Medical Offices
425151,Miscellaneous
425153,Restaurants
425176,Electrical
425186,Miscellaneous
425191,Miscellaneous
425220,Miscellaneous
425231,Miscellaneous
425237,Miscellaneous
425240,Miscellaneous
425241,Bakery & Desserts
425274,Coffee & Tea
425281,Miscellaneous
425303,Financial Services
425340,Automotive Retail
425342,Miscellaneous
425356,Health & Beauty
425364,Financial Services
425367,Miscellaneous
425373,Miscellaneous
425374,Miscellaneous
425419,Miscellaneous
425433,Miscellaneous
425444,Hotels & Motels
425448,Miscellaneous
425452,Miscellaneous
425463,Specialty Food
425489,Miscellaneous
425493,Restaurants
425505,Real Estate
425527,Medical Offices
425571,Miscellaneous
425581,Bars & Nightlife
425585,Medical Offices
425591,Miscellaneous
425605,Miscellaneous
425624,Telecommunications
425642,Clothing & Apparel
425649,Miscellaneous
425660,Miscellaneous
425666,Miscellaneous
425691,Miscellaneous
425700,Miscellaneous
425726,Miscellaneous
425727,Health & Beauty
425750,Miscellaneous
425791,Miscellaneous
425813,Miscellaneous
425819,Miscellaneous
425821,Miscellaneous
425830,Specialized Healthcare
425838,Financial Services
425839,Restaurants
425870,Health & Beauty
425873,Miscellaneous
425880,Restaurants
425893,Miscellaneous
425904,Pharmacy
425912,Miscellaneous
425919,Miscellaneous
425960,Specialty Food
425969,Miscellaneous
425971,Miscellaneous
426011,Health & Beauty
426012,Specialty Food
426035,Real Estate
426039,Miscellaneous
426041,Miscellaneous
426043,Miscellaneous
426049,Automotive Retail
426054,Fitness & Recreation
426058,Medical Offices
426064,Miscellaneous
426066,Fitness & Recreation
426092,Miscellaneous
426096,Miscellaneous
426098,Miscellaneous
426105,Miscellaneous
426107,Miscellaneous
426113,Miscellaneous
426133,Miscellaneous
426138,Financial Services
426149,Miscellaneous
426150,IT Services
426156,Miscellaneous
426165,Restaurants
426168,Miscellaneous
426174,Medical Offices
426184,Coffee & Tea
426192,Medical Offices
426201,Miscellaneous
426215,Health & Beauty
426219,Miscellaneous
426262,Cleaning Services
426269,Health & Beauty
426270,Miscellaneous
426283,Pharmacy
426284,Restaurants
426298,Miscellaneous
426304,Clothing & Apparel
426311,Repair & Maintenance
426328,Bars & Nightlife
426337,Electrical
426339,Clothing & Apparel
426364,Miscellaneous
426370,Miscellaneous
426384,Bars & Nightlife
426392,Financial Services
426401,Miscellaneous
426402,Specialty Food
426405,Specialty Retail
426417,Miscellaneous
426419,Mental Health
426452,Consulting
426464,Miscellaneous
426480,Financial Services
426482,Miscellaneous
426491,Cleaning Services
426510,Health & Beauty
426512,Health & Beauty
426517,Health & Beauty
426518,Miscellaneous
426544,Medical Offices
426573,Miscellaneous
426578,Health & Beauty
426581,Medical Offices
426587,Miscellaneous
426600,Restaurants
426606,Miscellaneous
426615,Miscellaneous
426627,Schools
426634,Events & Venues
426666,Bars & Nightlife
426674,Bakery & Desserts
426703,Restaurants
426705,Miscellaneous
426720,Medical Offices
426721,Miscellaneous
426726,Miscellaneous
426737,Legal Services
426757,Repair & Maintenance
426761,Fast Food
426776,Sports & Recreation
426783,Miscellaneous
426794,Restaurants
426827,Miscellaneous
426834,Hotels & Motels
426893,Miscellaneous
426904,Miscellaneous
426908,Miscellaneous
426909,Fitness & Recreation
426923,Financial Services
426963,Fitness & Recreation
426966,Miscellaneous
426976,Miscellaneous
426983,Telecommunications
426990,Legal Services
427016,Miscellaneous
427049,Miscellaneous
427050,Miscellaneous
427089,Miscellaneous
427106,Bars & Nightlife
427108,Miscellaneous
427121,Bars & Nightlife
427127,Specialty Food
427143,Schools
427165,Miscellaneous
427169,Specialized Healthcare
427187,Miscellaneous
427209,Miscellaneous
427240,Miscellaneous
427246,Fitness & Recreation
427265,Financial Services
427280,Car Wash & Detailing
427281,Sports & Recreation
427297,Restaurants
427320,Miscellaneous
427351,Miscellaneous
427356,Home & Garden
427373,Repair & Maintenance
427380,Miscellaneous
427381,Miscellaneous
427383,Automotive Retail
427423,Miscellaneous
427425,Financial Services
427430,Medical Offices
427432,Miscellaneous
427435,IT Services
427442,Miscellaneous
427447,Medical Offices
427449,Telecommunications
427458,Miscellaneous
427462,Miscellaneous
427498,Miscellaneous
427571,Miscellaneous
427578,Sports & Recreation
427582,Restaurants
427587,Miscellaneous
427593,Miscellaneous
427600,Real Estate
427618,Miscellaneous
427621,Miscellaneous
427636,Bars & Nightlife
427637,Restaurants
427640,Miscellaneous
427654,Miscellaneous
427696,Miscellaneous
427702,Miscellaneous
427709,Fast Food
427719,Fitness & Recreation
427720,Clothing & Apparel
427722,Miscellaneous
427727,Restaurants
427770,Restaurants
427775,Miscellaneous
427778,Miscellaneous
427782,Fitness & Recreation
427798,Miscellaneous
427800,Restaurants
427802,Miscellaneous
427807,Restaurants
427816,Miscellaneous
427836,Miscellaneous
427865,Repair & Maintenance
427887,Miscellaneous
427892,Arts & Entertainment
427899,Restaurants
427921,Miscellaneous
427924,Repair & Maintenance
427925,Coffee & Tea
427942,Fast Food
427955,Home & Garden
427962,Restaurants
427964,Dry Cleaning & Laundry
427967,Miscellaneous
427979,Automotive Retail
428009,Miscellaneous
428010,Car Wash & Detailing
428011,Miscellaneous
428018,Miscellaneous
428039,Specialty Food
428040,Miscellaneous
428046,Telecommunications
428048,Miscellaneous
428053,Miscellaneous
428072,Hotels & Motels
428112,Medical Offices
428120,Restaurants
428142,Miscellaneous
428159,Tutoring
428176,Miscellaneous
428187,Sports & Recreation
428211,Real Estate
428232,Medical Offices
428233,Health & Beauty
428241,Miscellaneous
428249,Miscellaneous
428260,Miscellaneous
428261,Miscellaneous
428281,Health & Beauty
428305,Health & Beauty
428312,Fast Food
428313,Restaurants
428315,Financial Services
428330,Health & Beauty
428341,Miscellaneous
428362,Restaurants
428391,Medical Offices
428398,Sports & Recreation
428412,Pet Services
428471,Miscellaneous
428490,Miscellaneous
428496,Bars & Nightlife
428531,Sports & Recreation
428537,Fitness & Recreation
428557,Restaurants
428565,Specialty Retail
428571,Miscellaneous
428580,Miscellaneous
428582,Construction & Contractors
428584,Automotive Retail
428588,Miscellaneous
428601,Financial Services
428604,Miscellaneous
428619,Health & Beauty
428621,Miscellaneous
428622,Miscellaneous
428625,Miscellaneous
428630,Restaurants
428634,Telecommunications
428642,Repair & Maintenance
428649,Miscellaneous
428665,Restaurants
428687,Consulting
428692,Towing & Roadside
428694,Miscellaneous
428709,Miscellaneous
428715,Miscellaneous
428733,Restaurants
428736,Miscellaneous
428783,Financial Services
428789,Fitness & Recreation
428826,Miscellaneous
428859,Real Estate
428864,Consulting
428892,Miscellaneous
428897,Health & Beauty
428906,Bars & Nightlife
428927,Miscellaneous
428934,Fitness & Recreation
428939,Restaurants
428940,Financial Services
428942,Fast Food
428977,Miscellaneous
428996,Medical Offices
429020,Miscellaneous
429023,Miscellaneous
429039,Restaurants
429053,Restaurants
429056,Miscellaneous
429068,Miscellaneous
429079,Towing & Roadside
429085,Miscellaneous
429092,Clothing & Apparel
429103,Restaurants
429108,Restaurants
429109,Clothing & Apparel
429119,Restaurants
429124,Health & Beauty
429129,Miscellaneous
429133,Clothing & Apparel
429134,Miscellaneous
429148,Restaurants
429151,Miscellaneous
429162,Financial Services
429179,Bars & Nightlife
429223,Electrical
429229,Restaurants
429237,Miscellaneous
429313,Miscellaneous
429318,Financial Services
429335,Miscellaneous
429336,Bakery & Desserts
429344,Miscellaneous
429354,Restaurants
429364,Miscellaneous
429387,Restaurants
429394,Miscellaneous
429423,Miscellaneous
429426,Fitness & Recreation
429435,Miscellaneous
429463,Miscellaneous
429476,Miscellaneous
429483,Bakery & Desserts
429485,Miscellaneous
429492,Miscellaneous
429494,Restaurants
429503,Restaurants
429544,Miscellaneous
429564,Miscellaneous
429586,Miscellaneous
429606,Financial Services
429613,Restaurants
429644,Restaurants
429675,Miscellaneous
429685,Miscellaneous
429706,Schools
429724,Miscellaneous
429738,Pet Services
429743,Miscellaneous
429770,Miscellaneous
429777,Telecommunications
429779,Miscellaneous
429784,Fast Food
429790,Fitness & Recreation
429808,IT Services
429812,Restaurants
429860,Bars & Nightlife
429876,Consulting
429877,Restaurants
429878,Restaurants
429906,Miscellaneous
429927,Miscellaneous
429930,Miscellaneous
429931,Specialty Retail
429944,Medical Offices
429948,Legal Services
429957,Restaurants
429965,Miscellaneous
429991,Miscellaneous
429996,Miscellaneous
430007,Miscellaneous
430027,Miscellaneous
430029,Miscellaneous
430046,Miscellaneous
430047,Miscellaneous
430048,Financial Services
430063,Restaurants
430074,Restaurants
430088,Automotive Retail
430112,Miscellaneous
430113,Pet Services
430114,Miscellaneous
430122,Plumbing & HVAC
430123,Business Services
430127,Health & Beauty
430128,Miscellaneous
430140,Bars & Nightlife
430150,Miscellaneous
430154,Restaurants
430173,Real Estate
430199,Bakery & Desserts
430200,Miscellaneous
430202,Clothing & Apparel
430217,Miscellaneous
430220,Miscellaneous
430230,Coffee & Tea
430238,Health & Beauty
430240,Miscellaneous
430242,Miscellaneous
430245,Health & Beauty
430256,Restaurants
430263,Miscellaneous
430271,Bars & Nightlife
430290,Miscellaneous
430340,Miscellaneous
430361,Miscellaneous
430378,Miscellaneous
430385,Restaurants
430397,Miscellaneous
430437,Automotive Retail
430459,Miscellaneous
430460,Restaurants
430466,Specialty Food
430478,Restaurants
430480,Health & Beauty
430496,Home & Garden
430514,Medical Offices
430529,Miscellaneous
430546,Miscellaneous
430575,Miscellaneous
430580,Restaurants
430585,Medical Offices
430634,Repair & Maintenance
430638,Schools
430646,Business Services
430655,Miscellaneous
430660,Coffee & Tea
430661,Medical Offices
430667,Miscellaneous
430679,Miscellaneous
430732,Clothing & Apparel
430748,Fast Food
430754,Miscellaneous
430760,Repair & Maintenance
430763,Miscellaneous
430774,Miscellaneous
430793,Restaurants
430822,Miscellaneous
430833,Bars & Nightlife
430856,Repair & Maintenance
430860,Clothing & Apparel
430874,Miscellaneous
430882,Miscellaneous
430883,Fast Food
430884,Restaurants
430885,Electrical
430896,Miscellaneous
430906,Bars & Nightlife
430912,Miscellaneous
430933,Miscellaneous
430953,Miscellaneous
430965,Miscellaneous
430982,Miscellaneous
431046,Miscellaneous
431082,Miscellaneous
431140,Miscellaneous
431168,Miscellaneous
431170,Health & Beauty
431174,Miscellaneous
431179,Miscellaneous
431181,Travel Services
431191,Health & Beauty
431196,Miscellaneous
431198,Hotels & Motels
431217,Coffee & Tea
431219,Miscellaneous
431226,Miscellaneous
431233,Car Wash & Detailing
431251,Miscellaneous
431275,Restaurants
431276,General Merchandise
431290,Miscellaneous
431301,Bars & Nightlife
431314,Miscellaneous
431318,Miscellaneous
431329,Miscellaneous
431337,Restaurants
431344,Restaurants
431350,Electrical
431360,Miscellaneous
431365,Restaurants
431451,Miscellaneous
431458,Miscellaneous
431483,Restaurants
431495,Miscellaneous
431522,Miscellaneous
431535,Towing & Roadside
431536,General Merchandise
431547,Miscellaneous
431551,Miscellaneous
431565,Miscellaneous
431566,Real Estate
431568,Miscellaneous
431603,Fitness & Recreation
431621,Hotels & Motels
431644,Fast Food
431649,Health & Beauty
431666,Bars & Nightlife
431668,Medical Offices
431690,General Merchandise
431693,Miscellaneous
431699,Sports & Recreation
431721,Bars & Nightlife
431737,Miscellaneous
431747,Health & Beauty
431748,Car Wash & Detailing
431749,Events & Venues
431752,Restaurants
431753,Miscellaneous
431763,Miscellaneous
431768,Restaurants
431791,Miscellaneous
431814,Fitness & Recreation
431815,Miscellaneous
431823,Miscellaneous
431833,Miscellaneous
431841,Bars & Nightlife
431843,Bars & Nightlife
431857,Bakery & Desserts
431859,Miscellaneous
431864,Restaurants
431875,Bakery & Desserts
431897,Health & Beauty
431909,Miscellaneous
431918,Miscellaneous
431938,Real Estate
431945,Miscellaneous
431973,Restaurants
431978,Real Estate
431987,Restaurants
432010,Restaurants
432036,Miscellaneous
432043,Medical Offices
432048,Restaurants
432049,Restaurants
432056,Restaurants
432069,Miscellaneous
432073,Restaurants
432087,Real Estate
432099,Bars & Nightlife
432100,Miscellaneous
432103,Miscellaneous
432110,Miscellaneous
432128,Miscellaneous
432136,Telecommunications
432173,Miscellaneous
432178,Specialty Food
432189,Miscellaneous
432231,Miscellaneous
432263,Coffee & Tea
432272,Restaurants
432278,Coffee & Tea
432288,Miscellaneous
432298,Restaurants
432304,Miscellaneous
432320,Restaurants
432322,Miscellaneous
432337,Miscellaneous
432344,Clothing & Apparel
432346,Pet Services
432347,Restaurants
432349,Miscellaneous
432385,Miscellaneous
432406,Miscellaneous
432417,Coffee & Tea
432428,Miscellaneous
432473,Specialty Food
432522,Restaurants
432523,Real Estate
432529,Repair & Maintenance
432540,Miscellaneous
432545,Financial Services
432546,Miscellaneous
432574,Miscellaneous
432631,Bars & Nightlife
432649,Health & Beauty
432653,Coffee & Tea
432664,Schools
432670,Bakery & Desserts
432681,Bars & Nightlife
432693,Sports & Recreation
432697,Medical Offices
432698,Financial Services
432718,Bakery & Desserts
432724,Miscellaneous
432730,Miscellaneous
432746,Miscellaneous
432749,Specialty Food
432761,Restaurants
432778,Miscellaneous
432800,Restaurants
432804,Restaurants
432805,Schools
432806,Miscellaneous
432819,Business Services
432825,Health & Beauty
432853,Fast Food
432889,Miscellaneous
432898,Miscellaneous
432908,Clothing & Apparel
432915,Miscellaneous
432921,Miscellaneous
432923,Restaurants
432940,Miscellaneous
432954,Medical Offices
432960,Restaurants
432988,Health & Beauty
433002,Miscellaneous
433029,Miscellaneous
433109,Coffee & Tea
433110,Specialty Food
433128,Restaurants
433138,Restaurants
433149,Miscellaneous
433155,Miscellaneous
433165,Miscellaneous
433183,Miscellaneous
433184,Health & Beauty
433201,Miscellaneous
433220,Restaurants
433233,Miscellaneous
433234,Miscellaneous
433243,Miscellaneous
433253,Miscellaneous
433282,Fast Food
433285,Fitness & Recreation
433312,Miscellaneous
433313,Repair & Maintenance
433320,Miscellaneous
433328,Coffee & Tea
433331,Automotive Retail
433338,Restaurants
433343,Miscellaneous
433352,Miscellaneous
433361,Miscellaneous
433369,Restaurants
433388,Restaurants
433420,Bars & Nightlife
433467,Fitness & Recreation
433503,Restaurants
433517,Restaurants
433525,Health & Beauty
433531,Health & Beauty
433547,Specialty Food
433549,Clothing & Apparel
433558,Miscellaneous
433590,Restaurants
433608,Medical Offices
433616,Miscellaneous
433639,Restaurants
433643,Real Estate
433667,Miscellaneous
433679,Restaurants
433681,Restaurants
433691,Real Estate
433695,Miscellaneous
433698,Miscellaneous
433718,Restaurants
433732,Health & Beauty
433753,Restaurants
433759,Miscellaneous
433776,Miscellaneous
433802,Health & Beauty
433803,Arts & Entertainment
433811,Coffee & Tea
433877,Home & Garden
433904,Telecommunications
433954,Business Services
433963,Miscellaneous
433969,Restaurants
433981,Repair & Maintenance
434002,Repair & Maintenance
434010,Miscellaneous
434021,Restaurants
434024,Miscellaneous
434034,Bars & Nightlife
434051,Miscellaneous
434055,Restaurants
434056,Restaurants
434110,Restaurants
434117,Miscellaneous
434131,Coffee & Tea
434165,Bakery & Desserts
434175,Restaurants
434176,Miscellaneous
434185,Miscellaneous
434189,Coffee & Tea
434197,Coffee & Tea
434210,Miscellaneous
434213,Car Wash & Detailing
434216,Miscellaneous
434232,Fitness & Recreation
434234,Health & Beauty
434267,Fitness & Recreation
434272,Restaurants
434274,Restaurants
434275,Clothing & Apparel
434276,Miscellaneous
434294,Automotive Retail
434318,Restaurants
434319,Restaurants
434339,Miscellaneous
434355,Bakery & Desserts
434365,Restaurants
434390,Arts & Entertainment
434408,Restaurants
434419,Restaurants
434468,Bars & Nightlife
434487,Miscellaneous
434504,Specialty Food
434509,Miscellaneous
434512,Repair & Maintenance
434528,Miscellaneous
434531,Bakery & Desserts
434537,Bakery & Desserts
434543,Repair & Maintenance
434544,Miscellaneous
434545,Bars & Nightlife
434556,Health & Beauty
434568,Miscellaneous
434570,Miscellaneous
434571,Fast Food
434577,Miscellaneous
434580,Home & Garden
434624,Miscellaneous
434646,Miscellaneous
434648,Clothing & Apparel
434657,Sports & Recreation
434658,Coffee & Tea
434661,Miscellaneous
434676,Restaurants
434725,Restaurants
434729,Miscellaneous
434776,Automotive Retail
434790,Restaurants
434812,Miscellaneous
434824,Bars & Nightlife
434837,Fast Food
434850,Miscellaneous
434867,Home & Garden
434883,Coffee & Tea
434885,Miscellaneous
434892,Miscellaneous
434896,Miscellaneous
434904,Real Estate
434910,Restaurants
434921,Health & Beauty
434937,Fitness & Recreation
434948,Sports & Recreation
434949,Miscellaneous
434952,Specialized Healthcare
435005,Health & Beauty
435031,Restaurants
435040,Coffee & Tea
435072,Bars & Nightlife
435080,Health & Beauty
435097,Restaurants
435120,Sports & Recreation
435132,Coffee & Tea
435136,Restaurants
435141,Miscellaneous
435154,Miscellaneous
435166,Towing & Roadside
435168,Legal Services
435172,Fast Food
435200,Coffee & Tea
435210,Miscellaneous
435216,Restaurants
435224,Repair & Maintenance
435226,Restaurants
435228,Financial Services
435229,Health & Beauty
435259,Sports & Recreation
435260,Health & Beauty
435279,Bars & Nightlife
435284,Miscellaneous
435290,Repair & Maintenance
435293,Miscellaneous
435298,Restaurants
435308,Miscellaneous
435311,Health & Beauty
435315,Miscellaneous
435335,Miscellaneous
435340,Miscellaneous
435345,Fast Food
435361,Bars & Nightlife
435374,Clothing & Apparel
435376,Miscellaneous
435387,Miscellaneous
435393,Fast Food
435416,Repair & Maintenance
435426,Restaurants
435434,Bars & Nightlife
435453,Miscellaneous
435454,Medical Offices
435485,Miscellaneous
435502,Plumbing & HVAC
435504,Miscellaneous
435508,Car Wash & Detailing
435580,Bakery & Desserts
435582,Travel Services
435597,Restaurants
435606,Miscellaneous
435611,Real Estate
435628,Miscellaneous
435635,Fast Food
435636,Miscellaneous
435665,Miscellaneous
435682,Restaurants
435687,Coffee & Tea
435695,Restaurants
435697,Real Estate
435723,Bars & Nightlife
435725,Coffee & Tea
435743,Arts & Entertainment
435755,Hotels & Motels
435775,Miscellaneous
435776,Health & Beauty
435783,Coffee & Tea
435791,Health & Beauty
435793,Bars & Nightlife
435794,Specialized Healthcare
435813,Restaurants
435816,Repair & Maintenance
435818,General Merchandise
435820,Travel Services
435823,Bars & Nightlife
435830,Miscellaneous
435850,Miscellaneous
435851,Miscellaneous
435853,Restaurants
435860,Repair & Maintenance
435898,Miscellaneous
435915,Miscellaneous
435924,Miscellaneous
435969,Specialty Retail
435982,Miscellaneous
436009,Miscellaneous
436022,Health & Beauty
436025,Automotive Retail
436032,Restaurants
436043,Repair & Maintenance
436067,Miscellaneous
436080,Miscellaneous
436089,Restaurants
436093,Bars & Nightlife
436098,Specialty Food
436111,Specialty Food
436112,Miscellaneous
436125,Health & Beauty
436134,Miscellaneous
436136,Miscellaneous
436157,Miscellaneous
436179,Health & Beauty
436216,Restaurants
436238,Medical Offices
436259,Miscellaneous
436263,Miscellaneous
436311,Miscellaneous
436323,Coffee & Tea
436336,Electrical
436361,Schools
436365,Health & Beauty
436368,Miscellaneous
436371,Pet Services
436386,Specialty Food
436391,Bars & Nightlife
436406,Miscellaneous
436409,Miscellaneous
436434,Bars & Nightlife
436435,Automotive Retail
436436,Miscellaneous
436440,Miscellaneous
436444,Restaurants
436452,Health & Beauty
436456,Events & Venues
436475,Bakery & Desserts
436484,Bakery & Desserts
436524,Miscellaneous
436529,Coffee & Tea
436538,Restaurants
436559,Specialty Food
436579,Miscellaneous
436584,Miscellaneous
436611,Restaurants
436620,Travel Services
436621,Restaurants
436638,Restaurants
436667,Miscellaneous
436668,Miscellaneous
436680,Telecommunications
436704,Miscellaneous
436709,Miscellaneous
436710,Restaurants
436718,General Merchandise
436719,General Merchandise
436723,Hotels & Motels
436730,Schools
436784,Restaurants
436799,Telecommunications
436810,Miscellaneous
436811,Miscellaneous
436817,Miscellaneous
436818,Miscellaneous
436826,Miscellaneous
436834,Specialty Food
436868,Specialty Food
436870,Miscellaneous
436876,Bakery & Desserts
436950,Miscellaneous
436964,Miscellaneous
436988,Miscellaneous
436995,Restaurants
436996,Restaurants
437017,Health & Beauty
437018,Bars & Nightlife
437022,Coffee & Tea
437027,Home & Garden
437040,Medical Offices
437041,Restaurants
437047,Sports & Recreation
437056,Sports & Recreation
437063,Health & Beauty
437067,Electrical
437077,Miscellaneous
437080,Specialty Food
437090,Bars & Nightlife
437099,Miscellaneous
437101,Restaurants
437103,Medical Offices
437105,Restaurants
437145,Restaurants
437161,Specialty Food
437175,Restaurants
437187,Dry Cleaning & Laundry
437199,Miscellaneous
437207,Automotive Retail
437233,Miscellaneous
437263,General Merchandise
437267,Miscellaneous
437277,Miscellaneous
437283,Miscellaneous
437330,Clothing & Apparel
437347,Bakery & Desserts
437368,Miscellaneous
437407,Miscellaneous
437408,Miscellaneous
437432,Miscellaneous
437467,Miscellaneous
437493,Health & Beauty
437509,Health & Beauty
437535,Sports & Recreation
437540,Restaurants
437555,Miscellaneous
437560,Restaurants
437572,Coffee & Tea
437599,Bakery & Desserts
437606,Restaurants
437622,Restaurants
437625,Coffee & Tea
437629,Miscellaneous
437631,Miscellaneous
437632,Miscellaneous
437640,Miscellaneous
437642,Bars & Nightlife
437643,Miscellaneous
437646,Miscellaneous
437654,Miscellaneous
437657,Health & Beauty
437695,Specialty Food
437718,Bakery & Desserts
437725,Hotels & Motels
437743,Pet Services
437744,Clothing & Apparel
437747,Miscellaneous
437750,Repair & Maintenance
437770,Fast Food
437815,Miscellaneous
437831,Clothing & Apparel
437840,Bars & Nightlife
437847,Miscellaneous
437860,Real Estate
437876,Miscellaneous
437881,Miscellaneous
437904,Miscellaneous
437910,Miscellaneous
437915,Miscellaneous
437917,Car Wash & Detailing
437927,Bars & Nightlife
437943,Miscellaneous
437956,Hotels & Motels
437982,Repair & Maintenance
437991,Specialty Retail
438014,Restaurants
438021,Restaurants
438036,Financial Services
438051,Restaurants
438067,Miscellaneous
438096,Financial Services
438108,General Merchandise
438113,Restaurants
438136,Restaurants
438182,Specialty Food
438187,Miscellaneous
438213,Restaurants
438214,Bakery & Desserts
438220,Restaurants
438221,Miscellaneous
438227,Specialty Food
438246,Home & Garden
438247,Miscellaneous
438248,Travel Services
438260,Bakery & Desserts
438281,Miscellaneous
438285,Restaurants
438286,Car Wash & Detailing
438287,Health & Beauty
438309,Restaurants
438310,Miscellaneous
438312,Restaurants
438337,Health & Beauty
438338,Miscellaneous
438342,Restaurants
438362,Miscellaneous
438404,Miscellaneous
438409,Restaurants
438410,Specialty Food
438418,Miscellaneous
438419,Fast Food
438433,Miscellaneous
438439,Coffee & Tea
438444,Miscellaneous
438476,Miscellaneous
438480,Miscellaneous
438500,Specialty Food
438530,Restaurants
438535,Miscellaneous
438595,Miscellaneous
438608,Miscellaneous
438613,Miscellaneous
438644,Miscellaneous
438658,Miscellaneous
438675,Health & Beauty
438677,Miscellaneous
438702,Miscellaneous
438706,Restaurants
438720,Miscellaneous
438733,Restaurants
438734,Miscellaneous
438740,Health & Beauty
438749,Health & Beauty
438761,Restaurants
438764,Miscellaneous
438765,Health & Beauty
438803,Miscellaneous
438807,Miscellaneous
438819,Arts & Entertainment
438821,Medical Offices
438848,Events & Venues
438850,Restaurants
438851,Restaurants
438852,Bakery & Desserts
438868,Miscellaneous
438876,Consulting
438885,Miscellaneous
438893,Clothing & Apparel
438895,Miscellaneous
438900,Telecommunications
438913,Financial Services
438919,Miscellaneous
438924,Miscellaneous
438927,Restaurants
438930,Bakery & Desserts
438932,Restaurants
438935,Hotels & Motels
438936,Miscellaneous
438970,Miscellaneous
439009,Miscellaneous
439025,Bakery & Desserts
439027,Miscellaneous
439037,Miscellaneous
439082,Fitness & Recreation
439094,Miscellaneous
439113,Miscellaneous
439129,Schools
439132,Miscellaneous
439137,Miscellaneous
439142,Specialty Food
439166,Miscellaneous
439174,Health & Beauty
439182,Miscellaneous
439194,Legal Services
439196,Financial Services
439205,Construction & Contractors
439211,Car Wash & Detailing
439232,Miscellaneous
439253,Miscellaneous
439260,Restaurants
439270,Miscellaneous
439271,Medical Offices
439273,Bars & Nightlife
439277,Miscellaneous
439295,Miscellaneous
439305,Financial Services
439324,Miscellaneous
439368,Bakery & Desserts
439373,Restaurants
439391,Fast Food
439403,Miscellaneous
439413,Restaurants
439415,Miscellaneous
439416,Miscellaneous
439420,Financial Services
439422,Miscellaneous
439437,Restaurants
439459,Miscellaneous
439474,Miscellaneous
439502,Restaurants
439537,Specialized Healthcare
439540,Automotive Retail
439554,Miscellaneous
439581,Miscellaneous
439586,Miscellaneous
439596,Hotels & Motels
439610,Miscellaneous
439636,Coffee & Tea
439639,Miscellaneous
439642,Miscellaneous
439654,Legal Services
439662,Bars & Nightlife
439664,Miscellaneous
439665,Miscellaneous
439667,Miscellaneous
439681,Legal Services
439690,Miscellaneous
439703,Miscellaneous
439705,Health & Beauty
439728,Restaurants
439735,Miscellaneous
439746,Restaurants
439780,Miscellaneous
439785,Medical Offices
439807,Hotels & Motels
439822,Clothing & Apparel
439836,Coffee & Tea
439850,Sports & Recreation
439880,Financial Services
439883,Miscellaneous
439894,Plumbing & HVAC
439909,IT Services
439948,Real Estate
439957,Miscellaneous
439963,Health & Beauty
440016,Miscellaneous
440032,Specialty Food
440071,Miscellaneous
440107,Miscellaneous
440121,Miscellaneous
440157,Miscellaneous
440169,Pet Services
440176,Miscellaneous
440198,Miscellaneous
440204,Miscellaneous
440224,Miscellaneous
440245,Legal Services
440251,Miscellaneous
440255,Specialized Healthcare
440256,Repair & Maintenance
440277,Miscellaneous
440291,Coffee & Tea
440300,IT Services
440326,Miscellaneous
440327,Miscellaneous
440333,Miscellaneous
440334,Miscellaneous
440342,Miscellaneous
440353,Miscellaneous
440365,Miscellaneous
440366,Financial Services
440375,Construction & Contractors
440402,Miscellaneous
440406,Miscellaneous
440409,Restaurants
440420,Arts & Entertainment
440456,Miscellaneous
440459,Construction & Contractors
440460,Miscellaneous
440465,Miscellaneous
440478,Restaurants
440502,Business Services
440523,Miscellaneous
440526,Miscellaneous
440556,Health & Beauty
440582,Miscellaneous
440601,Health & Beauty
440612,Dry Cleaning & Laundry
440644,Restaurants
440645,Restaurants
440649,Medical Offices
440659,Restaurants
440663,Restaurants
440665,Restaurants
440676,Coffee & Tea
440690,Specialty Retail
440706,Construction & Contractors
440729,Miscellaneous
440750,Miscellaneous
440769,Repair & Maintenance
440773,Miscellaneous
440785,Health & Beauty
440796,Specialty Food
440805,Miscellaneous
440841,Hotels & Motels
440843,Construction & Contractors
440861,Specialty Food
440873,Miscellaneous
440877,Miscellaneous
440879,Bakery & Desserts
440912,Dry Cleaning & Laundry
440917,Miscellaneous
440919,Automotive Retail
440931,Miscellaneous
440933,Restaurants
440943,Miscellaneous
440945,Construction & Contractors
440946,Miscellaneous
440949,Miscellaneous
440960,Miscellaneous
440963,Restaurants
440971,Consulting
440984,Legal Services
440991,Restaurants
440993,Miscellaneous
440994,Miscellaneous
440997,Miscellaneous
441005,Miscellaneous
441012,Miscellaneous
441021,Miscellaneous
441070,Miscellaneous
441073,Miscellaneous
441085,Real Estate
441092,Restaurants
441101,Health & Beauty
441139,Miscellaneous
441167,Pet Services
441175,Automotive Retail
441181,Restaurants
441210,Telecommunications
441255,Restaurants
441257,Bakery & Desserts
441267,Miscellaneous
441280,Construction & Contractors
441281,Clothing & Apparel
441286,Miscellaneous
441295,Miscellaneous
441318,Restaurants
441329,Miscellaneous
441337,Restaurants
441345,Specialized Healthcare
441364,Fast Food
441372,Bars & Nightlife
441374,Financial Services
441375,Pet Services
441413,Miscellaneous
441432,Restaurants
441440,Restaurants
441455,Miscellaneous
441463,Miscellaneous
441469,Events & Venues
441478,Clothing & Apparel
441520,Financial Services
441550,Miscellaneous
441598,Miscellaneous
441607,Medical Offices
441624,Restaurants
441645,Restaurants
441659,Automotive Retail
441671,Miscellaneous
441682,Schools
441687,Miscellaneous
441689,Miscellaneous
441694,Miscellaneous
441701,Miscellaneous
441707,Miscellaneous
441733,Miscellaneous
441760,Business Services
441764,Medical Offices
441803,Restaurants
441805,Car Wash & Detailing
441815,Miscellaneous
441826,Health & Beauty
441837,Miscellaneous
441841,Miscellaneous
441858,Miscellaneous
441868,Clothing & Apparel
441870,Miscellaneous
441871,Miscellaneous
441873,Miscellaneous
441886,Miscellaneous
441887,Medical Offices
441891,Miscellaneous
441907,Bars & Nightlife
441920,Medical Offices
441921,Miscellaneous
441942,Miscellaneous
441943,Miscellaneous
441953,Restaurants
441960,Miscellaneous
441987,Miscellaneous
441990,Health & Beauty
442002,Miscellaneous
442027,Legal Services
442043,Schools
442076,Miscellaneous
442078,Hotels & Motels
442082,Miscellaneous
442117,Miscellaneous
442149,Miscellaneous
442152,Health & Beauty
442188,Health & Beauty
442215,Dry Cleaning & Laundry
442225,Miscellaneous
442271,Miscellaneous
442303,Miscellaneous
442322,Miscellaneous
442346,Restaurants
442354,Restaurants
442355,Repair & Maintenance
442361,Miscellaneous
442371,Fitness & Recreation
442383,Specialty Retail
442392,Restaurants
442403,Telecommunications
442405,Restaurants
442426,Specialty Food
442441,Miscellaneous
442464,Miscellaneous
442474,Miscellaneous
442494,Bars & Nightlife
442496,Restaurants
442501,Miscellaneous
442518,Fast Food
442548,Automotive Retail
442568,Miscellaneous
442585,Miscellaneous
442596,Miscellaneous
442599,Miscellaneous
442606,Miscellaneous
442610,Miscellaneous
442611,Miscellaneous
442630,Schools
442634,Miscellaneous
442714,Legal Services
442724,Financial Services
442730,Repair & Maintenance
442747,Miscellaneous
442762,Miscellaneous
442771,Pet Services
442778,Repair & Maintenance
442781,Miscellaneous
442796,Medical Offices
442798,Miscellaneous
442803,Health & Beauty
442805,Miscellaneous
442825,Miscellaneous
442838,Miscellaneous
442866,Pharmacy
442887,Miscellaneous
442892,Miscellaneous
442900,Miscellaneous
442906,Pharmacy
442915,Miscellaneous
442930,Consulting
442933,Miscellaneous
442934,Miscellaneous
442940,Pharmacy
442948,Miscellaneous
443000,Pharmacy
443029,Restaurants
443033,Bars & Nightlife
443034,Miscellaneous
443041,Real Estate
443045,Arts & Entertainment
443049,Restaurants
443051,Miscellaneous
443053,Health & Beauty
443056,Miscellaneous
443080,Miscellaneous
443081,Miscellaneous
443082,Miscellaneous
443087,Miscellaneous
443095,Miscellaneous
443131,Miscellaneous
443132,Miscellaneous
443139,Telecommunications
443143,Restaurants
443175,Schools
443195,Miscellaneous
443198,Miscellaneous
443200,Health & Beauty
443211,Miscellaneous
443216,Legal Services
443250,Health & Beauty
443252,Miscellaneous
443256,Miscellaneous
443259,Restaurants
443283,Miscellaneous
443284,Restaurants
443285,Telecommunications
443323,Miscellaneous
443331,Miscellaneous
443350,Miscellaneous
443370,Miscellaneous
443371,Health & Beauty
443378,Automotive Retail
443389,Car Wash & Detailing
443398,Pet Services
443401,Bars & Nightlife
443402,Miscellaneous
443425,Real Estate
443430,Restaurants
443436,Restaurants
443442,Miscellaneous
443453,Miscellaneous
443501,Miscellaneous
443524,Miscellaneous
443540,Clothing & Apparel
443560,Medical Offices
443564,Medical Offices
443595,Clothing & Apparel
443614,Miscellaneous
443633,Miscellaneous
443638,Automotive Retail
443672,Medical Offices
443697,Miscellaneous
443708,Travel Services
443710,Miscellaneous
443724,Pharmacy
443730,Miscellaneous
443735,Bakery & Desserts
443740,Restaurants
443779,Miscellaneous
443787,Medical Offices
443800,Restaurants
443803,Bars & Nightlife
443805,Miscellaneous
443822,Miscellaneous
443917,Miscellaneous
443920,Miscellaneous
443923,Financial Services
443927,Clothing & Apparel
443935,Health & Beauty
443942,Legal Services
443996,Miscellaneous
444001,Restaurants
444013,Miscellaneous
444014,Repair & Maintenance
444083,Specialty Food
444098,Bars & Nightlife
444102,Financial Services
444119,Restaurants
444144,Miscellaneous
444147,Medical Offices
444159,Miscellaneous
444193,Health & Beauty
444214,Miscellaneous
444237,Telecommunications
444262,Restaurants
444275,Miscellaneous
444294,Construction & Contractors
444348,Financial Services
444353,Construction & Contractors
444368,Clothing & Apparel
444377,Real Estate
444438,Miscellaneous
444441,Restaurants
444453,Travel Services
444454,Miscellaneous
444456,Miscellaneous
444459,Miscellaneous
444460,Miscellaneous
444465,Restaurants
444488,Schools
444494,Miscellaneous
444509,Miscellaneous
444513,Miscellaneous
444525,Restaurants
444536,Miscellaneous
444541,Miscellaneous
444571,Telecommunications
444580,Miscellaneous
444594,Medical Offices
444595,Miscellaneous
444603,Miscellaneous
444604,Repair & Maintenance
444616,Specialty Food
444627,Restaurants
444629,Miscellaneous
444645,Miscellaneous
444656,Construction & Contractors
444715,Medical Offices
444732,Construction & Contractors
444740,Repair & Maintenance
444741,Miscellaneous
444781,Restaurants
444789,Miscellaneous
444798,Medical Offices
444813,Legal Services
444814,Specialized Healthcare
444825,Restaurants
444831,Fitness & Recreation
444835,Restaurants
444843,Coffee & Tea
444878,Clothing & Apparel
444898,Miscellaneous
444925,Bars & Nightlife
444935,Miscellaneous
444944,Miscellaneous
444955,Restaurants
444958,Specialty Food
444959,Miscellaneous
444965,Specialized Healthcare
444982,Miscellaneous
445004,Restaurants
445025,Bars & Nightlife
445054,Pet Services
445059,Miscellaneous
445064,Telecommunications
445109,Health & Beauty
445110,Coffee & Tea
445118,Construction & Contractors
445132,Miscellaneous
445160,Repair & Maintenance
445168,Miscellaneous
445170,Bars & Nightlife
445175,Miscellaneous
445179,Financial Services
445187,Miscellaneous
445215,Bars & Nightlife
445227,Miscellaneous
445231,Health & Beauty
445243,Health & Beauty
445250,Miscellaneous
445274,Pet Services
445275,Specialized Healthcare
445276,Miscellaneous
445288,Plumbing & HVAC
445297,Financial Services
445300,Restaurants
445301,Miscellaneous
445309,Miscellaneous
445323,Bars & Nightlife
445328,Medical Offices
445344,Miscellaneous
445348,Coffee & Tea
445353,Miscellaneous
445355,Miscellaneous
445389,Telecommunications
445392,Miscellaneous
445393,Construction & Contractors
445396,Bars & Nightlife
445400,Miscellaneous
445401,Miscellaneous
445402,Fitness & Recreation
445403,Medical Offices
445415,Miscellaneous
445416,Medical Offices
445421,Miscellaneous
445451,Restaurants
445452,Miscellaneous
445456,Legal Services
445459,Miscellaneous
445483,Fast Food
445489,Schools
445509,Restaurants
445513,Miscellaneous
445515,Bakery & Desserts
445516,Real Estate
445555,Miscellaneous
445566,Dry Cleaning & Laundry
445591,Miscellaneous
445594,Automotive Retail
445601,Health & Beauty
445651,Miscellaneous
445666,Miscellaneous
445693,Miscellaneous
445701,Health & Beauty
445719,Medical Offices
445724,Miscellaneous
445739,Construction & Contractors
445748,Health & Beauty
445761,Clothing & Apparel
445765,Specialized Healthcare
445766,Restaurants
445786,Restaurants
445808,Health & Beauty
445813,Restaurants
445817,Miscellaneous
445818,Miscellaneous
445819,Miscellaneous
445855,Bakery & Desserts
445875,Miscellaneous
445876,Miscellaneous
445948,Miscellaneous
445951,Real Estate
445978,Bars & Nightlife
445979,Bars & Nightlife
445992,Miscellaneous
446009,Restaurants
446023,Miscellaneous
446049,Coffee & Tea
446055,Coffee & Tea
446056,Repair & Maintenance
446064,Legal Services
446066,Repair & Maintenance
446078,Miscellaneous
446085,Miscellaneous
446090,Business Services
446091,Specialty Food
446093,Miscellaneous
446112,Miscellaneous
446129,Repair & Maintenance
446136,Miscellaneous
446138,Schools
446158,Miscellaneous
446160,Restaurants
446162,Miscellaneous
446176,Miscellaneous
446191,Miscellaneous
446208,Restaurants
446232,Restaurants
446257,Miscellaneous
446309,Specialty Food
446325,Miscellaneous
446332,Automotive Retail
446334,Health & Beauty
446354,Restaurants
446360,Restaurants
446377,Miscellaneous
446382,IT Services
446387,Restaurants
446393,Bakery & Desserts
446408,Real Estate
446412,Childcare
446413,Repair & Maintenance
446433,Health & Beauty
446442,Real Estate
446455,Miscellaneous
446480,Miscellaneous
446486,Miscellaneous
446494,Restaurants
446496,Coffee & Tea
446508,Miscellaneous
446519,Clothing & Apparel
446533,Repair & Maintenance
446557,Miscellaneous
446562,Miscellaneous
446567,Miscellaneous
446573,Bakery & Desserts
446575,Miscellaneous
446582,Sports & Recreation
446601,Miscellaneous
446602,Miscellaneous
446620,Financial Services
446631,Miscellaneous
446640,Medical Offices
446650,Restaurants
446658,Towing & Roadside
446671,Restaurants
446716,Restaurants
446723,Restaurants
446756,Miscellaneous
446763,Clothing & Apparel
446769,Clothing & Apparel
446773,Restaurants
446774,Miscellaneous
446775,Miscellaneous
446791,Health & Beauty
446793,Restaurants
446802,Bars & Nightlife
446830,Travel Services
446842,Automotive Retail
446843,Miscellaneous
446850,Miscellaneous
446859,Miscellaneous
446863,Restaurants
446865,Miscellaneous
446899,Restaurants
446900,Miscellaneous
446903,Miscellaneous
446907,Miscellaneous
446947,Miscellaneous
446979,Miscellaneous
447005,Restaurants
447013,Miscellaneous
447024,Miscellaneous
447042,Miscellaneous
447044,Coffee & Tea
447058,Miscellaneous
447064,Bars & Nightlife
447079,Miscellaneous
447100,Medical Offices
447103,Arts & Entertainment
447121,Miscellaneous
447123,Miscellaneous
447124,Miscellaneous
447150,Restaurants
447168,Miscellaneous
447186,Miscellaneous
447188,Clothing & Apparel
447195,Restaurants
447199,Fitness & Recreation
447216,Restaurants
447227,Restaurants
447228,Miscellaneous
447238,Bars & Nightlife
447248,Miscellaneous
447280,Miscellaneous
447284,Pet Services
447294,Miscellaneous
447296,Miscellaneous
447300,Miscellaneous
447318,Miscellaneous
447322,Miscellaneous
447335,Miscellaneous
447340,Miscellaneous
447346,Miscellaneous
447380,Miscellaneous
447394,Restaurants
447398,Specialty Retail
447405,Travel Services
447441,Bakery & Desserts
447447,Coffee & Tea
447469,Miscellaneous
447470,Miscellaneous
447506,Medical Offices
447516,Miscellaneous
447533,Miscellaneous
447538,Miscellaneous
447563,Clothing & Apparel
447571,Miscellaneous
447582,Bars & Nightlife
447584,Restaurants
447603,Miscellaneous
447653,Restaurants
447770,Miscellaneous
447771,Fitness & Recreation
447775,Schools
447783,Medical Offices
447802,Coffee & Tea
447803,Miscellaneous
447815,Bars & Nightlife
447819,Restaurants
447824,Sports & Recreation
447825,Miscellaneous
447826,Hotels & Motels
447846,Bakery & Desserts
447860,Restaurants
447861,Restaurants
447864,Specialty Retail
447865,Schools
447871,Miscellaneous
447890,Restaurants
447902,Miscellaneous
447915,Miscellaneous
447940,Restaurants
447943,Restaurants
447946,Fast Food
447953,Bars & Nightlife
447983,Miscellaneous
447988,Telecommunications
447999,Plumbing & HVAC
448034,Restaurants
448046,Bars & Nightlife
448052,Restaurants
448084,Restaurants
448129,Car Wash & Detailing
448135,Miscellaneous
448163,Miscellaneous
448182,Miscellaneous
448238,Pet Services
448248,Miscellaneous
448256,Repair & Maintenance
448281,Fast Food
448320,Miscellaneous
448323,Pet Services
448326,Miscellaneous
448331,Miscellaneous
448338,Health & Beauty
448339,Miscellaneous
448347,Restaurants
448356,Miscellaneous
448361,Fast Food
448377,Miscellaneous
448407,Miscellaneous
448408,Health & Beauty
448427,Miscellaneous
448428,Coffee & Tea
448433,Specialty Food
448435,Miscellaneous
448448,Legal Services
448455,Miscellaneous
448474,Miscellaneous
448490,Restaurants
448494,Miscellaneous
448496,Restaurants
448506,Pet Services
448518,Health & Beauty
448525,Specialty Food
448549,Health & Beauty
448556,Miscellaneous
448561,Restaurants
448575,Specialty Retail
448577,Bars & Nightlife
448589,Miscellaneous
448605,Hotels & Motels
448611,Restaurants
448626,Coffee & Tea
448630,Miscellaneous
448640,Bakery & Desserts
448642,General Merchandise
448643,Telecommunications
448647,Miscellaneous
448648,Miscellaneous
448653,Construction & Contractors
448656,Restaurants
448682,Financial Services
448705,Miscellaneous
448706,Miscellaneous
448752,Miscellaneous
448764,Health & Beauty
448774,Miscellaneous
448807,Restaurants
448824,Restaurants
448829,Miscellaneous
448832,Miscellaneous
448842,Restaurants
448857,Restaurants
448898,Fast Food
448916,Restaurants
448939,Miscellaneous
448964,Restaurants
448966,Automotive Retail
448973,Automotive Retail
448980,Restaurants
448983,Car Wash & Detailing
448988,Miscellaneous
448991,Telecommunications
448992,Restaurants
449007,Events & Venues
449017,Miscellaneous
449018,Miscellaneous
449060,Bars & Nightlife
449062,Miscellaneous
449067,Bars & Nightlife
449081,Miscellaneous
449100,Restaurants
449121,Miscellaneous
449133,Automotive Retail
449136,Repair & Maintenance
449141,Bars & Nightlife
449170,Pet Services
449184,Restaurants
449206,Restaurants
449220,Miscellaneous
449225,Health & Beauty
449226,Miscellaneous
449243,Fast Food
449251,Restaurants
449260,Health & Beauty
449261,Events & Venues
449267,Restaurants
449308,Automotive Retail
449326,Restaurants
449404,Miscellaneous
449410,Miscellaneous
449416,Health & Beauty
449419,Bars & Nightlife
449431,Miscellaneous
449432,Miscellaneous
449436,Medical Offices
449440,Restaurants
449449,Restaurants
449469,Restaurants
449476,Automotive Retail
449494,Miscellaneous
449503,Specialty Food
449510,Miscellaneous
449511,Clothing & Apparel
449513,Miscellaneous
449516,Miscellaneous
449518,Miscellaneous
449523,Restaurants
449533,Restaurants
449539,Restaurants
449545,Restaurants
449548,Fast Food
449550,Miscellaneous
449553,Coffee & Tea
449554,Restaurants
449569,Restaurants
449581,Health & Beauty
449588,Home & Garden
449634,Miscellaneous
449640,Miscellaneous
449663,Miscellaneous
449675,Bars & Nightlife
449710,Sports & Recreation
449736,Restaurants
449774,Clothing & Apparel
449777,Specialty Food
449789,Miscellaneous
449837,Miscellaneous
449847,Miscellaneous
449870,Miscellaneous
449876,Health & Beauty
449884,Restaurants
449889,Miscellaneous
449898,Miscellaneous
449904,Miscellaneous
449919,Financial Services
449920,Miscellaneous
449921,Fitness & Recreation
449931,Plumbing & HVAC
449932,Bakery & Desserts
449948,Miscellaneous
449949,Home & Garden
449950,Repair & Maintenance
449958,Fitness & Recreation
449962,Arts & Entertainment
449981,Miscellaneous
449984,Restaurants
449986,Arts & Entertainment
450002,Health & Beauty
450017,Restaurants
450020,Bakery & Desserts
450029,Restaurants
450038,Miscellaneous
450047,Pet Services
450048,Miscellaneous
450069,Restaurants
450072,Miscellaneous
450076,Restaurants
450094,Health & Beauty
450095,Miscellaneous
450097,Restaurants
450103,Specialized Healthcare
450106,Miscellaneous
450138,Miscellaneous
450164,Miscellaneous
450183,Medical Offices
450190,Car Wash & Detailing
450194,Miscellaneous
450195,Restaurants
450197,Specialty Food
450213,Miscellaneous
450224,Restaurants
450229,Pet Services
450242,Miscellaneous
450252,Coffee & Tea
450266,Miscellaneous
450268,Sports & Recreation
450270,Specialty Food
450282,Restaurants
450304,Miscellaneous
450307,Miscellaneous
450356,Miscellaneous
450359,Specialty Food
450360,Miscellaneous
450361,Restaurants
450373,Miscellaneous
450376,Health & Beauty
450406,Miscellaneous
450407,Miscellaneous
450411,Bars & Nightlife
450413,Miscellaneous
450417,Miscellaneous
450457,Specialty Food
450473,Miscellaneous
450483,Bars & Nightlife
450492,Specialty Food
450504,Restaurants
450509,Miscellaneous
450514,Miscellaneous
450526,Miscellaneous
450527,Miscellaneous
450551,Sports & Recreation
450569,Bars & Nightlife
450579,Restaurants
450581,Health & Beauty
450632,Miscellaneous
450659,Miscellaneous
450671,Bars & Nightlife
450680,Hotels & Motels
450693,Health & Beauty
450695,Financial Services
450712,Restaurants
450723,Miscellaneous
450730,Miscellaneous
450734,Miscellaneous
450745,Health & Beauty
450749,Miscellaneous
450792,Clothing & Apparel
450797,Coffee & Tea
450801,Automotive Retail
450854,Restaurants
450865,Miscellaneous
450875,Automotive Retail
450877,Miscellaneous
450896,Restaurants
450910,Health & Beauty
450927,Miscellaneous
450930,Miscellaneous
450933,Fast Food
450990,Coffee & Tea
450994,Miscellaneous
450997,Restaurants
450998,Bars & Nightlife
451003,Medical Offices
451037,Miscellaneous
451038,Real Estate
451044,Miscellaneous
451052,Alternative Lodging
451056,Restaurants
451067,Miscellaneous
451118,Restaurants
451164,Specialty Food
451165,Restaurants
451210,Sports & Recreation
451236,Specialty Retail
451243,Miscellaneous
451261,Miscellaneous
451263,Miscellaneous
451269,Miscellaneous
451289,Miscellaneous
451294,Miscellaneous
451299,Miscellaneous
451331,Miscellaneous
451351,Clothing & Apparel
451354,Miscellaneous
451378,Miscellaneous
451383,IT Services
451384,Clothing & Apparel
451385,Miscellaneous
451387,Towing & Roadside
451398,Miscellaneous
451400,Miscellaneous
451405,Events & Venues
451414,Miscellaneous
451452,Miscellaneous
451453,Restaurants
451459,Health & Beauty
451466,Repair & Maintenance
451473,Miscellaneous
451481,Miscellaneous
451482,Bars & Nightlife
451483,Miscellaneous
451530,Miscellaneous
451554,Events & Venues
451566,Health & Beauty
451608,Miscellaneous
451613,Miscellaneous
451617,Miscellaneous
451620,Clothing & Apparel
451623,Miscellaneous
451633,Miscellaneous
451646,Clothing & Apparel
451647,Bars & Nightlife
451660,Miscellaneous
451661,Specialty Food
451713,Miscellaneous
451747,Miscellaneous
451756,Restaurants
451784,Restaurants
451797,Bars & Nightlife
451798,Miscellaneous
451799,Miscellaneous
451808,Miscellaneous
451830,Miscellaneous
451837,Specialized Healthcare
451838,Miscellaneous
451845,Restaurants
451857,Clothing & Apparel
451863,Health & Beauty
451868,Bars & Nightlife
451903,Specialized Healthcare
451917,Miscellaneous
451919,Miscellaneous
451946,Clothing & Apparel
451947,Restaurants
451950,Telecommunications
451968,Automotive Retail
451977,Fast Food
451988,Car Wash & Detailing
452009,Miscellaneous
452015,Restaurants
452024,Miscellaneous
452058,Specialty Food
452082,Miscellaneous
452106,Miscellaneous
452111,Miscellaneous
452141,Restaurants
452174,Medical Offices
452178,Miscellaneous
452183,Schools
452196,Miscellaneous
452211,Miscellaneous
452234,Restaurants
452236,Specialized Healthcare
452266,Miscellaneous
452286,Health & Beauty
452292,Schools
452318,Clothing & Apparel
452339,General Merchandise
452384,Schools
452393,Schools
452397,Restaurants
452399,Restaurants
452403,Miscellaneous
452408,Medical Offices
452409,Restaurants
452413,Miscellaneous
452437,General Merchandise
452447,Restaurants
452491,Miscellaneous
452504,Clothing & Apparel
452518,Miscellaneous
452525,Home & Garden
452529,Restaurants
452533,Miscellaneous
452536,Miscellaneous
452560,Restaurants
452563,Miscellaneous
452564,Telecommunications
452581,Miscellaneous
452628,Fitness & Recreation
452640,Medical Offices
452645,Miscellaneous
452654,Specialized Healthcare
452666,Restaurants
452676,Fast Food
452678,Specialty Retail
452693,Restaurants
452701,Hotels & Motels
452707,Health & Beauty
452754,Miscellaneous
452756,Miscellaneous
452758,Miscellaneous
452776,Specialty Food
452778,Miscellaneous
452809,Restaurants
452828,Coffee & Tea
452835,Miscellaneous
452838,Miscellaneous
452850,Miscellaneous
452859,Miscellaneous
452860,Restaurants
452869,Restaurants
452874,Miscellaneous
452877,Restaurants
452879,Financial Services
452931,Sports & Recreation
452934,Restaurants
452950,Restaurants
452970,Miscellaneous
452977,Restaurants
452982,Restaurants
452995,Miscellaneous
452999,Restaurants
453000,Automotive Retail
453042,Specialty Food
453045,General Merchandise
453051,Bars & Nightlife
453061,Repair & Maintenance
453072,Specialty Retail
453074,Restaurants
453079,Specialty Food
453080,Specialty Food
453081,Repair & Maintenance
453131,Restaurants
453143,Miscellaneous
453160,Miscellaneous
453168,Miscellaneous
453178,Health & Beauty
453190,Fast Food
453210,Miscellaneous
453211,Restaurants
453212,Restaurants
453219,Miscellaneous
453224,Miscellaneous
453249,Specialty Food
453320,Pet Services
453327,Bars & Nightlife
453418,Miscellaneous
453419,Miscellaneous
453425,Clothing & Apparel
453435,Miscellaneous
453452,Miscellaneous
453466,Miscellaneous
453503,Car Wash & Detailing
453510,Arts & Entertainment
453520,Restaurants
453553,Miscellaneous
453557,Bakery & Desserts
453585,Automotive Retail
453595,Miscellaneous
453609,Miscellaneous
453620,Specialty Food
453621,Sports & Recreation
453631,Restaurants
453647,Miscellaneous
453649,Repair & Maintenance
453650,Restaurants
453653,Miscellaneous
453680,Miscellaneous
453691,Miscellaneous
453698,Miscellaneous
453753,Fitness & Recreation
453767,Health & Beauty
453807,Miscellaneous
453808,Financial Services
453809,Sports & Recreation
453812,Health & Beauty
453816,Miscellaneous
453822,Automotive Retail
453823,IT Services
453837,Miscellaneous
453839,Financial Services
453855,Miscellaneous
453858,Miscellaneous
453860,Miscellaneous
453861,Bars & Nightlife
453863,Bars & Nightlife
453869,Travel Services
453901,Clothing & Apparel
453902,Specialty Food
453909,Miscellaneous
453917,Health & Beauty
453918,Coffee & Tea
453936,Restaurants
453940,Medical Offices
453945,Miscellaneous
453983,Miscellaneous
453999,Miscellaneous
454000,Miscellaneous
454029,Miscellaneous
454047,Miscellaneous
454048,Specialty Food
454049,Specialty Food
454050,Restaurants
454089,Miscellaneous
454141,Health & Beauty
454142,Miscellaneous
454154,Restaurants
454176,Specialty Food
454203,Consulting
454206,Miscellaneous
454218,Coffee & Tea
454244,Telecommunications
454269,Miscellaneous
454280,Miscellaneous
454337,Medical Offices
454341,Miscellaneous
454354,Fitness & Recreation
454365,Restaurants
454372,Bars & Nightlife
454373,Fast Food
454390,Travel Services
454405,Specialized Healthcare
454455,Miscellaneous
454468,Miscellaneous
454469,Bars & Nightlife
454472,Miscellaneous
454473,Fitness & Recreation
454514,Miscellaneous
454517,Health & Beauty
454520,Clothing & Apparel
454533,Clothing & Apparel
454536,Restaurants
454558,Restaurants
454567,Restaurants
454595,Miscellaneous
454599,Restaurants
454600,Fast Food
454602,Specialty Food
454603,Miscellaneous
454610,Restaurants
454625,Health & Beauty
454637,Dry Cleaning & Laundry
454638,Miscellaneous
454639,Coffee & Tea
454641,Restaurants
454653,Automotive Retail
454666,Miscellaneous
454705,Restaurants
454754,Miscellaneous
454770,Construction & Contractors
454786,Miscellaneous
454796,Specialty Food
454832,Bakery & Desserts
454856,Bars & Nightlife
454864,Restaurants
454867,Fast Food
454870,Miscellaneous
454873,Bars & Nightlife
454874,Restaurants
454875,Clothing & Apparel
454924,Miscellaneous
454938,Specialty Retail
454947,Miscellaneous
454948,Medical Offices
454967,Health & Beauty
454980,Miscellaneous
454985,Restaurants
454987,Miscellaneous
455016,Clothing & Apparel
455030,Clothing & Apparel
455047,Clothing & Apparel
455049,Automotive Retail
455076,Specialty Food
455078,Specialty Food
455080,Miscellaneous
455081,Plumbing & HVAC
455118,Fast Food
455122,Coffee & Tea
455123,Restaurants
455147,Restaurants
455148,Restaurants
455149,Specialty Food
455150,Bars & Nightlife
455154,Miscellaneous
455162,Restaurants
455163,Restaurants
455167,Miscellaneous
455168,Miscellaneous
455176,Landscaping
455188,Miscellaneous
455193,Miscellaneous
455202,Miscellaneous
455229,Miscellaneous
455250,Coffee & Tea
455290,Restaurants
455312,Miscellaneous
455336,Hotels & Motels
455378,Miscellaneous
455397,Arts & Entertainment
455426,Restaurants
455431,Miscellaneous
455444,Health & Beauty
455445,Real Estate
455446,Arts & Entertainment
455449,Hotels & Motels
455453,Bars & Nightlife
455454,Miscellaneous
455455,Hotels & Motels
455458,Miscellaneous
455475,Bakery & Desserts
455503,Health & Beauty
455538,Miscellaneous
455539,Bars & Nightlife
455556,Financial Services
455571,Miscellaneous
455588,Fitness & Recreation
455593,Clothing & Apparel
455608,Sports & Recreation
455613,Bakery & Desserts
455615,Miscellaneous
455645,Miscellaneous
455655,Telecommunications
455662,IT Services
455680,Miscellaneous
455684,Fast Food
455689,Miscellaneous
455695,Miscellaneous
455698,Arts & Entertainment
455729,Coffee & Tea
455732,Miscellaneous
455740,Restaurants
455757,Restaurants
455771,Miscellaneous
455772,Miscellaneous
455773,Miscellaneous
455801,Miscellaneous
455808,Restaurants
455822,General Merchandise
455823,Miscellaneous
455834,Specialty Food
455838,Fast Food
455885,Miscellaneous
455887,Bakery & Desserts
455889,Restaurants
455890,Miscellaneous
455898,Arts & Entertainment
455956,Miscellaneous
455958,Health & Beauty
455959,Telecommunications
455985,Coffee & Tea
455988,Specialty Food
456011,Miscellaneous
456050,Health & Beauty
456054,Telecommunications
456061,Real Estate
456076,Specialty Food
456131,Miscellaneous
456144,Miscellaneous
456157,Miscellaneous
456180,Miscellaneous
456182,Restaurants
456184,Miscellaneous
456188,Miscellaneous
456211,Restaurants
456226,Schools
456230,Miscellaneous
456251,Fitness & Recreation
456255,Restaurants
456267,Bakery & Desserts
456271,Restaurants
456284,Arts & Entertainment
456295,Home & Garden
456298,Legal Services
456318,Miscellaneous
456325,Restaurants
456337,IT Services
456382,Health & Beauty
456395,Landscaping
456405,Legal Services
456406,Arts & Entertainment
456413,Miscellaneous
456432,Legal Services
456470,Miscellaneous
456474,Miscellaneous
456477,Miscellaneous
456511,Miscellaneous
456532,Construction & Contractors
456535,Childcare
456544,Specialty Food
456562,Construction & Contractors
456563,Miscellaneous
456573,Miscellaneous
456577,Restaurants
456589,Miscellaneous
456625,Miscellaneous
456626,Miscellaneous
456632,Plumbing & HVAC
456641,Miscellaneous
456642,Miscellaneous
456666,Miscellaneous
456678,Financial Services
456683,Health & Beauty
456687,Miscellaneous
456721,Real Estate
456736,Health & Beauty
456763,Medical Offices
456766,Electrical
456803,Restaurants
456810,Miscellaneous
456827,Miscellaneous
456854,Miscellaneous
456863,Repair & Maintenance
456873,Miscellaneous
456895,Medical Offices
456905,Miscellaneous
456906,Childcare
456928,Specialty Food
456938,Miscellaneous
456944,Miscellaneous
456948,Telecommunications
456956,Coffee & Tea
456957,Coffee & Tea
456984,Automotive Retail
456990,Miscellaneous
457006,Telecommunications
457018,Repair & Maintenance
457024,Medical Offices
457033,Health & Beauty
457055,Schools
457058,Miscellaneous
457066,Health & Beauty
457091,Restaurants
457097,Miscellaneous
457100,Miscellaneous
457101,Hotels & Motels
457110,Miscellaneous
457115,Restaurants
457118,Restaurants
457119,Miscellaneous
457131,Miscellaneous
457148,Miscellaneous
457191,Miscellaneous
457252,Dry Cleaning & Laundry
457261,Health & Beauty
457273,Medical Offices
457284,Miscellaneous
457304,Miscellaneous
457315,Miscellaneous
457317,Bars & Nightlife
457326,Repair & Maintenance
457333,Health & Beauty
457347,Fast Food
457358,Fitness & Recreation
457366,IT Services
457381,Health & Beauty
457395,Construction & Contractors
457397,Pharmacy
457433,Bars & Nightlife
457440,Financial Services
457454,Clothing & Apparel
457455,Miscellaneous
457457,Miscellaneous
457459,Miscellaneous
457461,Miscellaneous
457469,Restaurants
457492,Miscellaneous
457496,Miscellaneous
457498,Telecommunications
457509,Miscellaneous
457538,Repair & Maintenance
457545,Automotive Retail
457552,Miscellaneous
457558,Miscellaneous
457564,Miscellaneous
457576,Miscellaneous
457584,Restaurants
457585,Restaurants
457587,Miscellaneous
457599,Health & Beauty
457621,Health & Beauty
457626,Medical Offices
457639,Automotive Retail
457646,Sports & Recreation
457665,Miscellaneous
457674,Miscellaneous
457675,Plumbing & HVAC
457676,Miscellaneous
457689,Miscellaneous
457695,Miscellaneous
457708,Miscellaneous
457711,Miscellaneous
457743,Miscellaneous
457756,Fitness & Recreation
457757,Miscellaneous
457761,Miscellaneous
457780,Miscellaneous
457787,Miscellaneous
457815,Bars & Nightlife
457833,Miscellaneous
457860,Specialty Food
457876,Restaurants
457879,Miscellaneous
457883,Schools
457920,Health & Beauty
457922,Towing & Roadside
457927,Restaurants
457933,Schools
457949,Miscellaneous
457954,Bakery & Desserts
457972,Miscellaneous
458001,Restaurants
458002,Restaurants
458004,Hotels & Motels
458009,Restaurants
458038,Miscellaneous
458041,Miscellaneous
458084,Miscellaneous
458106,Coffee & Tea
458109,Construction & Contractors
458127,Miscellaneous
458135,Repair & Maintenance
458138,Miscellaneous
458141,Restaurants
458146,Restaurants
458201,Restaurants
458205,Miscellaneous
458211,Health & Beauty
458216,Health & Beauty
458231,Health & Beauty
458239,Miscellaneous
458246,Real Estate
458251,Miscellaneous
458269,Miscellaneous
458279,Miscellaneous
458328,Miscellaneous
458336,Miscellaneous
458339,Miscellaneous
458349,Restaurants
458360,Bakery & Desserts
458403,Miscellaneous
458405,Telecommunications
458410,Restaurants
458417,Clothing & Apparel
458418,Repair & Maintenance
458442,Miscellaneous
458446,Medical Offices
458456,Miscellaneous
458463,Miscellaneous
458468,Sports & Recreation
458480,Restaurants
458519,Miscellaneous
458534,Miscellaneous
458537,Miscellaneous
458538,Miscellaneous
458542,Miscellaneous
458585,Repair & Maintenance
458604,Miscellaneous
458613,Miscellaneous
458630,Arts & Entertainment
458636,Miscellaneous
458641,Landscaping
458658,Business Services
458663,Miscellaneous
458664,Miscellaneous
458685,Restaurants
458699,Financial Services
458700,Miscellaneous
458701,Miscellaneous
458706,Miscellaneous
458714,Repair & Maintenance
458728,Miscellaneous
458740,Bars & Nightlife
458755,Miscellaneous
458761,Restaurants
458773,Restaurants
458776,Fast Food
458777,Clothing & Apparel
458780,Miscellaneous
458784,Miscellaneous
458800,Miscellaneous
458806,Restaurants
458810,Restaurants
458816,Miscellaneous
458818,Restaurants
458839,Miscellaneous
458849,Telecommunications
458853,Bars & Nightlife
458863,Restaurants
458871,Miscellaneous
458878,Miscellaneous
458881,Schools
458882,Miscellaneous
458902,Plumbing & HVAC
458927,Construction & Contractors
458932,Miscellaneous
459004,Miscellaneous
459011,Pet Services
459021,Miscellaneous
459039,Pharmacy
459051,Restaurants
459071,Miscellaneous
459090,Miscellaneous
459111,Consulting
459114,Miscellaneous
459115,Miscellaneous
459122,Restaurants
459127,Consulting
459134,Miscellaneous
459145,Dry Cleaning & Laundry
459154,Miscellaneous
459162,Specialty Retail
459219,Miscellaneous
459230,Miscellaneous
459231,Restaurants
459293,Financial Services
459307,Clothing & Apparel
459323,Health & Beauty
459330,Pet Services
459345,Miscellaneous
459383,Construction & Contractors
459393,Miscellaneous
459401,Miscellaneous
459405,Telecommunications
459409,Medical Offices
459413,Fitness & Recreation
459421,Business Services
459433,Health & Beauty
459472,Business Services
459515,Specialty Retail
459523,General Merchandise
459524,Pet Services
459533,Bakery & Desserts
459534,Pharmacy
459537,Bars & Nightlife
459548,Miscellaneous
459564,Miscellaneous
459584,Miscellaneous
459592,Clothing & Apparel
459602,Medical Offices
459610,Miscellaneous
459630,Restaurants
459631,Bakery & Desserts
459701,Clothing & Apparel
459708,Miscellaneous
459734,Miscellaneous
459735,Miscellaneous
459740,Bakery & Desserts
459758,Financial Services
459759,Miscellaneous
459761,Repair & Maintenance
459763,Miscellaneous
459784,Miscellaneous
459793,Miscellaneous
459814,Clothing & Apparel
459824,Childcare
459830,Repair & Maintenance
459831,Miscellaneous
459832,Restaurants
459880,Miscellaneous
459886,Miscellaneous
459890,Miscellaneous
459897,Events & Venues
459914,Miscellaneous
459942,Miscellaneous
459943,Repair & Maintenance
459944,Health & Beauty
459990,Health & Beauty
460004,Hotels & Motels
460007,Miscellaneous
460033,Miscellaneous
460080,Cleaning Services
460087,Miscellaneous
460097,Miscellaneous
460120,General Merchandise
460125,Restaurants
460143,Home & Garden
460148,Miscellaneous
460149,Miscellaneous
460151,Specialty Retail
460154,Miscellaneous
460158,Miscellaneous
460262,Coffee & Tea
460267,Bakery & Desserts
460271,Miscellaneous
460277,Miscellaneous
460278,Miscellaneous
460310,Repair & Maintenance
460317,Miscellaneous
460336,General Merchandise
460346,Clothing & Apparel
460358,Automotive Retail
460378,Medical Offices
460387,Pet Services
460391,Restaurants
460428,Medical Offices
460436,Miscellaneous
460450,Miscellaneous
460457,Miscellaneous
460459,Miscellaneous
460488,Financial Services
460506,Restaurants
460513,Miscellaneous
460538,Health & Beauty
460549,Miscellaneous
460574,Fitness & Recreation
460575,Miscellaneous
460576,Real Estate
460590,Specialty Food
460596,Miscellaneous
460597,Bakery & Desserts
460598,Miscellaneous
460604,Specialty Retail
460639,Financial Services
460641,Miscellaneous
460644,Health & Beauty
460662,Coffee & Tea
460679,Restaurants
460687,Miscellaneous
460691,Financial Services
460696,Miscellaneous
460698,Miscellaneous
460709,Miscellaneous
460730,Health & Beauty
460754,Medical Offices
460758,Miscellaneous
460778,Restaurants
460781,Miscellaneous
460794,Towing & Roadside
460816,Health & Beauty
460839,Repair & Maintenance
460853,Miscellaneous
460865,Miscellaneous
460873,Health & Beauty
460875,Bars & Nightlife
460899,Health & Beauty
460919,Miscellaneous
460927,Miscellaneous
460946,Miscellaneous
460958,Consulting
460973,Specialty Food
460976,Health & Beauty
460979,Restaurants
461018,Arts & Entertainment
461043,Miscellaneous
461063,Restaurants
461078,Specialty Food
461079,Miscellaneous
461115,Real Estate
461130,Restaurants
461152,Hotels & Motels
461156,Restaurants
461166,Miscellaneous
461169,Hotels & Motels
461171,Miscellaneous
461172,Miscellaneous
461223,Miscellaneous
461235,Miscellaneous
461271,Miscellaneous
461289,Restaurants
461290,Miscellaneous
461294,Fitness & Recreation
461295,Miscellaneous
461296,Miscellaneous
461312,Dry Cleaning & Laundry
461331,Miscellaneous
461340,Restaurants
461357,Miscellaneous
461378,Miscellaneous
461385,Restaurants
461397,Health & Beauty
461404,Health & Beauty
461410,Miscellaneous
461460,Health & Beauty
461464,Financial Services
461467,Clothing & Apparel
461470,Miscellaneous
461502,Hotels & Motels
461508,Miscellaneous
461511,Restaurants
461525,Miscellaneous
461533,Miscellaneous
461546,Medical Offices
461551,Bars & Nightlife
461564,Health & Beauty
461570,Coffee & Tea
461598,Financial Services
461600,Miscellaneous
461601,Restaurants
461608,Business Services
461620,Health & Beauty
461625,Miscellaneous
461647,Restaurants
461653,Cleaning Services
461658,Miscellaneous
461666,Telecommunications
461670,Restaurants
461677,Automotive Retail
461679,Miscellaneous
461692,Health & Beauty
461700,Schools
461721,Miscellaneous
461728,Miscellaneous
461784,Miscellaneous
461793,Real Estate
461806,Miscellaneous
461809,Automotive Retail
461815,Miscellaneous
461828,Miscellaneous
461851,Miscellaneous
461883,Fitness & Recreation
461916,Miscellaneous
461917,Miscellaneous
461918,Automotive Retail
461922,Miscellaneous
461928,Health & Beauty
461931,Medical Offices
461934,Miscellaneous
461937,Construction & Contractors
461947,Miscellaneous
461966,Miscellaneous
461972,Medical Offices
461977,Miscellaneous
461994,Hotels & Motels
462017,Restaurants
462018,Pharmacy
462029,Restaurants
462072,Miscellaneous
462097,Miscellaneous
462107,Miscellaneous
462126,Specialized Healthcare
462136,Miscellaneous
462156,Repair & Maintenance
462177,Health & Beauty
462183,General Merchandise
462185,Clothing & Apparel
462193,Specialty Retail
462206,Miscellaneous
462218,Miscellaneous
462253,Miscellaneous
462274,Health & Beauty
462282,Miscellaneous
462283,Miscellaneous
462293,Restaurants
462331,Restaurants
462335,Restaurants
462337,Miscellaneous
462373,Medical Offices
462417,Miscellaneous
462427,Restaurants
462431,Specialty Food
462435,Miscellaneous
462441,Restaurants
462512,Arts & Entertainment
462523,Miscellaneous
462550,Home & Garden
462568,Fast Food
462571,Restaurants
462597,Restaurants
462605,Repair & Maintenance
462618,Restaurants
462619,Miscellaneous
462662,Automotive Retail
462664,Health & Beauty
462683,Miscellaneous
462733,Fitness & Recreation
462751,Miscellaneous
462752,Sports & Recreation
462764,Miscellaneous
462775,Coffee & Tea
462784,Miscellaneous
462813,Hotels & Motels
462817,Miscellaneous
462818,Cleaning Services
462826,Miscellaneous
462845,Financial Services
462855,Miscellaneous
462871,Repair & Maintenance
462884,Home & Garden
462891,Pet Services
462936,Miscellaneous
462945,Miscellaneous
462947,Specialty Food
462957,Miscellaneous
462972,Miscellaneous
462989,Health & Beauty
462990,Restaurants
463049,Business Services
463068,Restaurants
463072,Coffee & Tea
463077,Financial Services
463105,Miscellaneous
463109,Miscellaneous
463115,Schools
463118,Miscellaneous
463130,Medical Offices
463132,Clothing & Apparel
463133,Restaurants
463134,Restaurants
463142,Miscellaneous
463156,Restaurants
463172,Schools
463174,Miscellaneous
463191,Restaurants
463202,Health & Beauty
463211,Towing & Roadside
463212,Towing & Roadside
463216,Miscellaneous
463226,Miscellaneous
463240,Repair & Maintenance
463256,Miscellaneous
463259,Telecommunications
463261,Miscellaneous
463285,Miscellaneous
463315,Miscellaneous
463350,Restaurants
463355,Medical Offices
463359,Miscellaneous
463361,Miscellaneous
463362,Miscellaneous
463372,Bars & Nightlife
463378,Miscellaneous
463398,Miscellaneous
463399,Miscellaneous
463405,Miscellaneous
463430,Hotels & Motels
463431,Miscellaneous
463435,Miscellaneous
463445,Bars & Nightlife
463446,Arts & Entertainment
463451,Towing & Roadside
463454,Miscellaneous
463461,Automotive Retail
463468,Miscellaneous
463524,Health & Beauty
463531,Fitness & Recreation
463534,Miscellaneous
463537,Specialty Retail
463538,Health & Beauty
463541,Miscellaneous
463547,Miscellaneous
463550,Miscellaneous
463552,Real Estate
463564,Home & Garden
463569,Restaurants
463573,Miscellaneous
463576,Miscellaneous
463588,Miscellaneous
463610,Miscellaneous
463612,Health & Beauty
463625,Miscellaneous
463638,Bakery & Desserts
463651,Restaurants
463657,Financial Services
463658,Miscellaneous
463661,Construction & Contractors
463711,Miscellaneous
463712,Construction & Contractors
463778,Health & Beauty
463781,General Merchandise
463801,Legal Services
463803,Restaurants
463816,Real Estate
463843,Miscellaneous
463845,IT Services
463848,Sports & Recreation
463853,Bars & Nightlife
463860,Restaurants
463950,Restaurants
463958,Home & Garden
463977,Miscellaneous
463982,Pet Services
463991,Restaurants
463993,Financial Services
464025,Miscellaneous
464041,Miscellaneous
464054,Health & Beauty
464062,IT Services
464071,Miscellaneous
464081,Automotive Retail
464088,Bakery & Desserts
464091,Miscellaneous
464096,Health & Beauty
464127,Real Estate
464152,Restaurants
464160,Clothing & Apparel
464164,Miscellaneous
464190,Restaurants
464239,Real Estate
464246,Automotive Retail
464257,Restaurants
464283,General Merchandise
464284,Bars & Nightlife
464285,Miscellaneous
464358,Miscellaneous
464378,Automotive Retail
464385,Bars & Nightlife
464394,Health & Beauty
464409,Miscellaneous
464433,Restaurants
464434,General Merchandise
464438,Car Wash & Detailing
464453,Arts & Entertainment
464465,Restaurants
464467,Bakery & Desserts
464481,Repair & Maintenance
464498,Hotels & Motels
464511,Telecommunications
464512,Coffee & Tea
464529,Miscellaneous
464535,Fitness & Recreation
464541,Specialty Food
464545,Miscellaneous
464548,Business Services
464570,Fast Food
464623,Bakery & Desserts
464646,Specialty Retail
464677,Consulting
464678,Miscellaneous
464736,Repair & Maintenance
464741,Miscellaneous
464748,Miscellaneous
464749,Sports & Recreation
464753,Fast Food
464786,Coffee & Tea
464816,Automotive Retail
464835,Miscellaneous
464836,Miscellaneous
464851,Miscellaneous
464901,Restaurants
464910,Restaurants
464934,Miscellaneous
464945,Telecommunications
464946,Miscellaneous
465019,Telecommunications
465035,Bars & Nightlife
465045,Miscellaneous
465087,Restaurants
465096,Miscellaneous
465099,Specialized Healthcare
465126,Miscellaneous
465137,Health & Beauty
465138,Health & Beauty
465144,Dry Cleaning & Laundry
465150,Telecommunications
465162,Miscellaneous
465172,Miscellaneous
465186,Medical Offices
465213,Restaurants
465215,Restaurants
465226,Miscellaneous
465234,Restaurants
465237,General Merchandise
465276,Financial Services
465279,Coffee & Tea
465283,Medical Offices
465289,Miscellaneous
465293,Repair & Maintenance
465328,Arts & Entertainment
465334,Pharmacy
465361,Fitness & Recreation
465365,Coffee & Tea
465366,Miscellaneous
465368,Miscellaneous
465369,Health & Beauty
465383,Telecommunications
465391,Restaurants
465392,Health & Beauty
465444,Restaurants
465487,Miscellaneous
465488,Miscellaneous
465497,Bars & Nightlife
465533,Arts & Entertainment
465541,Miscellaneous
465555,Miscellaneous
465557,Miscellaneous
465584,Automotive Retail
465596,Health & Beauty
465597,Miscellaneous
465604,Miscellaneous
465613,Miscellaneous
465675,Restaurants
465690,Clothing & Apparel
465691,Clothing & Apparel
465703,Miscellaneous
465759,Medical Offices
465761,Miscellaneous
465765,Miscellaneous
465780,Restaurants
465785,Coffee & Tea
465802,Miscellaneous
465816,Events & Venues
465839,Restaurants
465855,Miscellaneous
465866,Bars & Nightlife
465869,Repair & Maintenance
465870,Restaurants
465877,Miscellaneous
465888,Fast Food
465889,Miscellaneous
465896,Miscellaneous
465902,Health & Beauty
465910,Miscellaneous
465928,Medical Offices
465937,Restaurants
465970,Repair & Maintenance
465993,Arts & Entertainment
466008,Health & Beauty
466027,Miscellaneous
466032,Schools
466036,Miscellaneous
466037,Legal Services
466040,Bars & Nightlife
466049,Coffee & Tea
466054,Clothing & Apparel
466084,Miscellaneous
466089,Clothing & Apparel
466090,Restaurants
466111,Miscellaneous
466153,Miscellaneous
466164,Financial Services
466165,Fitness & Recreation
466167,Coffee & Tea
466169,Miscellaneous
466171,Health & Beauty
466174,Restaurants
466190,Miscellaneous
466226,Travel Services
466231,Health & Beauty
466236,Miscellaneous
466273,Repair & Maintenance
466276,Miscellaneous
466277,Bars & Nightlife
466331,Restaurants
466340,Clothing & Apparel
466343,Health & Beauty
466347,Bars & Nightlife
466376,Miscellaneous
466390,Miscellaneous
466404,Specialty Retail
466444,Coffee & Tea
466458,Health & Beauty
466466,Travel Services
466479,Restaurants
466512,Fitness & Recreation
466513,Bars & Nightlife
466526,Miscellaneous
466540,Miscellaneous
466543,Miscellaneous
466544,Miscellaneous
466563,Miscellaneous
466582,Miscellaneous
466588,Miscellaneous
466607,General Merchandise
466629,Pharmacy
466650,Restaurants
466668,Miscellaneous
466679,Miscellaneous
466689,Restaurants
466695,Miscellaneous
466705,Miscellaneous
466725,Bars & Nightlife
466738,Financial Services
466747,Miscellaneous
466753,Home & Garden
466766,Hotels & Motels
466775,Miscellaneous
466783,Miscellaneous
466797,Repair & Maintenance
466812,Miscellaneous
466850,Miscellaneous
466857,Miscellaneous
466875,Fast Food
466879,Miscellaneous
466883,Miscellaneous
466934,Miscellaneous
466943,Repair & Maintenance
466946,Health & Beauty
466951,Hotels & Motels
466964,Miscellaneous
466965,Health & Beauty
466979,Medical Offices
466990,Miscellaneous
467007,Miscellaneous
467012,Bars & Nightlife
467055,Miscellaneous
467092,Bakery & Desserts
467095,Electrical
467138,Miscellaneous
467142,Fitness & Recreation
467145,Miscellaneous
467147,Miscellaneous
467161,Miscellaneous
467190,Restaurants
467198,Financial Services
467235,Miscellaneous
467258,Miscellaneous
467266,Specialty Food
467267,Automotive Retail
467329,Miscellaneous
467336,Restaurants
467346,Miscellaneous
467374,Miscellaneous
467407,Fast Food
467421,Miscellaneous
467460,Miscellaneous
467468,Miscellaneous
467511,Miscellaneous
467518,Specialty Food
467521,Coffee & Tea
467533,Business Services
467563,Miscellaneous
467564,Miscellaneous
467565,Miscellaneous
467568,Miscellaneous
467569,Miscellaneous
467580,Miscellaneous
467587,Restaurants
467593,Miscellaneous
467603,Miscellaneous
467604,Miscellaneous
467613,Fast Food
467614,Legal Services
467622,Specialty Food
467637,Miscellaneous
467648,Health & Beauty
467659,Miscellaneous
467668,Miscellaneous
467672,Miscellaneous
467673,Miscellaneous
467678,Construction & Contractors
467683,Miscellaneous
467709,Miscellaneous
467714,Miscellaneous
467718,Restaurants
467729,Bars & Nightlife
467739,Repair & Maintenance
467746,Restaurants
467750,Miscellaneous
467806,Coffee & Tea
467808,Restaurants
467809,Restaurants
467861,Fast Food
467896,Health & Beauty
467898,Clothing & Apparel
467900,Miscellaneous
467903,Miscellaneous
467913,Miscellaneous
467914,Miscellaneous
467941,Miscellaneous
467956,Repair & Maintenance
467967,Events & Venues
467972,Health & Beauty
467975,Health & Beauty
467997,Miscellaneous
468012,Miscellaneous
468031,Pet Services
468032,Clothing & Apparel
468033,Miscellaneous
468036,Automotive Retail
468039,Business Services
468043,Miscellaneous
468049,Miscellaneous
468070,Medical Offices
468071,Miscellaneous
468072,Miscellaneous
468073,Repair & Maintenance
468087,Miscellaneous
468112,Miscellaneous
468144,Miscellaneous
468145,Miscellaneous
468148,Hotels & Motels
468171,Restaurants
468182,Bars & Nightlife
468224,Coffee & Tea
468243,Hotels & Motels
468278,Bars & Nightlife
468294,Miscellaneous
468310,Specialty Food
468311,Telecommunications
468323,Miscellaneous
468335,Clothing & Apparel
468339,Financial Services
468362,Telecommunications
468372,Coffee & Tea
468391,Miscellaneous
468393,Automotive Retail
468427,Miscellaneous
468452,Restaurants
468477,Plumbing & HVAC
468478,Miscellaneous
468524,Miscellaneous
468532,Hotels & Motels
468551,Miscellaneous
468562,Miscellaneous
468572,Restaurants
468577,Restaurants
468581,Coffee & Tea
468582,Restaurants
468611,Miscellaneous
468616,Financial Services
468626,Telecommunications
468657,Coffee & Tea
468676,Medical Offices
468694,Miscellaneous
468703,Bakery & Desserts
468727,Pet Services
468728,Medical Offices
468748,Bars & Nightlife
468755,Miscellaneous
468806,Miscellaneous
468807,Restaurants
468827,Legal Services
468829,Miscellaneous
468852,Miscellaneous
468858,Restaurants
468859,General Merchandise
468861,Real Estate
468870,Sports & Recreation
468873,Restaurants
468878,Miscellaneous
468886,General Merchandise
468898,Miscellaneous
468906,Restaurants
468907,Financial Services
468908,Miscellaneous
468909,Miscellaneous
468911,Medical Offices
468926,Restaurants
468933,Miscellaneous
468969,Miscellaneous
468971,Miscellaneous
468972,Repair & Maintenance
468973,Miscellaneous
468976,Fitness & Recreation
468985,Coffee & Tea
468987,Miscellaneous
469004,Miscellaneous
469011,Miscellaneous
469023,Hotels & Motels
469064,Miscellaneous
469065,Miscellaneous
469068,Repair & Maintenance
469072,Schools
469075,Specialty Food
469080,Bars & Nightlife
469094,Restaurants
469097,Miscellaneous
469116,Miscellaneous
469119,Medical Offices
469152,Home & Garden
469155,Miscellaneous
469159,Bars & Nightlife
469160,Bars & Nightlife
469163,Restaurants
469185,Restaurants
469190,Miscellaneous
469203,Coffee & Tea
469236,Coffee & Tea
469249,Miscellaneous
469250,Miscellaneous
469251,Telecommunications
469254,Miscellaneous
469272,Car Wash & Detailing
469276,Miscellaneous
469289,Miscellaneous
469307,Restaurants
469309,Miscellaneous
469313,Restaurants
469322,Legal Services
469325,Automotive Retail
469343,Miscellaneous
469344,Car Wash & Detailing
469364,Restaurants
469429,Miscellaneous
469455,Miscellaneous
469469,Hotels & Motels
469470,Miscellaneous
469476,Legal Services
469478,Coffee & Tea
469481,Dry Cleaning & Laundry
469488,Health & Beauty
469510,Repair & Maintenance
469555,Medical Offices
469556,Health & Beauty
469580,Specialized Healthcare
469586,Specialty Food
469650,Miscellaneous
469660,Miscellaneous
469664,Restaurants
469683,Miscellaneous
469738,Miscellaneous
469740,Miscellaneous
469743,Restaurants
469769,Miscellaneous
469772,Miscellaneous
469777,Miscellaneous
469778,Miscellaneous
469792,Miscellaneous
469804,Construction & Contractors
469822,Bars & Nightlife
469850,Miscellaneous
469874,Coffee & Tea
469881,Specialty Food
469882,Restaurants
469884,Restaurants
469893,Schools
469897,Miscellaneous
469904,Events & Venues
469907,Repair & Maintenance
469915,Real Estate
469917,Specialty Retail
469924,Miscellaneous
469962,Bars & Nightlife
469968,Bars & Nightlife
469998,Miscellaneous
470064,Restaurants
470082,Miscellaneous
470096,Coffee & Tea
470107,Clothing & Apparel
470154,Automotive Retail
470166,Restaurants
470177,Travel Services
470182,Miscellaneous
470183,Miscellaneous
470195,Hotels & Motels
470233,Coffee & Tea
470235,Miscellaneous
470237,Specialty Food
470266,Bars & Nightlife
470267,Financial Services
470275,Miscellaneous
470294,Bakery & Desserts
470295,Restaurants
470305,Miscellaneous
470307,Miscellaneous
470326,Miscellaneous
470370,Health & Beauty
470374,Automotive Retail
470402,Restaurants
470406,Restaurants
470413,Restaurants
470414,Miscellaneous
470417,Miscellaneous
470463,Miscellaneous
470467,Medical Offices
470491,Specialty Food
470492,Miscellaneous
470494,Miscellaneous
470608,Restaurants
470612,Miscellaneous
470624,Coffee & Tea
470634,Miscellaneous
470653,Miscellaneous
470678,Arts & Entertainment
470708,Bakery & Desserts
470721,General Merchandise
470724,Financial Services
470725,Electrical
470747,Miscellaneous
470821,General Merchandise
470822,Specialty Retail
470842,Miscellaneous
470853,Miscellaneous
470854,Miscellaneous
470870,Miscellaneous
470877,Coffee & Tea
470910,Miscellaneous
470911,Miscellaneous
470922,Restaurants
470946,Miscellaneous
470969,Miscellaneous
470972,Fitness & Recreation
470988,Specialty Food
470991,Restaurants
471009,Bars & Nightlife
471011,Miscellaneous
471013,Clothing & Apparel
471057,Miscellaneous
471063,Restaurants
471082,Miscellaneous
471084,Restaurants
471111,Miscellaneous
471115,Miscellaneous
471116,Miscellaneous
471124,Miscellaneous
471131,Business Services
471145,Miscellaneous
471147,Miscellaneous
471148,Miscellaneous
471178,Restaurants
471180,Specialty Food
471198,Repair & Maintenance
471203,Miscellaneous
471231,Arts & Entertainment
471233,Fitness & Recreation
471240,Restaurants
471250,Miscellaneous
471280,Medical Offices
471290,IT Services
471291,Specialty Food
471292,General Merchandise
471297,Specialty Retail
471311,Restaurants
471314,Restaurants
471337,Restaurants
471348,Miscellaneous
471351,Miscellaneous
471373,Sports & Recreation
471387,Specialty Food
471397,Health & Beauty
471415,Miscellaneous
471416,Miscellaneous
471418,Miscellaneous
471420,Health & Beauty
471430,Miscellaneous
471450,Restaurants
471451,Restaurants
471454,Miscellaneous
471462,Arts & Entertainment
471468,Miscellaneous
471472,Sports & Recreation
471476,Miscellaneous
471493,Miscellaneous
471496,Hotels & Motels
471498,Miscellaneous
471509,Miscellaneous
471515,Miscellaneous
471518,Miscellaneous
471522,Miscellaneous
471525,Specialty Food
471527,Restaurants
471528,Miscellaneous
471563,Hotels & Motels
471565,Restaurants
471566,Miscellaneous
471587,Miscellaneous
471588,Miscellaneous
471606,Miscellaneous
471627,Miscellaneous
471632,Clothing & Apparel
471635,General Merchandise
471645,Miscellaneous
471656,Miscellaneous
471729,Events & Venues
471730,Miscellaneous
471763,Sports & Recreation
471780,Fitness & Recreation
471781,Consulting
471797,Miscellaneous
471814,Miscellaneous
471820,Miscellaneous
471829,Medical Offices
471837,Miscellaneous
471847,Home & Garden
471854,Sports & Recreation
471871,Consulting
471883,Miscellaneous
471905,Miscellaneous
471908,Miscellaneous
471916,Medical Offices
471939,Specialty Food
471974,Pharmacy
472003,Miscellaneous
472054,Clothing & Apparel
472068,Coffee & Tea
472071,Financial Services
472073,Sports & Recreation
472083,Miscellaneous
472101,Health & Beauty
472104,Clothing & Apparel
472118,Miscellaneous
472122,Miscellaneous
472132,Miscellaneous
472136,Miscellaneous
472144,Miscellaneous
472147,Miscellaneous
472163,Miscellaneous
472222,Travel Services
472230,Miscellaneous
472247,Arts & Entertainment
472258,Fitness & Recreation
472261,Repair & Maintenance
472265,Car Wash & Detailing
472281,Telecommunications
472282,Miscellaneous
472283,Health & Beauty
472308,Specialty Retail
472317,Repair & Maintenance
472341,Miscellaneous
472347,Real Estate
472356,Miscellaneous
472359,Repair & Maintenance
472376,Telecommunications
472392,Miscellaneous
472432,Miscellaneous
472466,Bars & Nightlife
472498,Miscellaneous
472511,Miscellaneous
472537,Miscellaneous
472568,Miscellaneous
472618,Miscellaneous
472627,Miscellaneous
472649,Schools
472662,Miscellaneous
472665,Plumbing & HVAC
472689,Miscellaneous
472707,Health & Beauty
472708,Miscellaneous
472712,Automotive Retail
472714,Automotive Retail
472732,Miscellaneous
472733,Real Estate
472751,Miscellaneous
472760,Construction & Contractors
472788,Miscellaneous
472819,Miscellaneous
472826,Miscellaneous
472827,Cleaning Services
472836,Miscellaneous
472840,Health & Beauty
472877,Automotive Retail
472879,Miscellaneous
472885,Restaurants
472917,Health & Beauty
472920,Miscellaneous
472966,Miscellaneous
472981,Specialty Food
472987,Miscellaneous
473009,Clothing & Apparel
473026,Real Estate
473044,Repair & Maintenance
473055,Miscellaneous
473058,Miscellaneous
473064,Miscellaneous
473078,Miscellaneous
473087,Bars & Nightlife
473089,Automotive Retail
473094,Clothing & Apparel
473095,Restaurants
473097,Clothing & Apparel
473102,Clothing & Apparel
473109,Financial Services
473110,Miscellaneous
473111,Miscellaneous
473120,Miscellaneous
473130,Miscellaneous
473139,Miscellaneous
473144,Miscellaneous
473157,Towing & Roadside
473200,Automotive Retail
473201,Miscellaneous
473235,Dry Cleaning & Laundry
473249,Financial Services
473253,Arts & Entertainment
473280,Accounting
473281,Specialized Healthcare
473292,Clothing & Apparel
473293,Real Estate
473298,Construction & Contractors
473304,Miscellaneous
473336,Miscellaneous
473337,Restaurants
473401,Miscellaneous
473411,Miscellaneous
473417,Plumbing & HVAC
473426,Miscellaneous
473428,Miscellaneous
473430,Miscellaneous
473446,Bars & Nightlife
473460,Construction & Contractors
473479,Miscellaneous
473483,Miscellaneous
473505,Miscellaneous
473506,Restaurants
473508,Medical Offices
473510,Miscellaneous
473513,Plumbing & HVAC
473519,Miscellaneous
473521,Pet Services
473537,Miscellaneous
473541,Dry Cleaning & Laundry
473552,Miscellaneous
473562,Towing & Roadside
473571,Restaurants
473626,Fitness & Recreation
473660,Repair & Maintenance
473666,Miscellaneous
473669,Miscellaneous
473704,Miscellaneous
473714,Miscellaneous
473719,Miscellaneous
473745,Coffee & Tea
473757,Miscellaneous
473770,Miscellaneous
473779,Miscellaneous
473786,Miscellaneous
473798,Legal Services
473821,Bars & Nightlife
473824,Restaurants
473856,Restaurants
473857,Restaurants
473858,Miscellaneous
473866,Miscellaneous
473896,Miscellaneous
473900,Specialty Food
473901,Miscellaneous
473920,Miscellaneous
473927,Miscellaneous
473937,Construction & Contractors
473949,Miscellaneous
473956,Construction & Contractors
473980,Miscellaneous
473991,Schools
474010,Health & Beauty
474033,Medical Offices
474050,Miscellaneous
474068,Miscellaneous
474078,Health & Beauty
474084,Restaurants
474091,Miscellaneous
474098,Miscellaneous
474099,Miscellaneous
474108,Miscellaneous
474110,Miscellaneous
474134,Restaurants
474139,Miscellaneous
474156,Miscellaneous
474158,Legal Services
474181,Miscellaneous
474184,Restaurants
474188,Restaurants
474252,Health & Beauty
474268,Miscellaneous
474271,Miscellaneous
474280,Miscellaneous
474360,Miscellaneous
474362,Miscellaneous
474364,Miscellaneous
474373,Electrical
474408,Miscellaneous
474470,Miscellaneous
474482,Medical Offices
474486,Miscellaneous
474488,Miscellaneous
474495,Restaurants
474498,Repair & Maintenance
474504,Miscellaneous
474520,Miscellaneous
474521,Miscellaneous
474539,Miscellaneous
474543,Miscellaneous
474556,Fitness & Recreation
474576,Miscellaneous
474607,Health & Beauty
474617,Miscellaneous
474627,Miscellaneous
474628,Sports & Recreation
474637,Miscellaneous
474657,Dry Cleaning & Laundry
474674,Miscellaneous
474699,Miscellaneous
474714,Specialty Food
474724,Miscellaneous
474736,Miscellaneous
474757,Bars & Nightlife
474767,Miscellaneous
474781,Bars & Nightlife
474794,Repair & Maintenance
474799,Miscellaneous
474831,Fitness & Recreation
474841,Miscellaneous
474861,Health & Beauty
474889,Miscellaneous
474914,Miscellaneous
474958,Miscellaneous
474985,Bars & Nightlife
474990,Specialty Retail
475008,Restaurants
475052,Miscellaneous
475073,Specialty Food
475089,Health & Beauty
475109,Medical Offices
475114,Miscellaneous
475132,Repair & Maintenance
475140,Miscellaneous
475145,Bakery & Desserts
475158,Miscellaneous
475174,Miscellaneous
475179,Restaurants
475198,Miscellaneous
475226,Repair & Maintenance
475241,Miscellaneous
475252,Miscellaneous
475264,Coffee & Tea
475274,Coffee & Tea
475294,Financial Services
475295,Financial Services
475313,Bars & Nightlife
475340,Miscellaneous
475351,Miscellaneous
475367,Health & Beauty
475388,Specialized Healthcare
475414,Miscellaneous
475430,Miscellaneous
475433,Car Wash & Detailing
475459,Medical Offices
475470,Miscellaneous
475479,Miscellaneous
475507,Miscellaneous
475517,Miscellaneous
475543,Miscellaneous
475544,Medical Offices
475547,Financial Services
475569,Medical Offices
475600,Health & Beauty
475606,Miscellaneous
475629,Health & Beauty
475638,Health & Beauty
475646,Bars & Nightlife
475663,Restaurants
475676,Miscellaneous
475689,Repair & Maintenance
475695,Events & Venues
475700,Hotels & Motels
475710,Specialty Food
475732,Miscellaneous
475735,Miscellaneous
475749,Miscellaneous
475750,Miscellaneous
475762,Fitness & Recreation
475763,Miscellaneous
475764,Construction & Contractors
475776,Dry Cleaning & Laundry
475796,Miscellaneous
475814,Miscellaneous
475825,Real Estate
475839,Specialized Healthcare
475852,Miscellaneous
475853,Miscellaneous
475869,Miscellaneous
475870,Miscellaneous
475930,Miscellaneous
475951,Repair & Maintenance
475982,Miscellaneous
476095,Miscellaneous
476096,Miscellaneous
476100,Miscellaneous
476114,Health & Beauty
476133,Dry Cleaning & Laundry
476151,Miscellaneous
476152,Restaurants
476164,Miscellaneous
476184,Miscellaneous
476187,Clothing & Apparel
476196,Miscellaneous
476202,Dry Cleaning & Laundry
476222,Electrical
476229,Miscellaneous
476234,Miscellaneous
476246,Health & Beauty
476257,Schools
476286,Miscellaneous
476305,Miscellaneous
476324,Miscellaneous
476325,Consulting
476327,Health & Beauty
476331,Miscellaneous
476335,Fitness & Recreation
476344,Fast Food
476346,Repair & Maintenance
476410,Miscellaneous
476417,Restaurants
476431,Restaurants
476445,Consulting
476449,Miscellaneous
476458,Miscellaneous
476461,Miscellaneous
476488,Legal Services
476516,Sports & Recreation
476534,Miscellaneous
476544,Miscellaneous
476580,Medical Offices
476596,Miscellaneous
476603,Restaurants
476610,Miscellaneous
476612,Real Estate
476622,Bars & Nightlife
476633,Restaurants
476657,Plumbing & HVAC
476660,Miscellaneous
476676,Miscellaneous
476681,Miscellaneous
476731,Specialty Retail
476736,Restaurants
476738,Restaurants
476739,Bars & Nightlife
476749,Miscellaneous
476750,Restaurants
476761,Clothing & Apparel
476770,Miscellaneous
476774,Health & Beauty
476783,Restaurants
476794,Dry Cleaning & Laundry
476805,Legal Services
476807,Health & Beauty
476824,Miscellaneous
476826,Plumbing & HVAC
476885,Restaurants
476887,Miscellaneous
476909,Health & Beauty
476923,Health & Beauty
476931,Medical Offices
476932,Restaurants
476942,Clothing & Apparel
476984,Real Estate
476988,Miscellaneous
477026,Medical Offices
477028,Bars & Nightlife
477030,Restaurants
477049,Miscellaneous
477053,Bars & Nightlife
477054,Sports & Recreation
477100,Home & Garden
477106,Miscellaneous
477138,Medical Offices
477141,Miscellaneous
477142,Miscellaneous
477158,Miscellaneous
477167,Miscellaneous
477171,Repair & Maintenance
477194,Miscellaneous
477213,Medical Offices
477222,Health & Beauty
477240,Health & Beauty
477245,Bars & Nightlife
477256,Miscellaneous
477263,Miscellaneous
477273,Restaurants
477282,Health & Beauty
477283,Miscellaneous
477321,Miscellaneous
477330,Restaurants
477333,Specialty Food
477355,Restaurants
477358,Miscellaneous
477373,Restaurants
477378,Miscellaneous
477380,Miscellaneous
477381,Health & Beauty
477395,Restaurants
477415,Restaurants
477425,Coffee & Tea
477494,Fitness & Recreation
477521,Car Wash & Detailing
477526,Landscaping
477536,Miscellaneous
477543,Miscellaneous
477553,Bars & Nightlife
477561,Health & Beauty
477584,Home & Garden
477597,Miscellaneous
477610,Car Wash & Detailing
477633,Medical Offices
477643,Miscellaneous
477666,Miscellaneous
477695,Clothing & Apparel
477707,Health & Beauty
477711,Miscellaneous
477712,Miscellaneous
477737,Miscellaneous
477744,Miscellaneous
477765,Miscellaneous
477801,Miscellaneous
477843,Health & Beauty
477858,Restaurants
477862,Financial Services
477865,Miscellaneous
477880,Medical Offices
477894,Medical Offices
477895,Bakery & Desserts
477899,Miscellaneous
477908,Miscellaneous
477918,Medical Offices
477924,Miscellaneous
477925,Medical Offices
477941,Medical Offices
477945,Construction & Contractors
477951,Repair & Maintenance
477956,Health & Beauty
477978,Bars & Nightlife
477981,Miscellaneous
477983,Specialized Healthcare
477986,Health & Beauty
477995,Miscellaneous
477996,Telecommunications
478005,Miscellaneous
478008,Miscellaneous
478016,Medical Offices
478020,Miscellaneous
478074,Miscellaneous
478136,Miscellaneous
478137,Repair & Maintenance
478147,Repair & Maintenance
478153,Miscellaneous
478163,Miscellaneous
478164,Miscellaneous
478196,Legal Services
478210,Miscellaneous
478214,Restaurants
478218,Miscellaneous
478222,Sports & Recreation
478228,Restaurants
478262,Restaurants
478271,Miscellaneous
478309,Miscellaneous
478323,Miscellaneous
478327,Miscellaneous
478329,Miscellaneous
478331,Miscellaneous
478346,Fitness & Recreation
478349,Miscellaneous
478374,Restaurants
478375,Construction & Contractors
478423,Repair & Maintenance
478444,Miscellaneous
478457,Miscellaneous
478460,Hotels & Motels
478462,Miscellaneous
478466,Health & Beauty
478487,Miscellaneous
478493,IT Services
478502,Bars & Nightlife
478520,Financial Services
478521,Miscellaneous
478522,Miscellaneous
478523,Clothing & Apparel
478525,Repair & Maintenance
478534,Bars & Nightlife
478538,Health & Beauty
478546,Restaurants
478553,Sports & Recreation
478555,Miscellaneous
478564,Miscellaneous
478566,Specialty Food
478572,General Merchandise
478577,Specialty Food
478578,Miscellaneous
478579,Miscellaneous
478580,Business Services
478582,Miscellaneous
478637,Miscellaneous
478668,Restaurants
478673,Restaurants
478678,Miscellaneous
478679,Medical Offices
478706,Financial Services
478717,Miscellaneous
478742,Cleaning Services
478761,Miscellaneous
478783,Miscellaneous
478793,Medical Offices
478812,Medical Offices
478820,Miscellaneous
478824,Miscellaneous
478837,Miscellaneous
478838,Miscellaneous
478851,Miscellaneous
478853,Coffee & Tea
478854,Miscellaneous
478861,Miscellaneous
478878,Miscellaneous
478913,Coffee & Tea
478930,Medical Offices
478954,Restaurants
478960,Miscellaneous
478980,Sports & Recreation
479002,Miscellaneous
479056,Car Wash & Detailing
479063,Health & Beauty
479065,Miscellaneous
479083,Miscellaneous
479086,Restaurants
479089,Miscellaneous
479103,Miscellaneous
479105,Events & Venues
479113,Financial Services
479131,Miscellaneous
479142,Childcare
479161,Miscellaneous
479208,Construction & Contractors
479220,Real Estate
479227,Miscellaneous
479229,Miscellaneous
479230,Miscellaneous
479241,Miscellaneous
479244,Coffee & Tea
479266,Miscellaneous
479285,Miscellaneous
479301,Restaurants
479302,Arts & Entertainment
479307,Specialized Healthcare
479323,Miscellaneous
479331,Miscellaneous
479335,Pet Services
479336,Miscellaneous
479347,Miscellaneous
479362,Miscellaneous
479376,Health & Beauty
479379,Miscellaneous
479384,Pet Services
479394,Health & Beauty
479404,Specialty Retail
479441,Medical Offices
479453,Restaurants
479454,Health & Beauty
479455,Pet Services
479458,Real Estate
479463,Miscellaneous
479500,Miscellaneous
479546,Miscellaneous
479547,Medical Offices
479557,Miscellaneous
479561,Miscellaneous
479576,Miscellaneous
479616,Miscellaneous
479659,Specialty Food
479665,Miscellaneous
479666,Restaurants
479676,Miscellaneous
479680,Miscellaneous
479683,Automotive Retail
479708,Miscellaneous
479709,Miscellaneous
479716,Specialty Food
479730,Miscellaneous
479745,Real Estate
479749,Financial Services
479768,Miscellaneous
479787,Miscellaneous
479797,Health & Beauty
479820,Coffee & Tea
479844,Pet Services
479854,Health & Beauty
479862,Miscellaneous
479873,Miscellaneous
479893,Miscellaneous
479909,Miscellaneous
479910,Miscellaneous
479928,Miscellaneous
479935,Miscellaneous
479940,Miscellaneous
479948,Health & Beauty
479955,Specialty Retail
479995,Specialty Food
479997,Medical Offices
480010,Bars & Nightlife
480012,Miscellaneous
480036,Miscellaneous
480062,Construction & Contractors
480076,Home & Garden
480078,Miscellaneous
480084,Miscellaneous
480113,Miscellaneous
480125,Medical Offices
480135,Restaurants
480139,Medical Offices
480140,Landscaping
480141,Miscellaneous
480143,Miscellaneous
480208,Plumbing & HVAC
480213,Restaurants
480228,Restaurants
480229,Home & Garden
480234,Bars & Nightlife
480251,Miscellaneous
480265,Fast Food
480272,Miscellaneous
480288,Specialty Food
480327,Health & Beauty
480333,Automotive Retail
480353,Miscellaneous
480359,Restaurants
480366,Miscellaneous
480371,Miscellaneous
480388,Bars & Nightlife
480397,Miscellaneous
480417,Miscellaneous
480434,Miscellaneous
480441,Health & Beauty
480454,Miscellaneous
480455,Miscellaneous
480456,Specialty Food
480461,Miscellaneous
480470,Miscellaneous
480500,Telecommunications
480502,Miscellaneous
480519,Bars & Nightlife
480524,Schools
480525,Miscellaneous
480526,Miscellaneous
480527,Restaurants
480539,Specialty Retail
480552,Miscellaneous
480588,Bars & Nightlife
480596,Miscellaneous
480607,Miscellaneous
480640,Miscellaneous
480651,Repair & Maintenance
480678,Schools
480679,General Merchandise
480685,Miscellaneous
480686,Miscellaneous
480698,Coffee & Tea
480721,Miscellaneous
480748,Bars & Nightlife
480749,Miscellaneous
480768,Miscellaneous
480771,Miscellaneous
480795,Arts & Entertainment
480798,Pharmacy
480824,Real Estate
480842,Miscellaneous
480882,Health & Beauty
480928,Specialty Food
480945,Financial Services
480947,Miscellaneous
480966,Restaurants
480967,Bars & Nightlife
480981,Bars & Nightlife
481017,Miscellaneous
481018,Miscellaneous
481026,Restaurants
481038,Miscellaneous
481049,Miscellaneous
481050,Clothing & Apparel
481065,Pet Services
481070,Restaurants
481072,Bakery & Desserts
481114,Health & Beauty
481127,Miscellaneous
481148,Miscellaneous
481165,Medical Offices
481167,Miscellaneous
481205,Miscellaneous
481217,Restaurants
481219,Miscellaneous
481226,Bars & Nightlife
481245,Miscellaneous
481251,Coffee & Tea
481258,Miscellaneous
481268,Clothing & Apparel
481274,Plumbing & HVAC
481277,Miscellaneous
481302,Restaurants
481303,Towing & Roadside
481312,Miscellaneous
481316,Hotels & Motels
481333,Miscellaneous
481392,Construction & Contractors
481440,Miscellaneous
481448,Miscellaneous
481470,Specialty Food
481473,Health & Beauty
481492,Miscellaneous
481502,Miscellaneous
481525,Miscellaneous
481564,Restaurants
481565,Telecommunications
481580,Miscellaneous
481583,Miscellaneous
481590,Automotive Retail
481594,Business Services
481600,Repair & Maintenance
481618,General Merchandise
481645,Miscellaneous
481653,Restaurants
481662,Bakery & Desserts
481686,Miscellaneous
481692,Miscellaneous
481697,Bars & Nightlife
481702,Miscellaneous
481703,Sports & Recreation
481710,Dry Cleaning & Laundry
481720,Miscellaneous
481721,Legal Services
481732,Miscellaneous
481783,Health & Beauty
481801,Miscellaneous
481811,Miscellaneous
481812,Bars & Nightlife
481858,Bars & Nightlife
481872,Miscellaneous
481877,Restaurants
481896,Miscellaneous
481910,Restaurants
481913,Specialty Food
481921,Miscellaneous
481936,Health & Beauty
481954,Miscellaneous
481962,Miscellaneous
481963,Plumbing & HVAC
481979,Miscellaneous
481998,Medical Offices
482025,Clothing & Apparel
482026,Miscellaneous
482031,Miscellaneous
482035,Fast Food
482037,Miscellaneous
482039,Miscellaneous
482043,Repair & Maintenance
482052,Miscellaneous
482057,Miscellaneous
482109,Miscellaneous
482124,Miscellaneous
482158,Coffee & Tea
482164,Home & Garden
482168,Hotels & Motels
482171,Miscellaneous
482191,Miscellaneous
482215,Restaurants
482238,Medical Offices
482241,Miscellaneous
482247,Telecommunications
482263,Home & Garden
482284,Coffee & Tea
482318,Miscellaneous
482331,Miscellaneous
482333,Specialty Food
482346,Specialty Retail
482349,Restaurants
482357,Miscellaneous
482381,Clothing & Apparel
482394,Restaurants
482396,Miscellaneous
482409,Miscellaneous
482475,Miscellaneous
482476,Miscellaneous
482477,Miscellaneous
482478,Miscellaneous
482481,Fitness & Recreation
482488,Automotive Retail
482491,Bars & Nightlife
482496,Bars & Nightlife
482509,Restaurants
482513,Fitness & Recreation
482518,Miscellaneous
482543,Coffee & Tea
482545,Miscellaneous
482559,Miscellaneous
482561,Financial Services
482562,Hotels & Motels
482569,Miscellaneous
482571,Restaurants
482572,Restaurants
482585,Miscellaneous
482606,Bars & Nightlife
482608,Fitness & Recreation
482620,IT Services
482623,Coffee & Tea
482625,Restaurants
482636,Financial Services
482663,Miscellaneous
482665,Restaurants
482705,Miscellaneous
482712,Miscellaneous
482720,Dry Cleaning & Laundry
482736,Restaurants
482751,Miscellaneous
482766,Miscellaneous
482784,Medical Offices
482787,Restaurants
482788,Restaurants
482795,Bars & Nightlife
482805,Bars & Nightlife
482812,Medical Offices
482818,Miscellaneous
482838,Restaurants
482862,Specialty Food
482886,Medical Offices
482898,Specialty Retail
482923,Miscellaneous
482941,Coffee & Tea
482963,Health & Beauty
482980,Miscellaneous
482984,Clothing & Apparel
482986,Restaurants
482992,Financial Services
482993,Pet Services
482998,Restaurants
483004,Restaurants
483007,Telecommunications
483015,Health & Beauty
483029,Specialty Food
483039,Schools
483041,Miscellaneous
483061,Miscellaneous
483069,Miscellaneous
483090,Miscellaneous
483098,Miscellaneous
483113,Miscellaneous
483125,Miscellaneous
483132,Miscellaneous
483156,Medical Offices
483159,Miscellaneous
483201,Miscellaneous
483202,Miscellaneous
483210,Miscellaneous
483221,Miscellaneous
483225,Miscellaneous
483235,Miscellaneous
483239,Bars & Nightlife
483241,Medical Offices
483260,Financial Services
483267,Miscellaneous
483280,Miscellaneous
483288,Miscellaneous
483307,IT Services
483313,Specialty Food
483321,Miscellaneous
483339,Telecommunications
483363,Repair & Maintenance
483366,Restaurants
483369,Miscellaneous
483373,Miscellaneous
483390,Restaurants
483421,Health & Beauty
483422,Miscellaneous
483425,Restaurants
483426,Miscellaneous
483439,Miscellaneous
483449,Bars & Nightlife
483453,Restaurants
483457,Bars & Nightlife
483464,Dry Cleaning & Laundry
483467,Restaurants
483472,Restaurants
483473,Health & Beauty
483474,Miscellaneous
483478,Health & Beauty
483498,Miscellaneous
483502,Miscellaneous
483508,Miscellaneous
483535,General Merchandise
483537,Miscellaneous
483570,Health & Beauty
483583,Fast Food
483584,Miscellaneous
483586,Miscellaneous
483587,Miscellaneous
483589,Miscellaneous
483608,Miscellaneous
483613,Miscellaneous
483629,Restaurants
483632,Miscellaneous
483701,Home & Garden
483702,Coffee & Tea
483715,Miscellaneous
483723,Bakery & Desserts
483726,Coffee & Tea
483735,Restaurants
483760,Miscellaneous
483780,Miscellaneous
483807,Health & Beauty
483872,Bakery & Desserts
483901,Miscellaneous
483902,Miscellaneous
483903,Clothing & Apparel
483905,Miscellaneous
483917,Arts & Entertainment
483950,Bakery & Desserts
483959,Miscellaneous
483963,Miscellaneous
483980,Bakery & Desserts
483988,Miscellaneous
484010,Miscellaneous
484029,Miscellaneous
484034,Fitness & Recreation
484038,Restaurants
484059,Medical Offices
484102,Restaurants
484110,Health & Beauty
484113,Restaurants
484129,Plumbing & HVAC
484134,Bakery & Desserts
484142,Miscellaneous
484143,Landscaping
484163,Clothing & Apparel
484168,Miscellaneous
484173,Restaurants
484174,Health & Beauty
484176,Miscellaneous
484194,Miscellaneous
484206,Coffee & Tea
484209,Health & Beauty
484234,Miscellaneous
484235,Pet Services
484240,Telecommunications
484259,Miscellaneous
484271,Miscellaneous
484275,Miscellaneous
484276,Miscellaneous
484277,Miscellaneous
484279,Clothing & Apparel
484283,General Merchandise
484299,Fast Food
484310,Medical Offices
484325,Miscellaneous
484367,Restaurants
484372,Miscellaneous
484374,Miscellaneous
484422,General Merchandise
484450,Miscellaneous
484459,Miscellaneous
484461,Miscellaneous
484463,Schools
484467,Restaurants
484477,Bakery & Desserts
484483,Miscellaneous
484487,Miscellaneous
484524,Financial Services
484525,Sports & Recreation
484554,Repair & Maintenance
484555,Car Wash & Detailing
484556,Financial Services
484569,Repair & Maintenance
484587,Miscellaneous
484588,Miscellaneous
484589,Coffee & Tea
484622,Fitness & Recreation
484624,Fitness & Recreation
484648,Telecommunications
484649,Health & Beauty
484666,Coffee & Tea
484679,Restaurants
484693,Miscellaneous
484695,Specialty Food
484696,Restaurants
484697,Home & Garden
484699,Bars & Nightlife
484700,Bars & Nightlife
484736,Miscellaneous
484743,Car Wash & Detailing
484840,Miscellaneous
484841,Clothing & Apparel
484842,Miscellaneous
484868,Schools
484879,Bars & Nightlife
484883,Miscellaneous
484894,Medical Offices
484908,Coffee & Tea
484940,Sports & Recreation
484957,Medical Offices
484983,Miscellaneous
485012,Events & Venues
485017,Health & Beauty
485072,Sports & Recreation
485074,Restaurants
485075,Miscellaneous
485092,Restaurants
485140,Restaurants
485149,Bars & Nightlife
485154,Miscellaneous
485160,Miscellaneous
485186,Miscellaneous
485205,Car Wash & Detailing
485206,Restaurants
485207,Health & Beauty
485232,General Merchandise
485271,Medical Offices
485277,Financial Services
485278,Clothing & Apparel
485285,Miscellaneous
485298,Bars & Nightlife
485300,Fitness & Recreation
485305,Restaurants
485315,Medical Offices
485325,Miscellaneous
485332,Miscellaneous
485345,Restaurants
485356,Miscellaneous
485359,Restaurants
485360,Telecommunications
485361,Legal Services
485385,Miscellaneous
485391,Restaurants
485395,Restaurants
485404,Bars & Nightlife
485409,Financial Services
485415,Miscellaneous
485417,Miscellaneous
485427,Restaurants
485430,Legal Services
485435,Restaurants
485436,Miscellaneous
485447,Specialty Food
485450,Medical Offices
485460,Specialty Food
485500,Miscellaneous
485504,Miscellaneous
485531,Miscellaneous
485541,Miscellaneous
485544,Telecommunications
485556,Restaurants
485572,Miscellaneous
485578,Miscellaneous
485592,Dry Cleaning & Laundry
485595,Miscellaneous
485597,General Merchandise
485644,Miscellaneous
485652,Miscellaneous
485657,Miscellaneous
485663,Miscellaneous
485669,Health & Beauty
485691,Bars & Nightlife
485725,Miscellaneous
485738,Miscellaneous
485748,Restaurants
485785,Miscellaneous
485803,Pharmacy
485807,Specialized Healthcare
485834,Restaurants
485835,Miscellaneous
485837,Restaurants
485839,Fast Food
485840,Miscellaneous
485844,Restaurants
485866,Financial Services
485870,Miscellaneous
485891,Clothing & Apparel
485895,Construction & Contractors
485904,Hotels & Motels
485906,Specialty Food
485907,Restaurants
485912,Miscellaneous
485919,Sports & Recreation
485929,Miscellaneous
485941,Medical Offices
485953,Specialty Food
485962,Miscellaneous
485977,Specialty Food
485978,Health & Beauty
485979,Fast Food
485981,Miscellaneous
485995,Miscellaneous
485996,Restaurants
485998,Miscellaneous
485999,Miscellaneous
486020,Miscellaneous
486046,Hotels & Motels
486051,Restaurants
486053,Restaurants
486054,Miscellaneous
486064,Bars & Nightlife
486065,Health & Beauty
486073,Miscellaneous
486108,Bakery & Desserts
486116,Restaurants
486136,Health & Beauty
486139,Miscellaneous
486141,Health & Beauty
486219,Restaurants
486226,Miscellaneous
486241,Miscellaneous
486260,Bars & Nightlife
486281,Miscellaneous
486326,Bars & Nightlife
486330,Repair & Maintenance
486332,Health & Beauty
486342,Health & Beauty
486352,Restaurants
486353,Miscellaneous
486354,Specialty Food
486372,Health & Beauty
486373,Bakery & Desserts
486392,Hotels & Motels
486412,Specialty Food
486414,Miscellaneous
486447,Restaurants
486454,Miscellaneous
486469,Miscellaneous
486476,Miscellaneous
486492,Fast Food
486537,Miscellaneous
486540,Miscellaneous
486543,Restaurants
486548,Bars & Nightlife
486551,Miscellaneous
486553,Bakery & Desserts
486573,Miscellaneous
486670,Miscellaneous
486688,Miscellaneous
486707,Clothing & Apparel
486722,Legal Services
486751,Specialty Food
486754,Restaurants
486768,Miscellaneous
486775,Miscellaneous
486802,Clothing & Apparel
486804,Miscellaneous
486892,Specialty Retail
486912,Miscellaneous
486915,Restaurants
486937,Miscellaneous
486938,Restaurants
486939,Miscellaneous
486944,Restaurants
487001,Construction & Contractors
487006,Bars & Nightlife
487012,Schools
487025,Arts & Entertainment
487027,Medical Offices
487060,Restaurants
487065,Miscellaneous
487068,Miscellaneous
487091,Specialty Food
487094,Restaurants
487098,Arts & Entertainment
487100,Restaurants
487117,Miscellaneous
487144,Miscellaneous
487163,Pharmacy
487165,Miscellaneous
487180,Miscellaneous
487185,Miscellaneous
487228,Hotels & Motels
487231,Automotive Retail
487242,Financial Services
487274,Restaurants
487298,Restaurants
487316,Coffee & Tea
487327,Restaurants
487340,Restaurants
487346,Specialty Food
487361,Miscellaneous
487362,Miscellaneous
487378,Miscellaneous
487395,Financial Services
487421,Miscellaneous
487422,Miscellaneous
487423,Miscellaneous
487424,Coffee & Tea
487443,Real Estate
487465,Bakery & Desserts
487483,Miscellaneous
487489,Financial Services
487498,Automotive Retail
487504,Miscellaneous
487505,Miscellaneous
487506,Miscellaneous
487534,Miscellaneous
487538,Home & Garden
487547,Business Services
487561,Real Estate
487563,Miscellaneous
487569,Miscellaneous
487574,Restaurants
487582,Miscellaneous
487585,Coffee & Tea
487587,Miscellaneous
487589,Bars & Nightlife
487591,Miscellaneous
487592,Restaurants
487593,Miscellaneous
487594,Restaurants
487605,Miscellaneous
487626,Bars & Nightlife
487631,Hotels & Motels
487632,Telecommunications
487634,Restaurants
487645,Miscellaneous
487736,Specialty Food
487738,Miscellaneous
487765,Miscellaneous
487789,Miscellaneous
487791,Bakery & Desserts
487793,Miscellaneous
487797,Fitness & Recreation
487798,Miscellaneous
487806,Legal Services
487807,Travel Services
487831,Miscellaneous
487832,Miscellaneous
487835,Repair & Maintenance
487870,Construction & Contractors
487874,Miscellaneous
487877,Miscellaneous
487882,Fitness & Recreation
487883,Miscellaneous
487904,Miscellaneous
487906,Miscellaneous
487914,Repair & Maintenance
487935,Home & Garden
487961,Financial Services
487963,Cleaning Services
487977,Miscellaneous
487992,Restaurants
488000,Health & Beauty
488027,Miscellaneous
488089,Miscellaneous
488093,Medical Offices
488097,Miscellaneous
488131,Miscellaneous
488136,Plumbing & HVAC
488144,Miscellaneous
488145,Miscellaneous
488156,Miscellaneous
488172,Consulting
488185,Miscellaneous
488214,Restaurants
488236,Restaurants
488271,Miscellaneous
488275,Miscellaneous
488285,Miscellaneous
488291,Medical Offices
488306,Restaurants
488307,Miscellaneous
488315,Miscellaneous
488351,Miscellaneous
488356,Pet Services
488384,Bakery & Desserts
488404,Restaurants
488405,Construction & Contractors
488410,Restaurants
488438,Medical Offices
488466,Fitness & Recreation
488471,Home & Garden
488486,Miscellaneous
488500,Miscellaneous
488521,Miscellaneous
488527,Construction & Contractors
488573,Miscellaneous
488590,Miscellaneous
488609,Travel Services
488612,Miscellaneous
488614,Repair & Maintenance
488640,Coffee & Tea
488649,Coffee & Tea
488652,Financial Services
488696,Business Services
488704,Specialty Retail
488712,Business Services
488756,Miscellaneous
488757,Health & Beauty
488759,Miscellaneous
488762,Miscellaneous
488767,Schools
488805,Health & Beauty
488849,Restaurants
488852,Miscellaneous
488853,Miscellaneous
488862,Clothing & Apparel
488873,Cleaning Services
488912,Restaurants
488913,Miscellaneous
488934,Miscellaneous
488938,Miscellaneous
488989,Miscellaneous
489027,Business Services
489041,Miscellaneous
489050,Restaurants
489054,Specialty Food
489078,Miscellaneous
489137,Miscellaneous
489163,Miscellaneous
489167,Fast Food
489175,Miscellaneous
489187,Schools
489188,Legal Services
489238,Medical Offices
489245,Miscellaneous
489289,Miscellaneous
489305,Restaurants
489321,Miscellaneous
489340,Miscellaneous
489354,Dry Cleaning & Laundry
489360,Miscellaneous
489372,Bars & Nightlife
489373,Miscellaneous
489378,Miscellaneous
489380,Restaurants
489399,General Merchandise
489406,Real Estate
489409,Construction & Contractors
489436,Repair & Maintenance
489443,Miscellaneous
489466,Miscellaneous
489469,Miscellaneous
489470,Bars & Nightlife
489474,Legal Services
489491,Specialized Healthcare
489495,Miscellaneous
489498,Landscaping
489499,Schools
489505,Hotels & Motels
489521,Miscellaneous
489528,Arts & Entertainment
489540,Miscellaneous
489544,Miscellaneous
489560,Miscellaneous
489561,Miscellaneous
489576,Automotive Retail
489581,Miscellaneous
489588,Miscellaneous
489591,Real Estate
489607,Miscellaneous
489629,Miscellaneous
489632,Restaurants
489653,Pet Services
489658,Miscellaneous
489659,Legal Services
489674,Coffee & Tea
489691,Bars & Nightlife
489697,Fitness & Recreation
489708,Fitness & Recreation
489720,Financial Services
489723,Miscellaneous
489728,Miscellaneous
489734,Fitness & Recreation
489742,Miscellaneous
489760,Restaurants
489762,Bars & Nightlife
489775,Bars & Nightlife
489798,Miscellaneous
489814,Specialty Food
489817,Medical Offices
489820,Medical Offices
489821,Restaurants
489825,Miscellaneous
489861,Miscellaneous
489889,Miscellaneous
489898,Restaurants
489903,Bars & Nightlife
489908,Medical Offices
489917,Miscellaneous
489928,Childcare
489929,Schools
489955,Schools
489960,Miscellaneous
489975,Business Services
490049,Miscellaneous
490060,Specialty Retail
490062,Real Estate
490064,Restaurants
490068,Telecommunications
490099,Miscellaneous
490106,Bars & Nightlife
490111,Miscellaneous
490133,Miscellaneous
490147,Miscellaneous
490166,Towing & Roadside
490168,Miscellaneous
490177,Miscellaneous
490200,Miscellaneous
490201,Fitness & Recreation
490206,Health & Beauty
490218,Miscellaneous
490235,Miscellaneous
490239,Miscellaneous
490243,Miscellaneous
490245,Miscellaneous
490250,Restaurants
490277,Miscellaneous
490296,Miscellaneous
490308,Coffee & Tea
490316,Restaurants
490318,Miscellaneous
490319,Miscellaneous
490336,Clothing & Apparel
490337,Miscellaneous
490345,Restaurants
490361,Arts & Entertainment
490379,Clothing & Apparel
490399,Miscellaneous
490401,Cleaning Services
490412,Restaurants
490413,Miscellaneous
490424,Miscellaneous
490432,Miscellaneous
490438,Restaurants
490446,Repair & Maintenance
490453,Restaurants
490469,Health & Beauty
490471,Car Wash & Detailing
490478,Telecommunications
490481,Real Estate
490486,Legal Services
490536,Health & Beauty
490541,Repair & Maintenance
490545,Miscellaneous
490557,Miscellaneous
490560,Miscellaneous
490626,Miscellaneous
490639,Consulting
490652,Miscellaneous
490656,Restaurants
490661,Miscellaneous
490688,Miscellaneous
490719,Health & Beauty
490720,Miscellaneous
490748,Business Services
490750,Restaurants
490759,Fitness & Recreation
490779,Miscellaneous
490794,Miscellaneous
490801,Miscellaneous
490827,Miscellaneous
490841,Miscellaneous
490851,Health & Beauty
490872,Restaurants
490873,Miscellaneous
490876,Miscellaneous
490907,Home & Garden
490923,Miscellaneous
490928,Miscellaneous
490944,Medical Offices
490956,Fitness & Recreation
490993,Miscellaneous
491000,Financial Services
491001,Miscellaneous
491019,Miscellaneous
491022,Miscellaneous
491031,Fast Food
491032,Clothing & Apparel
491033,Miscellaneous
491040,Pharmacy
491049,Restaurants
491061,Dry Cleaning & Laundry
491066,Financial Services
491070,Miscellaneous
491076,Schools
491187,Miscellaneous
491197,Miscellaneous
491236,Financial Services
491238,Health & Beauty
491242,Miscellaneous
491243,Miscellaneous
491258,Restaurants
491263,Miscellaneous
491273,Dry Cleaning & Laundry
491301,Health & Beauty
491312,Bars & Nightlife
491316,Medical Offices
491331,Miscellaneous
491342,Miscellaneous
491349,Miscellaneous
491353,Repair & Maintenance
491372,Arts & Entertainment
491386,Miscellaneous
491403,Miscellaneous
491408,Miscellaneous
491419,Miscellaneous
491423,Miscellaneous
491426,Miscellaneous
491429,Miscellaneous
491435,General Merchandise
491436,Health & Beauty
491438,Miscellaneous
491451,Miscellaneous
491452,Restaurants
491462,Construction & Contractors
491468,Fitness & Recreation
491484,Miscellaneous
491488,Miscellaneous
491515,Miscellaneous
491547,Schools
491561,Fitness & Recreation
491568,Miscellaneous
491585,Restaurants
491598,Miscellaneous
491604,Financial Services
491611,Miscellaneous
491707,Construction & Contractors
491710,Miscellaneous
491721,Restaurants
491726,Miscellaneous
491728,Specialty Food
491763,Miscellaneous
491783,Restaurants
491804,Telecommunications
491806,Miscellaneous
491832,Bakery & Desserts
491837,Miscellaneous
491840,Bars & Nightlife
491850,Construction & Contractors
491856,Miscellaneous
491863,Coffee & Tea
491884,Restaurants
491903,Electrical
491905,Miscellaneous
491910,Bars & Nightlife
491912,Miscellaneous
491917,Miscellaneous
491920,Miscellaneous
491922,Miscellaneous
491927,Medical Offices
491928,Telecommunications
491933,Miscellaneous
491939,Schools
491994,Medical Offices
492031,Miscellaneous
492039,Restaurants
492041,Miscellaneous
492059,Fitness & Recreation
492063,Miscellaneous
492064,Miscellaneous
492072,Miscellaneous
492077,Miscellaneous
492084,Bars & Nightlife
492112,Miscellaneous
492143,Miscellaneous
492144,Travel Services
492159,Miscellaneous
492189,Miscellaneous
492232,Miscellaneous
492279,Miscellaneous
492289,Repair & Maintenance
492301,Business Services
492328,Miscellaneous
492329,Repair & Maintenance
492330,Restaurants
492346,Restaurants
492352,Miscellaneous
492370,Business Services
492375,Specialty Retail
492382,Medical Offices
492386,Sports & Recreation
492387,Miscellaneous
492397,Miscellaneous
492398,Miscellaneous
492399,General Merchandise
492419,Miscellaneous
492443,Miscellaneous
492469,Miscellaneous
492489,Health & Beauty
492500,Miscellaneous
492503,Health & Beauty
492513,Health & Beauty
492514,Sports & Recreation
492516,Miscellaneous
492519,Miscellaneous
492523,Miscellaneous
492532,Miscellaneous
492543,Miscellaneous
492565,Home & Garden
492570,Bars & Nightlife
492581,Miscellaneous
492609,Miscellaneous
492610,Miscellaneous
492663,Miscellaneous
492668,Clothing & Apparel
492683,Miscellaneous
492693,Miscellaneous
492703,Restaurants
492717,Restaurants
492753,Fitness & Recreation
492757,Miscellaneous
492761,Miscellaneous
492782,Restaurants
492791,Miscellaneous
492792,Telecommunications
492795,Health & Beauty
492802,Bars & Nightlife
492839,Miscellaneous
492844,Medical Offices
492863,Miscellaneous
492920,Specialty Food
492924,Medical Offices
492940,Repair & Maintenance
492943,Miscellaneous
492971,Miscellaneous
492990,Plumbing & HVAC
493013,Cleaning Services
493020,Restaurants
493024,Miscellaneous
493037,Miscellaneous
493069,Restaurants
493077,Miscellaneous
493091,Repair & Maintenance
493101,Automotive Retail
493115,Home & Garden
493129,General Merchandise
493138,Miscellaneous
493152,Fitness & Recreation
493166,Miscellaneous
493177,Repair & Maintenance
493178,Miscellaneous
493179,Cleaning Services
493195,Health & Beauty
493198,Miscellaneous
493229,Miscellaneous
493232,Miscellaneous
493235,Childcare
493246,Restaurants
493247,Schools
493248,Miscellaneous
493251,Miscellaneous
493259,Car Wash & Detailing
493279,Health & Beauty
493291,Miscellaneous
493333,Restaurants
493335,Construction & Contractors
493336,Miscellaneous
493340,Sports & Recreation
493341,Health & Beauty
493342,Miscellaneous
493344,Pet Services
493345,Miscellaneous
493347,Miscellaneous
493352,Miscellaneous
493354,Bars & Nightlife
493357,Miscellaneous
493361,Cleaning Services
493370,Miscellaneous
493384,Telecommunications
493391,Miscellaneous
493396,Restaurants
493399,Miscellaneous
493419,Restaurants
493431,Miscellaneous
493440,Miscellaneous
493442,Miscellaneous
493454,Miscellaneous
493498,Miscellaneous
493499,Miscellaneous
493502,Real Estate
493522,Schools
493528,Health & Beauty
493543,Miscellaneous
493548,Specialty Food
493552,Miscellaneous
493577,Events & Venues
493595,Restaurants
493612,Miscellaneous
493636,Miscellaneous
493639,Miscellaneous
493648,Miscellaneous
493675,Dry Cleaning & Laundry
493679,Hotels & Motels
493680,Real Estate
493683,Miscellaneous
493710,Miscellaneous
493712,Health & Beauty
493714,Bars & Nightlife
493744,Miscellaneous
493753,Miscellaneous
493767,Miscellaneous
493771,Miscellaneous
493786,Restaurants
493789,Automotive Retail
493803,Repair & Maintenance
493819,Miscellaneous
493820,Health & Beauty
493821,Restaurants
493822,Miscellaneous
493823,Health & Beauty
493831,Bars & Nightlife
493832,Clothing & Apparel
493849,Clothing & Apparel
493868,Health & Beauty
493870,Specialty Retail
493872,Health & Beauty
493885,Miscellaneous
493907,Pet Services
493918,Schools
493919,Bakery & Desserts
493936,Miscellaneous
493943,Restaurants
493991,Miscellaneous
494048,Miscellaneous
494073,Miscellaneous
494076,Coffee & Tea
494093,Miscellaneous
494102,Telecommunications
494111,Medical Offices
494115,Schools
494125,Telecommunications
494149,Specialty Food
494153,Health & Beauty
494161,Miscellaneous
494171,Miscellaneous
494203,Pharmacy
494213,Miscellaneous
494214,Miscellaneous
494245,Miscellaneous
494258,Miscellaneous
494285,Medical Offices
494298,Miscellaneous
494301,Restaurants
494316,Legal Services
494322,Miscellaneous
494381,Health & Beauty
494382,Miscellaneous
494394,Miscellaneous
494400,Schools
494401,Miscellaneous
494406,Schools
494409,Miscellaneous
494430,Financial Services
494431,Bakery & Desserts
494437,Miscellaneous
494450,Miscellaneous
494455,Restaurants
494468,Miscellaneous
494477,Pet Services
494478,Bars & Nightlife
494483,Health & Beauty
494494,Health & Beauty
494496,Restaurants
494498,Miscellaneous
494502,Fitness & Recreation
494505,Specialty Food
494512,Health & Beauty
494526,Business Services
494535,Miscellaneous
494538,Miscellaneous
494541,Hotels & Motels
494554,Repair & Maintenance
494560,Miscellaneous
494579,Restaurants
494584,Pet Services
494613,Restaurants
494621,Restaurants
494622,Bars & Nightlife
494653,Miscellaneous
494656,General Merchandise
494692,Miscellaneous
494707,Miscellaneous
494716,Legal Services
494733,Repair & Maintenance
494743,Financial Services
494754,Telecommunications
494759,Restaurants
494775,Real Estate
494788,Restaurants
494789,Medical Offices
494810,Miscellaneous
494829,Miscellaneous
494891,Miscellaneous
494897,Miscellaneous
494924,Fast Food
494949,Fitness & Recreation
494952,Miscellaneous
494953,Miscellaneous
494979,Bars & Nightlife
494982,Restaurants
494985,Miscellaneous
495017,Miscellaneous
495030,Financial Services
495032,Health & Beauty
495042,Clothing & Apparel
495088,Miscellaneous
495089,Coffee & Tea
495112,Miscellaneous
495115,Miscellaneous
495128,Miscellaneous
495133,Miscellaneous
495152,Medical Offices
495206,Construction & Contractors
495212,Miscellaneous
495222,Miscellaneous
495223,Financial Services
495228,Miscellaneous
495232,General Merchandise
495238,Miscellaneous
495271,Schools
495297,Financial Services
495302,Restaurants
495339,Construction & Contractors
495350,Restaurants
495352,Coffee & Tea
495383,Miscellaneous
495392,Miscellaneous
495397,Bars & Nightlife
495400,Schools
495408,Miscellaneous
495414,Pharmacy
495419,Miscellaneous
495436,Miscellaneous
495450,Medical Offices
495453,Real Estate
495509,Miscellaneous
495513,Fast Food
495527,Health & Beauty
495572,Miscellaneous
495585,Schools
495640,Miscellaneous
495686,IT Services
495691,Restaurants
495693,Business Services
495694,Miscellaneous
495711,Miscellaneous
495716,Miscellaneous
495741,Coffee & Tea
495773,Automotive Retail
495783,Health & Beauty
495796,Repair & Maintenance
495826,Miscellaneous
495834,Miscellaneous
495843,Miscellaneous
495857,Home & Garden
495868,Miscellaneous
495872,Fast Food
495877,Medical Offices
495885,Miscellaneous
495887,Miscellaneous
495897,Health & Beauty
495941,Specialty Food
495966,Health & Beauty
495984,Miscellaneous
495989,Miscellaneous
496023,Miscellaneous
496038,Health & Beauty
496050,Travel Services
496075,Restaurants
496093,Miscellaneous
496096,Miscellaneous
496099,Miscellaneous
496102,Miscellaneous
496103,Cleaning Services
496124,Miscellaneous
496125,Health & Beauty
496136,Restaurants
496140,Medical Offices
496146,Repair & Maintenance
496148,Health & Beauty
496150,Restaurants
496198,Miscellaneous
496207,Cleaning Services
496224,Miscellaneous
496234,Medical Offices
496237,Miscellaneous
496272,Bars & Nightlife
496306,Miscellaneous
496316,Miscellaneous
496330,Miscellaneous
496333,Fitness & Recreation
496336,Specialty Food
496346,Pet Services
496374,Schools
496375,Medical Offices
496394,Miscellaneous
496401,Real Estate
496413,Miscellaneous
496425,Fitness & Recreation
496432,Miscellaneous
496441,Miscellaneous
496455,Restaurants
496501,Repair & Maintenance
496502,Financial Services
496538,Hotels & Motels
496574,Plumbing & HVAC
496575,Health & Beauty
496587,Miscellaneous
496588,Miscellaneous
496589,Miscellaneous
496591,Restaurants
496611,Coffee & Tea
496620,Legal Services
496658,Miscellaneous
496665,Miscellaneous
496692,Bakery & Desserts
496694,Restaurants
496697,Automotive Retail
496712,Restaurants
496717,Clothing & Apparel
496719,Miscellaneous
496721,Pet Services
496725,Miscellaneous
496726,Health & Beauty
496738,Home & Garden
496773,Miscellaneous
496783,Pet Services
496786,Miscellaneous
496801,Miscellaneous
496828,Bakery & Desserts
496839,Telecommunications
496867,Automotive Retail
496873,Miscellaneous
496905,Health & Beauty
496906,Legal Services
496918,Miscellaneous
496923,Sports & Recreation
496945,Miscellaneous
496971,Miscellaneous
496973,Miscellaneous
496974,Miscellaneous
496987,Miscellaneous
497010,Miscellaneous
497025,Miscellaneous
497027,Construction & Contractors
497039,Restaurants
497044,Miscellaneous
497092,Miscellaneous
497093,Miscellaneous
497105,Fitness & Recreation
497111,Miscellaneous
497139,Medical Offices
497154,Schools
497155,Health & Beauty
497163,Repair & Maintenance
497172,Miscellaneous
497181,Restaurants
497197,Real Estate
497207,IT Services
497217,Miscellaneous
497219,Restaurants
497221,Miscellaneous
497229,Telecommunications
497243,Financial Services
497254,Events & Venues
497271,Restaurants
497280,Miscellaneous
497283,Clothing & Apparel
497289,Miscellaneous
497299,Health & Beauty
497301,Miscellaneous
497327,Miscellaneous
497340,Clothing & Apparel
497344,Miscellaneous
497378,Restaurants
497384,Miscellaneous
497393,Miscellaneous
497429,Construction & Contractors
497437,Miscellaneous
497438,Restaurants
497441,Travel Services
497465,Miscellaneous
497486,Miscellaneous
497487,Health & Beauty
497526,Miscellaneous
497533,Health & Beauty
497542,Miscellaneous
497565,Miscellaneous
497621,Miscellaneous
497630,Health & Beauty
497633,Miscellaneous
497634,Legal Services
497642,Miscellaneous
497655,Miscellaneous
497667,Specialty Food
497678,Construction & Contractors
497688,Miscellaneous
497718,Miscellaneous
497734,Miscellaneous
497767,Specialized Healthcare
497772,Repair & Maintenance
497812,Bars & Nightlife
497823,Miscellaneous
497825,Restaurants
497829,Specialty Food
497839,Miscellaneous
497844,Restaurants
497871,Restaurants
497886,Miscellaneous
497892,Health & Beauty
497929,Repair & Maintenance
497954,Medical Offices
497975,Miscellaneous
497978,Consulting
498001,Miscellaneous
498029,Telecommunications
498031,Automotive Retail
498046,Miscellaneous
498052,Miscellaneous
498056,Restaurants
498065,Miscellaneous
498102,Miscellaneous
498117,Miscellaneous
498138,Fitness & Recreation
498139,Miscellaneous
498140,Repair & Maintenance
498141,Miscellaneous
498162,Telecommunications
498185,Miscellaneous
498187,Miscellaneous
498192,Restaurants
498193,Miscellaneous
498194,Restaurants
498195,Health & Beauty
498199,Miscellaneous
498202,Health & Beauty
498220,Miscellaneous
498224,Car Wash & Detailing
498239,Miscellaneous
498295,Business Services
498321,Restaurants
498332,Miscellaneous
498356,Restaurants
498361,Restaurants
498429,Bakery & Desserts
498433,Health & Beauty
498459,Schools
498465,Fitness & Recreation
498466,Restaurants
498475,Miscellaneous
498477,Home & Garden
498482,Miscellaneous
498494,Restaurants
498497,Miscellaneous
498498,Miscellaneous
498501,Miscellaneous
498509,Miscellaneous
498520,Medical Offices
498534,Sports & Recreation
498560,Miscellaneous
498561,Restaurants
498562,Miscellaneous
498568,Miscellaneous
498582,Construction & Contractors
498597,Repair & Maintenance
498600,Miscellaneous
498611,Legal Services
498629,Hotels & Motels
498636,Miscellaneous
498641,Business Services
498644,Restaurants
498649,Fitness & Recreation
498666,Automotive Retail
498679,Real Estate
498701,Health & Beauty
498711,Miscellaneous
498723,Miscellaneous
498753,Miscellaneous
498780,Miscellaneous
498801,Miscellaneous
498837,Miscellaneous
498857,Specialty Food
498875,Miscellaneous
498945,Miscellaneous
498954,Health & Beauty
498957,Restaurants
498970,Miscellaneous
498977,Miscellaneous
498978,Bars & Nightlife
498999,Miscellaneous
499003,Miscellaneous
499012,Coffee & Tea
499028,Miscellaneous
499035,Miscellaneous
499037,Miscellaneous
499051,Miscellaneous
499053,Miscellaneous
499077,Miscellaneous
499126,Miscellaneous
499134,Miscellaneous
499141,Miscellaneous
499142,Telecommunications
499155,Miscellaneous
499162,Car Wash & Detailing
499174,Miscellaneous
499176,Health & Beauty
499194,Miscellaneous
499195,Miscellaneous
499209,Miscellaneous
499210,Restaurants
499216,Miscellaneous
499241,Miscellaneous
499252,Pharmacy
499277,Restaurants
499314,Restaurants
499328,Miscellaneous
499329,Specialty Food
499331,Miscellaneous
499332,Miscellaneous
499364,Hotels & Motels
499374,Specialty Food
499383,Restaurants
499384,Restaurants
499397,Restaurants
499436,Medical Offices
499443,Health & Beauty
499454,Repair & Maintenance
499466,Repair & Maintenance
499514,Real Estate
499519,Miscellaneous
499520,Automotive Retail
499521,Miscellaneous
499554,Miscellaneous
499558,Miscellaneous
499566,Coffee & Tea
499571,Miscellaneous
499579,Miscellaneous
499582,Miscellaneous
499603,Health & Beauty
499610,Miscellaneous
499613,Plumbing & HVAC
499623,Miscellaneous
499633,Miscellaneous
499660,Clothing & Apparel
499671,Health & Beauty
499682,Restaurants
499741,Automotive Retail
499743,Miscellaneous
499744,Miscellaneous
499779,Miscellaneous
499784,Miscellaneous
499785,Financial Services
499787,Fast Food
499810,Fast Food
499814,Business Services
499817,Miscellaneous
499820,Miscellaneous
499823,Restaurants
499839,Specialty Food
499877,Miscellaneous
499879,Miscellaneous
499888,Restaurants
499903,Bars & Nightlife
499905,Restaurants
499915,Miscellaneous
499928,Medical Offices
499932,Miscellaneous
499963,Automotive Retail
499964,Specialized Healthcare
499968,Restaurants
499974,Miscellaneous
499983,Miscellaneous
499999,Miscellaneous
500010,Repair & Maintenance
500015,Sports & Recreation
500019,Telecommunications
500021,Miscellaneous
500024,Miscellaneous
500025,Financial Services
500035,Health & Beauty
500038,Health & Beauty
500055,Miscellaneous
500056,Automotive Retail
500064,Bars & Nightlife
500108,Miscellaneous
500109,Miscellaneous
500188,Miscellaneous
500192,Restaurants
500208,Miscellaneous
500211,Plumbing & HVAC
500226,Miscellaneous
500249,Events & Venues
500254,Miscellaneous
500268,Restaurants
500271,Miscellaneous
500322,Miscellaneous
500328,Health & Beauty
500345,Miscellaneous
500350,Miscellaneous
500352,Bakery & Desserts
500354,Telecommunications
500373,Miscellaneous
500388,General Merchandise
500412,Medical Offices
500413,Telecommunications
500421,Bakery & Desserts
500422,Miscellaneous
500424,Miscellaneous
500425,Miscellaneous
500432,Miscellaneous
500438,Fitness & Recreation
500478,Miscellaneous
500516,Miscellaneous
500543,Financial Services
500556,Coffee & Tea
500560,Health & Beauty
500567,Miscellaneous
500574,Sports & Recreation
500587,Miscellaneous
500608,Miscellaneous
500616,Legal Services
500618,Legal Services
500630,Restaurants
500644,Miscellaneous
500659,Restaurants
500667,Restaurants
500685,Coffee & Tea
500698,Restaurants
500710,Miscellaneous
500719,Miscellaneous
500727,Miscellaneous
500728,Specialty Food
500752,Fitness & Recreation
500769,Pet Services
500787,Miscellaneous
500810,Miscellaneous
500822,Bars & Nightlife
500826,Miscellaneous
500849,Miscellaneous
500852,Miscellaneous
500854,Car Wash & Detailing
500865,Miscellaneous
500878,Restaurants
500889,Hotels & Motels
500890,Miscellaneous
500910,Specialty Food
500911,Restaurants
500912,Restaurants
500913,Coffee & Tea
500918,Miscellaneous
500930,Miscellaneous
500958,Home & Garden
500969,Restaurants
500972,Miscellaneous
500980,Legal Services
500996,Specialty Food
501030,Miscellaneous
501043,Restaurants
501079,Miscellaneous
501082,Miscellaneous
501086,Miscellaneous
501100,Miscellaneous
501103,Miscellaneous
501119,Restaurants
501121,Restaurants
501130,Specialty Food
501136,Pet Services
501146,Miscellaneous
501148,Health & Beauty
501151,Miscellaneous
501159,Health & Beauty
501169,Miscellaneous
501182,Medical Offices
501183,Miscellaneous
501190,Consulting
501195,Repair & Maintenance
501216,Miscellaneous
501250,Specialty Food
501261,Coffee & Tea
501267,Miscellaneous
501286,Miscellaneous
501287,Bakery & Desserts
501302,Bakery & Desserts
501309,Automotive Retail
501311,Miscellaneous
501322,Restaurants
501367,Automotive Retail
501369,Restaurants
501380,Financial Services
501385,Miscellaneous
501403,Miscellaneous
501420,Miscellaneous
501430,Specialty Food
501431,Miscellaneous
501435,Miscellaneous
501460,Miscellaneous
501461,Restaurants
501462,Restaurants
501464,Tutoring
501472,Miscellaneous
501473,Miscellaneous
501502,Miscellaneous
501521,Health & Beauty
501524,Fitness & Recreation
501536,Restaurants
501537,Miscellaneous
501539,Home & Garden
501545,Bakery & Desserts
501546,Restaurants
501547,Arts & Entertainment
501550,Health & Beauty
501551,Miscellaneous
501559,Restaurants
501560,Schools
501573,Bakery & Desserts
501579,General Merchandise
501581,Medical Offices
501583,Miscellaneous
501612,Miscellaneous
501630,Miscellaneous
501644,Medical Offices
501675,Restaurants
501676,Miscellaneous
501722,Miscellaneous
501751,Miscellaneous
501786,Health & Beauty
501791,Miscellaneous
501805,Health & Beauty
501827,Restaurants
501833,Restaurants
501885,Miscellaneous
501891,Medical Offices
501901,Bars & Nightlife
501931,Restaurants
501934,Restaurants
501935,Restaurants
501942,Automotive Retail
501953,Miscellaneous
501994,Restaurants
502038,Restaurants
502041,Miscellaneous
502052,Restaurants
502055,Miscellaneous
502060,Miscellaneous
502154,Restaurants
502177,Miscellaneous
502196,Specialty Food
502212,Miscellaneous
502215,Miscellaneous
502232,Bakery & Desserts
502233,Bars & Nightlife
502236,Miscellaneous
502264,Financial Services
502265,Miscellaneous
502292,Restaurants
502293,Health & Beauty
502301,Miscellaneous
502307,Health & Beauty
502342,Restaurants
502354,Arts & Entertainment
502357,Legal Services
502388,Health & Beauty
502391,Miscellaneous
502446,Hotels & Motels
502494,Miscellaneous
502504,Cleaning Services
502508,Miscellaneous
502509,Health & Beauty
502519,Arts & Entertainment
502526,Specialty Food
502527,Miscellaneous
502530,Restaurants
502567,Miscellaneous
502609,Restaurants
502617,Restaurants
502619,Medical Offices
502620,Miscellaneous
502630,Miscellaneous
502643,Repair & Maintenance
502658,Events & Venues
502659,Bakery & Desserts
502660,Miscellaneous
502664,Miscellaneous
502675,Miscellaneous
502677,Bars & Nightlife
502678,Miscellaneous
502699,Miscellaneous
502703,Miscellaneous
502743,Miscellaneous
502753,Hotels & Motels
502760,Miscellaneous
502783,Coffee & Tea
502800,Real Estate
502814,Miscellaneous
502820,Miscellaneous
502821,Miscellaneous
502827,Alternative Lodging
502850,Miscellaneous
502876,Miscellaneous
502892,Telecommunications
502900,Arts & Entertainment
502914,Sports & Recreation
502917,Miscellaneous
502942,Miscellaneous
502960,Fitness & Recreation
502996,Restaurants
503009,Coffee & Tea
503019,Miscellaneous
503023,Miscellaneous
503058,Miscellaneous
503066,Repair & Maintenance
503074,Miscellaneous
503093,Miscellaneous
503112,Miscellaneous
503134,Miscellaneous
503135,Miscellaneous
503139,Miscellaneous
503142,Miscellaneous
503143,Miscellaneous
503145,Miscellaneous
503152,Restaurants
503193,Miscellaneous
503215,Financial Services
503226,Restaurants
503231,Miscellaneous
503234,Miscellaneous
503235,Miscellaneous
503241,Coffee & Tea
503243,Clothing & Apparel
503282,Miscellaneous
503284,Car Wash & Detailing
503285,Miscellaneous
503288,Miscellaneous
503290,Miscellaneous
503292,Miscellaneous
503300,Miscellaneous
503302,Health & Beauty
503310,Telecommunications
503311,Automotive Retail
503337,General Merchandise
503338,Miscellaneous
503341,Arts & Entertainment
503358,Sports & Recreation
503365,Bars & Nightlife
503372,Car Wash & Detailing
503374,Restaurants
503377,Health & Beauty
503409,Miscellaneous
503411,Miscellaneous
503422,Hotels & Motels
503436,Health & Beauty
503445,Miscellaneous
503451,Specialty Food
503458,Hotels & Motels
503459,Restaurants
503470,Miscellaneous
503476,Restaurants
503479,Financial Services
503483,Restaurants
503489,General Merchandise
503516,Restaurants
503519,Specialty Food
503529,Miscellaneous
503531,Health & Beauty
503533,Miscellaneous
503534,Fitness & Recreation
503537,Specialized Healthcare
503541,Miscellaneous
503561,Miscellaneous
503575,Legal Services
503586,Coffee & Tea
503592,Miscellaneous
503593,Telecommunications
503613,Construction & Contractors
503637,Miscellaneous
503644,Specialized Healthcare
503654,Miscellaneous
503665,Miscellaneous
503676,Miscellaneous
503677,Schools
503681,Miscellaneous
503686,Consulting
503698,Miscellaneous
503702,Coffee & Tea
503706,Miscellaneous
503711,Telecommunications
503718,Miscellaneous
503734,Construction & Contractors
503796,Business Services
503801,Automotive Retail
503823,Miscellaneous
503850,Miscellaneous
503856,Car Wash & Detailing
503857,Repair & Maintenance
503877,Restaurants
503908,Miscellaneous
503919,Miscellaneous
503926,Miscellaneous
503935,Miscellaneous
503941,Miscellaneous
503963,Miscellaneous
503985,Consulting
503986,Automotive Retail
503991,Financial Services
504003,Miscellaneous
504008,Specialty Food
504014,Specialized Healthcare
504026,Miscellaneous
504066,Miscellaneous
504100,Specialized Healthcare
504123,Miscellaneous
504137,Miscellaneous
504149,Miscellaneous
504181,Clothing & Apparel
504185,Repair & Maintenance
504190,Events & Venues
504200,Miscellaneous
504214,Miscellaneous
504217,Miscellaneous
504238,Health & Beauty
504250,Miscellaneous
504251,Financial Services
504256,Hotels & Motels
504287,Miscellaneous
504303,Miscellaneous
504317,Miscellaneous
504318,Restaurants
504361,Miscellaneous
504362,Miscellaneous
504364,Miscellaneous
504367,Miscellaneous
504381,Consulting
504391,Miscellaneous
504398,Real Estate
504432,Miscellaneous
504434,Restaurants
504447,Miscellaneous
504453,Consulting
504479,Miscellaneous
504486,Miscellaneous
504499,Miscellaneous
504501,Miscellaneous
504504,Miscellaneous
504525,Miscellaneous
504551,Miscellaneous
504555,Miscellaneous
504556,Miscellaneous
504559,Specialty Retail
504568,Miscellaneous
504569,Restaurants
504599,Health & Beauty
504614,Miscellaneous
504629,Miscellaneous
504645,Restaurants
504669,Medical Offices
504684,Specialty Food
504707,Bars & Nightlife
504726,IT Services
504738,Miscellaneous
504770,Towing & Roadside
504826,Miscellaneous
504828,Health & Beauty
504839,Legal Services
504854,Miscellaneous
504893,Financial Services
504903,Restaurants
504906,Bars & Nightlife
504938,Miscellaneous
504975,Miscellaneous
504976,Pharmacy
504983,Coffee & Tea
505005,Miscellaneous
505011,Miscellaneous
505014,General Merchandise
505016,Miscellaneous
505019,Plumbing & HVAC
505020,Miscellaneous
505040,Fast Food
505051,Miscellaneous
505056,Health & Beauty
505064,Miscellaneous
505112,Sports & Recreation
505135,Health & Beauty
505145,Restaurants
505158,Health & Beauty
505167,Miscellaneous
505176,Miscellaneous
505185,Restaurants
505194,Health & Beauty
505216,Miscellaneous
505217,Miscellaneous
505230,Miscellaneous
505300,Fitness & Recreation
505326,Financial Services
505347,Miscellaneous
505377,Sports & Recreation
505398,Miscellaneous
505410,Miscellaneous
505414,Miscellaneous
505429,Miscellaneous
505437,Bars & Nightlife
505441,Medical Offices
505446,Miscellaneous
505465,Coffee & Tea
505474,Specialty Retail
505478,Miscellaneous
505481,Pet Services
505487,Miscellaneous
505496,Real Estate
505502,Legal Services
505506,Miscellaneous
505529,Clothing & Apparel
505556,Miscellaneous
505563,Fitness & Recreation
505566,Legal Services
505571,Miscellaneous
505572,Financial Services
505585,Cleaning Services
505606,Financial Services
505632,Miscellaneous
505658,Legal Services
505670,Fitness & Recreation
505684,Miscellaneous
505716,Miscellaneous
505718,Miscellaneous
505744,Miscellaneous
505763,Miscellaneous
505778,Health & Beauty
505791,Pet Services
505797,Miscellaneous
505802,Miscellaneous
505807,Fitness & Recreation
505850,Miscellaneous
505887,Real Estate
505909,Construction & Contractors
505973,Miscellaneous
505978,Real Estate
506002,Miscellaneous
506008,Miscellaneous
506033,Health & Beauty
506039,Miscellaneous
506043,Miscellaneous
506090,Health & Beauty
506102,Miscellaneous
506133,Miscellaneous
506152,Restaurants
506162,Miscellaneous
506175,Repair & Maintenance
506179,Miscellaneous
506217,Miscellaneous
506239,Miscellaneous
506242,Miscellaneous
506262,Medical Offices
506268,Towing & Roadside
506278,Financial Services
506295,Miscellaneous
506296,Miscellaneous
506318,Miscellaneous
506319,Miscellaneous
506321,Miscellaneous
506323,Construction & Contractors
506325,Miscellaneous
506330,Miscellaneous
506336,Events & Venues
506337,Miscellaneous
506361,Miscellaneous
506369,Pet Services
506373,Plumbing & HVAC
506399,Restaurants
506406,Miscellaneous
506415,Health & Beauty
506420,Miscellaneous
506426,Miscellaneous
506428,Health & Beauty
506441,Miscellaneous
506473,Schools
506478,Automotive Retail
506494,Health & Beauty
506511,Miscellaneous
506512,Miscellaneous
506546,Miscellaneous
506551,Travel Services
506559,Miscellaneous
506561,Miscellaneous
506596,Miscellaneous
506606,Specialty Retail
506624,Miscellaneous
506626,Miscellaneous
506651,Miscellaneous
506667,Miscellaneous
506671,Miscellaneous
506690,Restaurants
506700,Miscellaneous
506757,Financial Services
506786,Pet Services
506796,Bars & Nightlife
506798,Miscellaneous
506824,Miscellaneous
506832,Miscellaneous
506836,Specialty Retail
506842,Miscellaneous
506850,Miscellaneous
506860,Specialized Healthcare
506866,Miscellaneous
506876,Schools
506894,Legal Services
506895,Miscellaneous
506902,Health & Beauty
506919,Pharmacy
506979,Miscellaneous
506985,Specialized Healthcare
506992,Medical Offices
506995,Coffee & Tea
507050,Miscellaneous
507064,Miscellaneous
507072,Financial Services
507077,Miscellaneous
507079,Restaurants
507085,Fast Food
507112,Miscellaneous
507121,Repair & Maintenance
507151,Legal Services
507163,Health & Beauty
507182,Sports & Recreation
507192,Miscellaneous
507207,Business Services
507246,Miscellaneous
507294,Fitness & Recreation
507296,Business Services
507331,Miscellaneous
507347,Miscellaneous
507348,Miscellaneous
507365,Miscellaneous
507383,Miscellaneous
507392,Financial Services
507412,Miscellaneous
507431,Restaurants
507478,Miscellaneous
507489,Childcare
507490,Financial Services
507493,Miscellaneous
507514,Miscellaneous
507524,Miscellaneous
507528,Miscellaneous
507560,Cleaning Services
507562,Fitness & Recreation
507569,Repair & Maintenance
507588,Specialty Food
507610,Miscellaneous
507622,Health & Beauty
507656,Miscellaneous
507658,Clothing & Apparel
507700,Restaurants
507726,Specialized Healthcare
507735,Legal Services
507738,Miscellaneous
507742,Bakery & Desserts
507743,Sports & Recreation
507763,Miscellaneous
507764,Miscellaneous
507790,Miscellaneous
507802,Restaurants
507825,Miscellaneous
507836,Schools
507841,Medical Offices
507858,Medical Offices
507859,Bars & Nightlife
507868,Miscellaneous
507871,Restaurants
507936,Miscellaneous
507938,Restaurants
507944,Restaurants
507952,Miscellaneous
507963,Health & Beauty
507982,Miscellaneous
507986,Miscellaneous
508009,Miscellaneous
508013,Restaurants
508016,Pharmacy
508057,Miscellaneous
508068,Health & Beauty
508072,Miscellaneous
508074,Financial Services
508080,Telecommunications
508125,Home & Garden
508128,Miscellaneous
508143,Miscellaneous
508149,Miscellaneous
508157,Miscellaneous
508161,Miscellaneous
508173,Miscellaneous
508201,Health & Beauty
508203,Miscellaneous
508243,Miscellaneous
508247,Clothing & Apparel
508265,Financial Services
508273,Miscellaneous
508329,Clothing & Apparel
508340,Restaurants
508373,Construction & Contractors
508376,Miscellaneous
508401,Miscellaneous
508417,Miscellaneous
508423,Miscellaneous
508427,Restaurants
508436,Miscellaneous
508458,Miscellaneous
508463,Bakery & Desserts
508492,Health & Beauty
508499,Miscellaneous
508500,Fitness & Recreation
508504,Miscellaneous
508521,Miscellaneous
508527,Specialty Retail
508568,Restaurants
508585,Automotive Retail
508586,Miscellaneous
508591,Health & Beauty
508594,Miscellaneous
508595,Home & Garden
508596,Bars & Nightlife
508597,Miscellaneous
508603,Business Services
508616,Tutoring
508622,Miscellaneous
508637,Medical Offices
508648,Financial Services
508665,Miscellaneous
508676,Miscellaneous
508696,Fitness & Recreation
508704,Financial Services
508710,Pet Services
508720,Miscellaneous
508733,Construction & Contractors
508742,Miscellaneous
508743,Miscellaneous
508759,Automotive Retail
508782,Hotels & Motels
508783,Miscellaneous
508788,Miscellaneous
508790,Bakery & Desserts
508797,Miscellaneous
508798,Miscellaneous
508824,Bakery & Desserts
508830,Specialty Retail
508846,Miscellaneous
508853,Restaurants
508854,Miscellaneous
508855,Specialized Healthcare
508856,Legal Services
508862,Arts & Entertainment
508867,Health & Beauty
508881,Miscellaneous
508916,Restaurants
508935,Clothing & Apparel
508985,Miscellaneous
508990,Medical Offices
509013,Health & Beauty
509048,Miscellaneous
509129,Medical Offices
509132,Towing & Roadside
509149,Miscellaneous
509174,Clothing & Apparel
509178,Clothing & Apparel
509183,Miscellaneous
509215,Financial Services
509218,Miscellaneous
509221,Specialty Food
509249,Coffee & Tea
509250,Miscellaneous
509252,Fitness & Recreation
509263,Miscellaneous
509266,Miscellaneous
509290,Miscellaneous
509350,Health & Beauty
509355,Hotels & Motels
509377,Clothing & Apparel
509399,Miscellaneous
509400,Bakery & Desserts
509403,Restaurants
509416,Real Estate
509424,Coffee & Tea
509432,Miscellaneous
509439,Miscellaneous
509441,Health & Beauty
509446,Telecommunications
509470,Bars & Nightlife
509502,Miscellaneous
509504,Bakery & Desserts
509512,Miscellaneous
509517,Arts & Entertainment
509519,Repair & Maintenance
509525,Pharmacy
509529,Plumbing & HVAC
509531,Miscellaneous
509533,Pet Services
509570,Schools
509606,Fitness & Recreation
509616,Health & Beauty
509621,Miscellaneous
509632,Miscellaneous
509635,Financial Services
509659,Bars & Nightlife
509670,Miscellaneous
509679,Repair & Maintenance
509681,Repair & Maintenance
509714,Miscellaneous
509753,Fitness & Recreation
509755,Miscellaneous
509759,Miscellaneous
509761,Miscellaneous
509783,Restaurants
509799,Clothing & Apparel
509817,Miscellaneous
509838,Specialized Healthcare
509842,Miscellaneous
509859,Miscellaneous
509865,Restaurants
509883,Cleaning Services
509927,Miscellaneous
509945,Events & Venues
509948,Coffee & Tea
509966,Miscellaneous
510001,Miscellaneous
510016,Coffee & Tea
510053,Fast Food
510062,Fast Food
510078,Pharmacy
510079,Miscellaneous
510118,Miscellaneous
510119,Miscellaneous
510124,Miscellaneous
510187,Miscellaneous
510203,Repair & Maintenance
510233,Miscellaneous
510247,Health & Beauty
510248,Automotive Retail
510250,Clothing & Apparel
510259,Miscellaneous
510285,Miscellaneous
510286,Miscellaneous
510326,Miscellaneous
510348,Health & Beauty
510349,Miscellaneous
510385,Miscellaneous
510406,Miscellaneous
510429,Miscellaneous
510433,Home & Garden
510444,Construction & Contractors
510445,Real Estate
510448,Miscellaneous
510451,Fitness & Recreation
510479,Events & Venues
510518,Plumbing & HVAC
510523,General Merchandise
510537,Restaurants
510559,Schools
510562,Bars & Nightlife
510576,Specialty Food
510593,Health & Beauty
510641,Miscellaneous
510644,Miscellaneous
510656,Travel Services
510672,Restaurants
510684,Miscellaneous
510686,Pet Services
510687,Repair & Maintenance
510693,Miscellaneous
510719,Bars & Nightlife
510729,Miscellaneous
510751,Schools
510771,Restaurants
510787,Miscellaneous
510813,Repair & Maintenance
510827,Dry Cleaning & Laundry
510837,Financial Services
510845,Miscellaneous
510865,Restaurants
510874,Telecommunications
510887,Miscellaneous
510899,Miscellaneous
510912,Coffee & Tea
510913,Medical Offices
510925,Bakery & Desserts
510969,Coffee & Tea
510980,Health & Beauty
510981,Miscellaneous
510996,Travel Services
511009,Pet Services
511016,Miscellaneous
511018,Towing & Roadside
511029,Clothing & Apparel
511044,Miscellaneous
511072,Miscellaneous
511078,Bars & Nightlife
511093,Health & Beauty
511144,Miscellaneous
511161,Bakery & Desserts
511165,Specialty Retail
511168,Health & Beauty
511184,Miscellaneous
511190,Miscellaneous
511192,Miscellaneous
511214,Restaurants
511244,Restaurants
511249,Miscellaneous
511261,Miscellaneous
511272,Miscellaneous
511280,Specialty Food
511304,Miscellaneous
511305,Miscellaneous
511327,Health & Beauty
511334,Medical Offices
511350,Miscellaneous
511361,Miscellaneous
511385,Construction & Contractors
511386,Health & Beauty
511403,Miscellaneous
511404,Miscellaneous
511405,Specialty Retail
511408,Cleaning Services
511412,Repair & Maintenance
511415,Bars & Nightlife
511422,Bakery & Desserts
511424,Miscellaneous
511432,Miscellaneous
511436,Miscellaneous
511437,Restaurants
511446,Bars & Nightlife
511451,Medical Offices
511457,Miscellaneous
511459,Miscellaneous
511475,Miscellaneous
511477,Restaurants
511494,Restaurants
511520,Restaurants
511525,Miscellaneous
511567,Construction & Contractors
511577,Clothing & Apparel
511596,Bars & Nightlife
511604,Restaurants
511605,Repair & Maintenance
511607,Miscellaneous
511608,Miscellaneous
511620,Miscellaneous
511645,Miscellaneous
511686,Clothing & Apparel
511687,Miscellaneous
511692,Miscellaneous
511707,Hotels & Motels
511733,Pet Services
511734,Miscellaneous
511800,Restaurants
511806,Miscellaneous
511814,Miscellaneous
511818,Health & Beauty
511826,Financial Services
511827,Electrical
511851,Miscellaneous
511853,Health & Beauty
511854,Miscellaneous
511862,Bars & Nightlife
511876,Miscellaneous
511885,Legal Services
511897,Miscellaneous
511927,Financial Services
511932,Miscellaneous
511943,Miscellaneous
511964,Repair & Maintenance
511972,Miscellaneous
512006,Miscellaneous
512026,Miscellaneous
512039,Miscellaneous
512047,Fitness & Recreation
512056,Financial Services
512057,Dry Cleaning & Laundry
512065,Health & Beauty
512075,Repair & Maintenance
512124,Health & Beauty
512126,Miscellaneous
512172,Miscellaneous
512189,Miscellaneous
512200,Construction & Contractors
512214,Miscellaneous
512228,Miscellaneous
512229,Miscellaneous
512237,Miscellaneous
512252,Miscellaneous
512256,Clothing & Apparel
512258,Miscellaneous
512261,Bars & Nightlife
512264,Miscellaneous
512267,Repair & Maintenance
512272,Specialty Retail
512273,Miscellaneous
512277,Miscellaneous
512280,Specialty Food
512294,Financial Services
512449,Real Estate
512464,Miscellaneous
512471,Restaurants
512483,Business Services
512494,Miscellaneous
512501,Miscellaneous
512526,Miscellaneous
512527,Specialty Food
512535,Coffee & Tea
512539,Telecommunications
512558,Arts & Entertainment
512584,Miscellaneous
512588,Miscellaneous
512605,Miscellaneous
512645,Health & Beauty
512676,Miscellaneous
512690,Health & Beauty
512706,Legal Services
512728,Miscellaneous
512729,Miscellaneous
512730,Miscellaneous
512745,Miscellaneous
512748,Miscellaneous
512751,Clothing & Apparel
512752,Clothing & Apparel
512759,Health & Beauty
512772,Miscellaneous
512815,Miscellaneous
512825,Miscellaneous
512837,Miscellaneous
512873,Mental Health
512893,Telecommunications
512907,Miscellaneous
512928,Restaurants
512933,Miscellaneous
512935,Miscellaneous
512940,Miscellaneous
512944,Miscellaneous
512948,Miscellaneous
512972,Medical Offices
512974,Coffee & Tea
512984,Health & Beauty
512998,Health & Beauty
513014,Fitness & Recreation
513021,Miscellaneous
513038,Miscellaneous
513060,Consulting
513105,Bars & Nightlife
513114,Miscellaneous
513115,Medical Offices
513130,Bars & Nightlife
513132,Miscellaneous
513146,Financial Services
513158,Bars & Nightlife
513171,Medical Offices
513175,Miscellaneous
513181,Repair & Maintenance
513189,Miscellaneous
513196,Miscellaneous
513227,Bars & Nightlife
513234,Financial Services
513239,Arts & Entertainment
513265,Hotels & Motels
513268,Bars & Nightlife
513273,Bars & Nightlife
513278,Miscellaneous
513283,Miscellaneous
513286,Coffee & Tea
513291,Schools
513299,Automotive Retail
513317,Miscellaneous
513342,Miscellaneous
513360,Repair & Maintenance
513365,Miscellaneous
513394,Miscellaneous
513405,Legal Services
513406,Repair & Maintenance
513410,Miscellaneous
513413,Miscellaneous
513421,Miscellaneous
513437,Miscellaneous
513442,Car Wash & Detailing
513482,Restaurants
513487,Restaurants
513497,Financial Services
513498,Home & Garden
513522,Health & Beauty
513548,Plumbing & HVAC
513604,Specialty Food
513623,Miscellaneous
513630,Health & Beauty
513688,Health & Beauty
513689,Miscellaneous
513690,Miscellaneous
513698,Automotive Retail
513701,Legal Services
513708,Specialty Food
513715,Miscellaneous
513718,Miscellaneous
513720,Miscellaneous
513737,Restaurants
513741,Miscellaneous
513776,Miscellaneous
513800,Miscellaneous
513805,Miscellaneous
513810,Restaurants
513841,Miscellaneous
513868,Sports & Recreation
513871,Miscellaneous
513882,Restaurants
513884,Miscellaneous
513899,Restaurants
513919,Miscellaneous
513928,Automotive Retail
513930,Health & Beauty
513938,Miscellaneous
513952,Bars & Nightlife
513980,Bakery & Desserts
513986,Miscellaneous
513993,Miscellaneous
514002,Sports & Recreation
514027,Specialty Retail
514034,Miscellaneous
514050,Bars & Nightlife
514066,Health & Beauty
514076,Miscellaneous
514077,Miscellaneous
514095,Miscellaneous
514125,Miscellaneous
514141,Coffee & Tea
514152,Construction & Contractors
514163,Restaurants
514164,Health & Beauty
514176,Miscellaneous
514184,Restaurants
514186,Pet Services
514217,Miscellaneous
514235,Restaurants
514258,Medical Offices
514267,Car Wash & Detailing
514288,Health & Beauty
514363,Specialty Food
514369,Mental Health
514378,Miscellaneous
514383,Restaurants
514411,Miscellaneous
514412,Coffee & Tea
514418,Miscellaneous
514430,Financial Services
514451,Miscellaneous
514480,Clothing & Apparel
514485,Miscellaneous
514490,Hotels & Motels
514493,Restaurants
514512,Miscellaneous
514560,Miscellaneous
514564,Miscellaneous
514574,Repair & Maintenance
514590,Bars & Nightlife
514594,Restaurants
514614,Miscellaneous
514632,Miscellaneous
514641,Coffee & Tea
514659,Home & Garden
514661,Miscellaneous
514662,Health & Beauty
514672,Restaurants
514673,Coffee & Tea
514713,Miscellaneous
514723,Pharmacy
514733,Legal Services
514740,Miscellaneous
514754,Repair & Maintenance
514784,Miscellaneous
514787,Miscellaneous
514803,Telecommunications
514849,Specialized Healthcare
514853,Restaurants
514868,Miscellaneous
514876,Construction & Contractors
514878,Bars & Nightlife
514891,Miscellaneous
514894,Car Wash & Detailing
514903,Miscellaneous
514944,Bars & Nightlife
514946,Miscellaneous
514966,Miscellaneous
515013,Miscellaneous
515019,Miscellaneous
515054,Clothing & Apparel
515060,Restaurants
515061,Telecommunications
515081,Miscellaneous
515092,Miscellaneous
515130,Health & Beauty
515136,Fast Food
515149,Restaurants
515183,Miscellaneous
515225,Restaurants
515238,Restaurants
515248,Bars & Nightlife
515253,Miscellaneous
515254,Miscellaneous
515361,General Merchandise
515371,Restaurants
515386,Restaurants
515401,Real Estate
515452,Miscellaneous
515476,Clothing & Apparel
515510,Miscellaneous
515574,Miscellaneous
515589,Miscellaneous
515623,Automotive Retail
515624,Miscellaneous
515654,Miscellaneous
515656,Health & Beauty
515658,Health & Beauty
515661,Miscellaneous
515662,Miscellaneous
515688,Pet Services
515717,Bars & Nightlife
515732,Pet Services
515760,Restaurants
515764,Schools
515786,Miscellaneous
515797,Miscellaneous
515800,Arts & Entertainment
515802,Miscellaneous
515807,Miscellaneous
515823,Car Wash & Detailing
515840,Car Wash & Detailing
515842,General Merchandise
515844,Coffee & Tea
515860,Fast Food
515921,Bakery & Desserts
515940,Specialty Food
515946,Miscellaneous
515948,Miscellaneous
515949,Miscellaneous
515967,Miscellaneous
515968,Miscellaneous
515969,Miscellaneous
515970,Miscellaneous
515971,Miscellaneous
515972,Miscellaneous
515973,Miscellaneous
515974,Miscellaneous
515975,Miscellaneous
515976,Miscellaneous
515978,Miscellaneous
515979,Miscellaneous
515980,Miscellaneous
515981,Miscellaneous
515982,Miscellaneous
515983,Miscellaneous
515984,Miscellaneous
515985,Miscellaneous
515986,Miscellaneous
515987,Miscellaneous
515988,Miscellaneous
